PriceID,CompanyID,DateID,OpenPrice,HighPrice,LowPrice,ClosePrice,AdjustedClose,Volume,CreatedAt
21,1,53,78480.0,79968.0,76333.0,76875.0,,1150890,2026-02-21 14:44:36.646666
22,1,54,77650.0,79949.0,76380.0,78564.0,,1088265,2026-02-21 14:44:36.646666
42,2,74,31700.0,32641.0,31675.0,32428.0,,2801260,2026-02-21 14:44:37.810000
43,2,53,32400.0,32675.0,31944.0,32450.0,,3391619,2026-02-21 14:44:37.810000
44,2,54,32365.0,32460.0,31939.0,32003.0,,2287545,2026-02-21 14:44:37.810000
63,3,93,89500.0,89750.0,88200.0,89203.0,,1346542,2026-02-21 14:44:38.826666
64,3,74,89800.0,91555.0,89488.0,91555.0,,2071224,2026-02-21 14:44:38.826666
65,3,53,91900.0,91950.0,90105.0,90500.0,,2016925,2026-02-21 14:44:38.826666
66,3,54,89134.0,90103.0,88882.0,89917.0,,2135976,2026-02-21 14:44:38.830000
89,1,112,74899.0,74999.0,72914.0,72914.0,,553498,2026-02-21 14:48:47.360000
90,1,113,73989.0,75024.0,72295.0,74160.0,,465593,2026-02-21 14:48:47.373333
91,1,114,74200.0,76408.0,74136.0,75982.0,,606283,2026-02-21 14:48:47.470000
92,1,115,75642.0,76500.0,74550.0,75449.0,,451964,2026-02-21 14:48:47.483333
93,1,116,75700.0,77687.0,75669.0,76345.0,,411665,2026-02-21 14:48:47.483333
94,1,117,77600.0,79280.0,77452.0,77984.0,,1191879,2026-02-21 14:48:47.483333
95,1,118,76345.0,76459.0,73499.0,74636.0,,1062987,2026-02-21 14:48:47.486666
96,1,119,75800.0,75800.0,71669.0,74580.0,,1557862,2026-02-21 14:48:47.490000
97,1,120,75330.0,79398.0,75269.0,78893.0,,1508702,2026-02-21 14:48:47.493333
98,1,121,80000.0,82240.0,79969.0,79969.0,,1457216,2026-02-21 14:48:47.496666
99,1,122,77201.0,78456.0,75000.0,76067.0,,1059079,2026-02-21 14:48:47.496666
100,1,123,74448.0,75976.0,73459.0,74884.0,,615117,2026-02-21 14:48:47.500000
101,1,124,76972.0,76972.0,73826.0,75983.0,,529350,2026-02-21 14:48:47.500000
102,1,125,76000.0,78501.48,75479.0,77823.0,,1301054,2026-02-21 14:48:47.500000
103,1,126,78120.0,80364.0,77760.0,79793.0,,1250463,2026-02-21 14:48:47.500000
104,1,127,78945.0,81090.0,78945.0,79261.0,,1147801,2026-02-21 14:48:47.503333
105,1,128,78750.0,79173.0,76220.0,77760.0,,597407,2026-02-21 14:48:47.506666
106,1,129,78759.0,78759.0,76501.0,77120.0,,496389,2026-02-21 14:48:47.510000
107,1,93,77759.0,79000.0,74701.0,74762.0,,503265,2026-02-21 14:48:47.510000
108,1,74,75735.0,78990.0,75735.0,78675.0,,1193866,2026-02-21 14:48:47.513333
109,2,112,28900.0,29975.0,28868.0,29621.0,,2368469,2026-02-21 14:48:47.926666
110,2,113,29652.0,29893.0,29215.0,29584.0,,1600322,2026-02-21 14:48:47.930000
111,2,114,29620.0,29891.0,29312.0,29800.0,,2212740,2026-02-21 14:48:47.933333
112,2,115,29900.0,30428.0,29866.0,30010.0,,3496937,2026-02-21 14:48:47.933333
113,2,116,30010.0,30187.0,29456.0,29669.0,,2096850,2026-02-21 14:48:47.933333
114,2,117,29596.0,30252.0,29596.0,29896.0,,2828684,2026-02-21 14:48:47.936666
115,2,118,29817.0,30494.0,29514.0,29873.0,,4779719,2026-02-21 14:48:47.936666
116,2,119,29799.0,30810.0,29096.0,30644.0,,3687277,2026-02-21 14:48:47.936666
117,2,120,30818.0,31225.0,30590.0,30955.0,,4563709,2026-02-21 14:48:47.936666
118,2,121,31006.0,31095.0,30598.0,30845.0,,2171396,2026-02-21 14:48:47.940000
119,2,122,30700.0,31005.0,30490.0,31005.0,,2070228,2026-02-21 14:48:47.940000
120,2,123,31200.0,31200.0,30606.0,30944.0,,2308708,2026-02-21 14:48:47.940000
121,2,124,31490.0,31490.0,30668.0,30887.0,,1601776,2026-02-21 14:48:47.943333
122,2,125,30999.0,31360.0,30664.0,31227.0,,2136222,2026-02-21 14:48:47.943333
123,2,126,31000.0,31260.0,30830.0,31215.0,,3105077,2026-02-21 14:48:47.943333
124,2,127,31499.0,31499.0,30873.0,31377.0,,1933309,2026-02-21 14:48:47.946666
125,2,128,31249.0,31731.0,31005.0,31372.0,,2912526,2026-02-21 14:48:47.946666
126,2,129,31322.0,31775.0,31259.0,31552.0,,1469748,2026-02-21 14:48:47.946666
127,2,93,31200.0,31833.0,31200.0,31748.0,,2328762,2026-02-21 14:48:47.946666
128,3,112,101800.0,103810.0,100966.0,102917.0,,2204539,2026-02-21 14:48:48.320000
129,3,113,102200.0,102809.0,101536.0,102304.0,,1721451,2026-02-21 14:48:48.323333
130,3,114,102611.0,103055.0,100849.0,101012.0,,1779720,2026-02-21 14:48:48.323333
131,3,115,102419.0,104237.0,102419.0,103797.0,,1905045,2026-02-21 14:48:48.326666
132,3,116,105450.0,105746.0,103133.0,103183.0,,1529549,2026-02-21 14:48:48.326666
133,3,117,102001.0,104336.0,102001.0,102210.0,,1319340,2026-02-21 14:48:48.330000
134,3,118,101041.0,102091.0,99150.0,99150.0,,2735894,2026-02-21 14:48:48.330000
135,3,119,96340.0,99642.0,94733.0,99000.0,,2038403,2026-02-21 14:48:48.330000
136,3,120,97700.0,98315.0,96686.0,97219.0,,2822939,2026-02-21 14:48:48.330000
137,3,121,95800.0,95996.0,93680.0,93680.0,,2709434,2026-02-21 14:48:48.333333
138,3,122,94300.0,95990.0,93900.0,94166.0,,2565010,2026-02-21 14:48:48.333333
139,3,123,94166.0,96672.0,94021.0,95719.0,,2288102,2026-02-21 14:48:48.333333
140,3,124,97950.0,97950.0,94713.0,95382.0,,1878869,2026-02-21 14:48:48.336666
141,3,125,94795.0,95496.0,92512.0,92750.0,,2119400,2026-02-21 14:48:48.336666
142,3,126,93390.0,93390.0,90181.0,90580.0,,2992881,2026-02-21 14:48:48.340000
143,3,127,88990.0,91478.0,88000.0,90609.0,,2109379,2026-02-21 14:48:48.343333
144,3,128,90600.0,91994.0,88724.0,89120.0,,1843545,2026-02-21 14:48:48.343333
145,3,129,89300.0,90648.0,89300.0,89692.0,,1467379,2026-02-21 14:48:48.343333
146,4,112,17441.0,18664.0,17242.0,18350.0,,5421055,2026-02-21 14:48:48.720000
147,4,113,18121.0,18427.0,17568.0,17618.0,,6361680,2026-02-21 14:48:48.723333
148,4,114,17459.0,18216.0,17401.0,18216.0,,3991780,2026-02-21 14:48:48.726666
149,4,115,18399.0,18646.0,18163.0,18300.0,,6291432,2026-02-21 14:48:48.730000
150,4,116,18278.0,18472.0,17942.0,17974.0,,4421820,2026-02-21 14:48:48.730000
151,4,117,18225.0,18578.0,18049.0,18060.0,,5367902,2026-02-21 14:48:48.730000
152,4,118,17800.0,18526.0,17720.0,18093.0,,9009026,2026-02-21 14:48:48.730000
153,4,119,17780.0,18534.0,17350.0,18480.0,,4465213,2026-02-21 14:48:48.730000
154,4,120,18548.0,18928.0,18420.0,18706.0,,6313061,2026-02-21 14:48:48.730000
155,4,121,18750.0,18852.0,18279.0,18671.0,,3285927,2026-02-21 14:48:48.733333
156,4,122,18500.0,18526.0,17451.0,17596.0,,7625973,2026-02-21 14:48:48.733333
157,4,123,17880.0,18580.0,17452.0,18416.0,,11977441,2026-02-21 14:48:48.733333
158,4,124,18410.0,18880.0,18200.0,18823.0,,5115266,2026-02-21 14:48:48.733333
159,4,125,18990.0,19425.0,18924.0,19176.0,,6546503,2026-02-21 14:48:48.733333
160,4,126,19003.0,19546.0,18907.0,19210.0,,4369957,2026-02-21 14:48:48.733333
161,4,127,19065.0,19558.0,19065.0,19522.0,,4486694,2026-02-21 14:48:48.736666
162,4,128,19467.0,19600.0,19078.0,19230.0,,5995352,2026-02-21 14:48:48.736666
163,4,129,19327.0,19742.0,19256.0,19511.0,,3545788,2026-02-21 14:48:48.736666
164,4,93,19500.0,19599.5,19295.0,19527.0,,3274958,2026-02-21 14:48:48.736666
165,4,74,19600.0,20076.0,19600.0,19955.0,,5337175,2026-02-21 14:48:48.736666
166,4,53,19715.0,20201.0,19300.0,19458.0,,3788733,2026-02-21 14:48:48.740000
167,4,54,20000.0,20000.0,19444.0,19745.0,,2200307,2026-02-21 14:48:48.740000
168,1,130,56117.07,56551.48,55244.33,55777.02,,1343972,2026-02-21 15:00:33.746666
169,1,131,55536.23,55711.17,54042.34,54075.75,,866557,2026-02-21 15:00:33.753333
170,1,132,54509.17,55030.07,53578.44,53956.83,,1480140,2026-02-21 15:00:33.753333
171,1,133,53810.39,54961.27,53532.25,54546.52,,1088480,2026-02-21 15:00:33.753333
172,1,134,55082.16,55464.48,54075.75,54075.75,,469191,2026-02-21 15:00:33.756666
173,1,135,53514.56,53882.13,52730.27,53480.16,,1059431,2026-02-21 15:00:33.760000
174,1,136,53480.16,56257.61,53480.16,55577.5,,980302,2026-02-21 15:00:33.776666
175,1,137,54154.38,54377.48,53403.5,53976.49,,821432,2026-02-21 15:00:33.780000
176,1,138,54349.96,55652.2,54349.96,55527.38,,1416745,2026-02-21 15:00:33.780000
177,1,139,55872.35,57856.66,55725.91,56464.01,,929053,2026-02-21 15:00:33.780000
178,1,140,56693.01,56693.01,54064.94,55020.25,,1192113,2026-02-21 15:00:33.780000
179,1,141,55036.95,55332.78,52384.32,52679.16,,1027296,2026-02-21 15:00:33.780000
180,1,142,52558.28,53571.57,51922.4,52139.6,,1989947,2026-02-21 15:00:33.780000
181,1,143,51897.47,53495.68,51897.47,52135.34,,653320,2026-02-21 15:00:33.780000
182,1,144,52020.34,53075.0,51725.46,52652.35,,1530100,2026-02-21 15:00:33.783333
183,1,145,52831.23,54302.64,52392.86,53513.37,,1592052,2026-02-21 15:00:33.783333
184,1,146,54009.74,54623.07,53481.92,53958.63,,782506,2026-02-21 15:00:33.783333
185,1,147,53864.27,55533.24,53786.62,54280.04,,1536147,2026-02-21 15:00:33.783333
186,1,148,54541.49,54909.1,54001.88,54424.53,,387344,2026-02-21 15:00:33.783333
187,1,149,54478.58,55483.11,53917.34,54434.35,,2514180,2026-02-21 15:00:33.786666
188,1,150,53272.56,54413.71,52585.51,53497.64,,779128,2026-02-21 15:00:33.786666
189,1,151,53765.0,55449.7,53329.57,55333.71,,820374,2026-02-21 15:00:33.786666
190,1,152,55363.2,56394.27,54906.15,55171.54,,1388401,2026-02-21 15:00:33.786666
191,1,153,55042.77,55042.77,52881.36,53586.11,,878326,2026-02-21 15:00:33.786666
192,1,154,53094.65,53820.03,51914.18,52210.04,,2093655,2026-02-21 15:00:33.786666
193,1,155,51163.24,51307.73,49716.4,50221.62,,3367521,2026-02-21 15:00:33.790000
194,1,156,50619.69,50881.15,49161.06,49821.57,,1927504,2026-02-21 15:00:33.790000
195,1,157,49908.07,51147.51,49908.07,51115.08,,673884,2026-02-21 15:00:33.790000
196,1,158,49593.54,51111.15,48450.42,48459.27,,2896964,2026-02-21 15:00:33.793333
197,1,159,48457.3,48457.3,43644.0,44433.28,,2379805,2026-02-21 15:00:33.793333
198,1,160,41773.53,45949.9,41073.7,45377.85,,3780973,2026-02-21 15:00:33.793333
199,1,161,45381.78,46434.48,43940.84,45355.25,,2335219,2026-02-21 15:00:33.796666
200,1,162,43886.78,45259.9,42692.55,43989.01,,3011563,2026-02-21 15:00:33.796666
201,1,163,48432.73,49535.55,46155.33,47489.14,,3968022,2026-02-21 15:00:33.796666
202,1,164,47928.5,48457.3,46766.7,47965.85,,3101354,2026-02-21 15:00:33.800000
203,1,165,49047.04,49331.1,48386.53,48752.17,,1752042,2026-02-21 15:00:33.813333
204,1,166,48878.96,50451.61,48839.65,50147.9,,1774087,2026-02-21 15:00:33.816666
205,1,167,49666.27,49982.14,48681.4,49012.64,,1627843,2026-02-21 15:00:33.816666
206,1,168,49735.08,50028.96,48562.47,48998.88,,1971574,2026-02-21 15:00:33.840000
207,1,169,49735.08,50242.26,48988.07,50004.39,,797438,2026-02-21 15:00:33.843333
208,1,170,50641.32,53342.34,49103.49,51602.6,,3390424,2026-02-21 15:00:33.843333
209,1,171,51111.15,52910.85,50087.94,52730.98,,826689,2026-02-21 15:00:33.843333
210,1,172,52807.64,53291.23,52061.62,52492.13,,1510391,2026-02-21 15:00:33.846666
211,1,173,52395.81,53052.39,52122.56,52177.6,,1061795,2026-02-21 15:00:33.846666
212,1,174,51372.6,51531.83,48575.25,49420.55,,1086768,2026-02-21 15:00:33.846666
213,1,175,51601.62,52585.51,51128.84,51455.16,,949740,2026-02-21 15:00:33.850000
214,1,176,51111.15,51527.9,49818.63,50565.64,,937167,2026-02-21 15:00:33.850000
215,1,177,50257.98,50592.17,48275.46,49582.73,,1561849,2026-02-21 15:00:33.850000
216,1,178,49833.37,50720.93,49465.76,49489.35,,1172944,2026-02-21 15:00:33.850000
217,1,179,49735.08,49735.08,48457.3,48594.91,,642346,2026-02-21 15:00:33.850000
218,1,180,48703.02,49783.24,48428.79,49220.04,,906545,2026-02-21 15:00:33.853333
219,1,181,50835.94,52420.38,50713.07,51224.18,,1161947,2026-02-21 15:00:33.853333
220,1,182,51111.15,53420.98,50947.0,53406.23,,1679874,2026-02-21 15:00:33.853333
221,1,183,53371.83,53701.11,52245.42,52487.22,,1373193,2026-02-21 15:00:33.853333
222,1,184,52010.5,52010.5,50369.05,50603.96,,1916898,2026-02-21 15:00:33.856666
223,1,185,50619.69,50755.33,48764.95,48929.09,,481342,2026-02-21 15:00:33.856666
224,1,186,48997.89,49207.26,48402.25,48835.71,,1290486,2026-02-21 15:00:33.860000
225,1,187,49345.84,49687.9,48900.59,49556.19,,1929613,2026-02-21 15:00:33.863333
226,1,188,49739.01,50541.06,49362.55,50442.77,,3203574,2026-02-21 15:00:33.863333
227,1,189,50263.88,50868.37,50067.3,50186.23,,1475083,2026-02-21 15:00:33.866666
228,1,190,50390.68,52840.08,50268.8,52118.63,,1823079,2026-02-21 15:00:33.866666
229,1,191,50206.87,53862.3,50206.87,53637.21,,1227712,2026-02-21 15:00:33.866666
230,1,192,52929.52,53238.16,52328.97,52657.26,,921701,2026-02-21 15:00:33.870000
231,1,193,53140.85,53458.32,51982.0,52192.34,,829837,2026-02-21 15:00:33.870000
232,1,194,51651.74,52762.43,51425.68,51898.45,,1927113,2026-02-21 15:00:33.873333
233,1,195,51602.6,52971.79,51111.15,52777.18,,1974070,2026-02-21 15:00:33.876666
234,1,196,52164.72,54213.67,52164.72,53824.68,,1278224,2026-02-21 15:00:33.880000
235,1,197,53181.7,53678.69,51344.75,52598.71,,940190,2026-02-21 15:00:33.883333
236,1,198,53498.69,53938.68,53060.7,53213.7,,1081177,2026-02-21 15:00:33.883333
237,1,199,54053.68,55998.63,53213.7,55238.65,,1859075,2026-02-21 15:00:33.886666
238,1,200,55238.65,55238.65,53272.7,53272.7,,725400,2026-02-21 15:00:33.886666
239,1,201,53598.69,53728.69,52395.72,52568.71,,1246118,2026-02-21 15:00:33.886666
240,1,202,52345.72,52960.71,52145.73,52580.71,,842709,2026-02-21 15:00:33.890000
241,1,203,52998.71,53196.7,51692.74,51692.74,,946459,2026-02-21 15:00:33.893333
242,1,204,51350.74,51537.74,50763.76,51258.75,,671476,2026-02-21 15:00:33.893333
243,1,205,50798.76,51268.75,50609.76,50723.76,,1368338,2026-02-21 15:00:33.896666
244,1,206,50798.76,51605.74,50798.76,51038.75,,1195806,2026-02-21 15:00:33.900000
245,1,207,51182.75,51488.74,50487.77,50487.77,,1284124,2026-02-21 15:00:33.900000
246,1,208,50125.77,50189.77,49018.8,49348.79,,2240402,2026-02-21 15:00:33.903333
247,1,209,49394.79,49757.78,48876.81,48898.8,,1965479,2026-02-21 15:00:33.903333
248,1,210,48498.82,48828.81,48187.82,48828.81,,1184714,2026-02-21 15:00:33.906666
249,1,211,50298.77,50575.76,49576.79,49703.79,,557930,2026-02-21 15:00:33.910000
250,1,212,50235.77,50398.77,48899.81,48923.8,,779180,2026-02-21 15:00:33.913333
251,1,213,48853.81,52468.72,48853.81,52468.72,,1041474,2026-02-21 15:00:33.916666
252,1,214,53045.71,53392.7,51737.74,52176.73,,629039,2026-02-21 15:00:33.920000
253,1,215,52157.72,52630.71,51756.73,52563.71,,518188,2026-02-21 15:00:33.920000
254,1,216,52698.71,53231.7,52124.73,52226.72,,606691,2026-02-21 15:00:33.923333
255,1,217,52836.71,54735.66,52753.71,54698.66,,1764295,2026-02-21 15:00:33.926666
256,1,218,54538.67,54652.67,53466.69,53612.69,,1022918,2026-02-21 15:00:33.926666
257,1,219,53315.7,53325.7,52622.71,53156.7,,213754,2026-02-21 15:00:33.930000
258,1,220,52498.72,53605.69,52498.72,52943.71,,225129,2026-02-21 15:00:33.930000
259,1,221,52932.71,54073.68,52932.71,53833.68,,605574,2026-02-21 15:00:33.930000
260,1,222,53935.68,54228.68,52452.72,52452.72,,483188,2026-02-21 15:00:33.930000
261,1,223,53198.7,55448.65,53052.7,54383.67,,2103268,2026-02-21 15:00:33.933333
262,1,224,54098.68,54798.66,53437.69,54353.67,,1199451,2026-02-21 15:00:33.933333
263,1,225,54485.67,55045.65,53650.69,53650.69,,777856,2026-02-21 15:00:33.933333
264,1,226,53900.68,54238.68,52930.71,52983.71,,1139120,2026-02-21 15:00:33.936666
265,1,227,52498.72,53552.69,52498.72,52954.71,,1456989,2026-02-21 15:00:33.936666
266,1,228,53485.69,73898.19,52245.72,52866.71,,990658,2026-02-21 15:00:33.936666
267,1,229,53012.71,53569.69,52722.71,53298.7,,712577,2026-02-21 15:00:33.940000
268,1,230,53918.68,55462.65,53918.68,55043.66,,674477,2026-02-21 15:00:33.940000
269,1,231,55006.65,55721.64,54382.67,55585.64,,780906,2026-02-21 15:00:33.940000
270,1,232,55409.64,57223.6,54987.65,56213.63,,1548654,2026-02-21 15:00:33.940000
271,1,233,56168.63,56744.61,55136.65,55899.63,,651801,2026-02-21 15:00:33.940000
272,1,234,55346.65,55448.64,54316.67,54820.66,,663642,2026-02-21 15:00:33.943333
273,1,235,54718.66,54808.66,53338.7,53833.68,,803582,2026-02-21 15:00:33.943333
274,1,236,54398.67,54398.67,53213.7,53213.7,,754092,2026-02-21 15:00:33.943333
275,1,237,53292.7,53292.7,52287.72,52978.71,,833198,2026-02-21 15:00:33.943333
276,1,238,51053.75,52671.71,49999.78,51083.75,,2572804,2026-02-21 15:00:33.946666
277,1,239,51514.74,51694.73,49392.79,49477.79,,1928861,2026-02-21 15:00:33.946666
278,1,240,49802.78,49802.78,48968.8,49324.79,,2047533,2026-02-21 15:00:33.946666
279,1,241,49799.78,50077.78,49304.8,49595.79,,663205,2026-02-21 15:00:33.946666
280,1,242,50157.78,50953.76,49386.79,50245.77,,983997,2026-02-21 15:00:33.946666
281,1,243,50318.77,51093.75,49821.78,50718.76,,996204,2026-02-21 15:00:33.950000
282,1,244,51318.75,51626.74,50885.76,51523.74,,670637,2026-02-21 15:00:33.950000
283,1,245,51947.73,52215.72,51250.75,51259.75,,706382,2026-02-21 15:00:33.950000
284,1,246,51991.73,52198.72,51267.75,51613.74,,702256,2026-02-21 15:00:33.950000
285,1,247,51741.74,51952.73,51184.75,51327.75,,711611,2026-02-21 15:00:33.950000
286,1,248,51502.74,51502.74,50533.77,50727.76,,593857,2026-02-21 15:00:33.950000
287,1,249,51036.75,52604.71,51035.75,51563.74,,710975,2026-02-21 15:00:33.953333
288,1,250,51798.73,51798.73,50803.76,50803.76,,699743,2026-02-21 15:00:33.953333
289,1,251,51358.74,52655.71,50927.75,51108.75,,1827123,2026-02-21 15:00:33.953333
290,1,252,51216.0,51386.0,50600.0,51200.0,,2094975,2026-02-21 15:00:33.953333
291,1,253,51370.0,51873.0,50742.0,51750.0,,1349850,2026-02-21 15:00:33.953333
292,1,254,51560.0,52158.0,50914.0,52158.0,,763784,2026-02-21 15:00:33.956666
293,1,255,52433.0,52535.0,51375.0,51452.0,,847556,2026-02-21 15:00:33.956666
294,1,256,52160.0,53134.0,51873.0,52710.0,,1315525,2026-02-21 15:00:33.956666
295,1,257,52697.0,53379.0,52574.0,52660.0,,900137,2026-02-21 15:00:33.960000
296,1,258,52570.0,54450.0,52570.0,54075.0,,1719179,2026-02-21 15:00:33.960000
297,1,259,54069.0,55000.0,53880.0,54250.0,,1122539,2026-02-21 15:00:33.960000
298,1,260,53761.0,54217.0,53548.0,53705.0,,1186134,2026-02-21 15:00:33.960000
299,1,261,54074.0,54074.0,52525.0,52849.0,,831770,2026-02-21 15:00:33.960000
300,1,262,53117.0,54750.0,52574.0,54174.0,,726530,2026-02-21 15:00:33.960000
301,1,263,53000.0,55486.0,53000.0,53700.0,,2664568,2026-02-21 15:00:33.963333
302,1,264,54089.0,55072.0,53867.0,54042.0,,831943,2026-02-21 15:00:33.963333
303,1,265,54112.0,54355.0,53769.0,54029.0,,874555,2026-02-21 15:00:33.963333
304,1,266,55700.0,59961.0,54922.0,58888.0,,7767742,2026-02-21 15:00:33.963333
305,1,267,59318.0,61299.0,58949.0,60400.0,,1985672,2026-02-21 15:00:33.966666
306,1,268,59850.0,60087.0,58987.0,59782.0,,955180,2026-02-21 15:00:33.966666
307,1,269,60200.0,61402.0,60149.0,60560.0,,1567965,2026-02-21 15:00:33.966666
308,1,270,60021.0,60725.0,59445.0,60621.0,,723065,2026-02-21 15:00:33.966666
309,1,271,60653.0,61639.0,60653.0,61054.0,,1359940,2026-02-21 15:00:33.970000
310,1,272,60594.0,60693.0,59770.0,59875.0,,2055216,2026-02-21 15:00:33.970000
311,1,273,59454.0,60703.0,59282.0,59567.0,,2313872,2026-02-21 15:00:33.970000
312,1,274,59802.0,60036.0,59352.0,59500.0,,2663101,2026-02-21 15:00:33.970000
313,1,275,59001.0,60191.0,59001.0,59629.0,,1491502,2026-02-21 15:00:33.970000
314,1,276,59561.0,59930.0,59000.0,59485.0,,1110194,2026-02-21 15:00:33.970000
315,1,277,62337.0,63720.0,61696.0,62142.0,,1981318,2026-02-21 15:00:33.970000
316,1,278,62840.0,62840.0,61805.0,62387.0,,1048882,2026-02-21 15:00:33.973333
317,1,279,63257.0,64187.64,62495.0,63929.0,,1927371,2026-02-21 15:00:33.973333
318,1,280,63500.0,64910.0,63146.0,64650.0,,2301732,2026-02-21 15:00:33.973333
319,1,281,64500.0,65244.0,63640.0,64698.0,,808858,2026-02-21 15:00:33.973333
320,1,282,64997.0,65556.0,64126.0,64126.0,,587202,2026-02-21 15:00:33.976666
321,1,283,64862.0,65516.0,64765.0,65010.0,,570243,2026-02-21 15:00:33.976666
322,1,284,64835.0,65777.0,64835.0,65496.0,,518678,2026-02-21 15:00:33.976666
323,1,285,65160.0,65526.0,64560.0,65442.0,,639856,2026-02-21 15:00:33.976666
324,1,286,64308.0,67032.0,64308.0,66270.0,,1131795,2026-02-21 15:00:33.980000
325,1,287,66705.0,68994.0,66705.0,67359.0,,717083,2026-02-21 15:00:33.980000
326,1,288,67000.0,68088.0,66843.0,67488.0,,1056124,2026-02-21 15:00:33.980000
327,1,289,67156.0,69197.0,66520.52,68770.0,,695310,2026-02-21 15:00:33.980000
328,1,290,67505.0,67687.0,66747.0,67350.0,,852387,2026-02-21 15:00:33.980000
329,1,291,67350.0,68581.0,67190.0,68217.0,,457967,2026-02-21 15:00:33.980000
330,1,292,68217.0,68340.0,67013.0,67844.0,,656291,2026-02-21 15:00:33.983333
331,1,293,67393.0,68229.0,66442.0,66479.0,,662537,2026-02-21 15:00:33.983333
332,1,294,67600.0,67600.0,65796.0,66626.0,,448520,2026-02-21 15:00:33.983333
333,1,295,66765.0,66975.0,65245.0,65701.0,,450267,2026-02-21 15:00:33.983333
334,1,296,66284.0,66657.0,65452.0,65674.0,,971524,2026-02-21 15:00:33.986666
335,1,297,65655.0,66830.0,65571.0,66633.0,,504495,2026-02-21 15:00:33.986666
336,1,298,66800.0,66800.0,65104.0,65104.0,,531839,2026-02-21 15:00:33.986666
337,1,299,65180.0,67500.0,64972.0,65065.0,,483102,2026-02-21 15:00:33.986666
338,1,300,66900.0,66900.0,64405.0,65968.0,,867541,2026-02-21 15:00:33.990000
339,1,301,66354.0,67734.0,66150.0,66748.0,,735623,2026-02-21 15:00:33.990000
340,1,302,66808.0,66808.0,65208.0,66010.0,,1054654,2026-02-21 15:00:33.990000
341,1,303,66010.0,66236.0,65000.0,65667.0,,648567,2026-02-21 15:00:33.993333
342,1,304,65400.0,65983.0,63477.0,63917.0,,1220365,2026-02-21 15:00:33.996666
343,1,305,63322.0,63362.0,61581.0,62330.0,,1739035,2026-02-21 15:00:33.996666
344,1,306,61608.0,63047.0,61608.0,62980.0,,949565,2026-02-21 15:00:34.000000
345,1,307,63096.0,64508.0,63012.0,63894.0,,1181398,2026-02-21 15:00:34.000000
346,1,308,63565.0,64363.0,62545.0,63092.0,,424922,2026-02-21 15:00:34.000000
347,1,309,63933.0,64600.0,63684.0,63864.0,,405127,2026-02-21 15:00:34.000000
348,1,310,64679.0,64679.0,63281.0,64524.0,,1697254,2026-02-21 15:00:34.000000
349,1,311,62520.0,65634.0,62520.0,65407.0,,967853,2026-02-21 15:00:34.003333
350,1,312,65730.0,65784.0,64285.0,65046.0,,940831,2026-02-21 15:00:34.003333
351,1,313,63595.0,63953.0,62570.0,63953.0,,572797,2026-02-21 15:00:34.003333
352,1,314,63469.0,63990.0,62781.0,63178.0,,746803,2026-02-21 15:00:34.003333
353,1,315,62802.0,62802.0,60375.0,60855.0,,1101484,2026-02-21 15:00:34.006666
354,1,316,60800.0,61999.0,60800.0,61945.0,,1442289,2026-02-21 15:00:34.006666
355,1,317,61831.0,63134.0,61652.0,61849.0,,1441079,2026-02-21 15:00:34.010000
356,1,318,60551.0,61632.0,59502.0,61490.0,,770811,2026-02-21 15:00:34.013333
357,1,319,61850.0,63000.0,60269.0,61534.0,,1041534,2026-02-21 15:00:34.016666
358,1,320,61004.0,63726.0,61000.0,63329.0,,769136,2026-02-21 15:00:34.016666
359,1,321,64050.0,64208.0,63212.0,63535.0,,930731,2026-02-21 15:00:34.016666
360,1,322,63535.0,64211.0,63250.0,63810.0,,812177,2026-02-21 15:00:34.020000
361,1,323,63216.0,64503.0,63216.0,64072.0,,1801112,2026-02-21 15:00:34.060000
362,1,324,63159.0,66373.0,63036.0,65839.0,,1256865,2026-02-21 15:00:34.060000
363,1,325,64799.0,65219.0,64466.0,64735.0,,914571,2026-02-21 15:00:34.060000
364,1,326,64735.0,66847.0,64350.0,66172.0,,985487,2026-02-21 15:00:34.063333
365,1,327,66404.0,67020.0,65755.0,66431.0,,897024,2026-02-21 15:00:34.063333
366,1,328,66828.0,68940.0,66828.0,67368.0,,780874,2026-02-21 15:00:34.063333
367,1,329,67500.0,67682.0,66626.0,67014.0,,866430,2026-02-21 15:00:34.063333
368,1,330,66431.0,67321.0,65436.0,65863.0,,1435727,2026-02-21 15:00:34.066666
369,1,331,65900.0,67100.0,65831.0,65850.0,,891321,2026-02-21 15:00:34.066666
370,1,332,66672.0,66672.0,64403.0,65724.0,,849847,2026-02-21 15:00:34.066666
371,1,333,65077.0,66380.0,64301.0,64536.0,,1356902,2026-02-21 15:00:34.066666
372,1,334,64002.0,64496.0,63541.0,63894.0,,1291226,2026-02-21 15:00:34.070000
373,1,335,63605.0,65733.0,63605.0,65082.0,,1080573,2026-02-21 15:00:34.070000
374,1,336,65080.0,65507.0,64490.0,65139.0,,2533208,2026-02-21 15:00:34.070000
375,1,337,64231.0,65577.0,64231.0,65577.0,,3182560,2026-02-21 15:00:34.093333
376,1,338,64866.0,66593.0,64500.0,64621.0,,703944,2026-02-21 15:00:34.096666
377,1,339,64861.0,66953.0,64860.0,66887.0,,395163,2026-02-21 15:00:34.096666
378,1,340,67050.0,67638.0,66887.0,67235.0,,87997,2026-02-21 15:00:34.096666
379,1,341,67110.0,69460.0,67110.0,67810.0,,355952,2026-02-21 15:00:34.100000
380,1,342,67700.0,69207.0,67505.0,68424.0,,312093,2026-02-21 15:00:34.100000
381,1,343,67997.0,68512.0,67875.0,68510.0,,101383,2026-02-21 15:00:34.100000
382,1,344,68510.0,69975.0,68510.0,69355.0,,165804,2026-02-21 15:00:34.100000
383,1,345,69336.0,69800.0,68417.0,69532.0,,843201,2026-02-21 15:00:34.100000
384,1,346,69999.0,71243.0,69431.0,70880.0,,676043,2026-02-21 15:00:34.103333
385,1,347,70950.0,72246.0,69333.0,69600.0,,699179,2026-02-21 15:00:34.103333
386,1,348,69594.0,70364.0,68570.0,68570.0,,474055,2026-02-21 15:00:34.103333
387,1,349,68320.0,72487.0,68320.0,70657.0,,515902,2026-02-21 15:00:34.106666
388,1,350,71700.0,72437.0,70552.0,71358.0,,725279,2026-02-21 15:00:34.106666
389,1,351,71358.0,72099.0,71078.0,71078.0,,774443,2026-02-21 15:00:34.110000
390,1,352,71079.0,72038.0,70128.0,71808.0,,1140741,2026-02-21 15:00:34.110000
391,1,353,71800.0,73345.0,71026.0,72176.0,,670818,2026-02-21 15:00:34.110000
392,1,354,72500.0,72500.0,70257.0,70868.0,,698605,2026-02-21 15:00:34.113333
393,1,355,70900.0,71748.0,70241.0,71469.0,,413043,2026-02-21 15:00:34.113333
394,1,356,72000.0,72000.0,69930.0,70408.0,,387802,2026-02-21 15:00:34.113333
395,1,357,70742.0,75087.0,70742.0,74250.0,,1050594,2026-02-21 15:00:34.116666
396,2,130,21680.44,21926.27,21591.5,21899.29,,1572842,2026-02-21 15:00:34.426666
397,2,131,21785.36,22118.14,21685.43,21770.38,,1917363,2026-02-21 15:00:34.426666
398,2,132,22075.17,22146.12,21618.48,22051.19,,5625213,2026-02-21 15:00:34.426666
399,2,133,22051.19,22660.78,22033.2,22590.82,,2317628,2026-02-21 15:00:34.430000
400,2,134,22438.93,22519.87,22157.12,22175.1,,2633408,2026-02-21 15:00:34.430000
401,2,135,22185.1,22590.82,21782.37,21782.37,,5003093,2026-02-21 15:00:34.430000
402,2,136,21884.3,22163.11,21785.37,22095.16,,1780266,2026-02-21 15:00:34.430000
403,2,137,21788.36,22234.06,21788.36,21985.23,,2934854,2026-02-21 15:00:34.433333
404,2,138,22210.08,22553.85,22063.54,22434.93,,4525573,2026-02-21 15:00:34.433333
405,2,139,22664.77,22664.77,21990.23,22024.21,,2172000,2026-02-21 15:00:34.433333
406,2,140,21985.23,22659.78,21805.35,22225.07,,1708143,2026-02-21 15:00:34.436666
407,2,141,22664.77,22664.77,21965.24,22070.17,,1907810,2026-02-21 15:00:34.436666
408,2,142,21992.22,22241.06,21867.31,21908.28,,3705681,2026-02-21 15:00:34.436666
409,2,143,21883.3,22324.0,21883.3,21997.22,,3658410,2026-02-21 15:00:34.440000
410,2,144,21997.22,23309.34,21853.32,23035.53,,10141486,2026-02-21 15:00:34.440000
411,2,145,23184.42,23849.98,23121.47,23790.02,,6718639,2026-02-21 15:00:34.440000
412,2,146,23587.16,23983.89,23373.3,23610.14,,9329835,2026-02-21 15:00:34.613333
413,2,147,23568.17,24167.77,23455.24,23943.92,,6848950,2026-02-21 15:00:34.616666
414,2,148,23918.93,24301.67,23904.94,24094.81,,10189892,2026-02-21 15:00:34.616666
415,2,149,23984.89,24643.44,23984.89,24198.74,,14968784,2026-02-21 15:00:34.616666
416,2,150,24096.81,24674.42,24014.87,24049.84,,4332117,2026-02-21 15:00:34.616666
417,2,151,24183.75,24441.58,24079.82,24390.62,,4429616,2026-02-21 15:00:34.620000
418,2,152,24373.63,24822.32,24348.64,24798.34,,3701999,2026-02-21 15:00:34.620000
419,2,153,24786.35,24852.3,24552.5,24658.43,,4508481,2026-02-21 15:00:34.620000
420,2,154,24500.54,24633.45,24114.8,24114.8,,4872826,2026-02-21 15:00:34.620000
421,2,155,24283.69,24283.69,23584.16,23924.93,,6572400,2026-02-21 15:00:34.623333
422,2,156,23933.92,24431.59,23843.98,24139.78,,3204509,2026-02-21 15:00:34.623333
423,2,157,23956.91,24040.85,22991.55,23124.46,,7008889,2026-02-21 15:00:34.626666
424,2,158,22684.76,23124.46,21736.4,21976.24,,12866021,2026-02-21 15:00:34.626666
425,2,159,21735.4,21735.4,21159.79,21230.74,,10599024,2026-02-21 15:00:34.626666
426,2,160,20687.1,22158.11,19986.57,21884.3,,9935607,2026-02-21 15:00:34.630000
427,2,161,22165.11,22635.79,21686.43,22484.89,,10323661,2026-02-21 15:00:34.630000
428,2,162,21475.86,21475.86,20143.3,20224.28,,11896161,2026-02-21 15:00:34.630000
429,2,163,21412.88,21964.7,21276.93,21398.88,,7438178,2026-02-21 15:00:34.630000
430,2,164,21420.88,21503.85,20836.07,20984.02,,4276653,2026-02-21 15:00:34.633333
431,2,165,21394.89,22215.61,21394.89,22215.61,,4585383,2026-02-21 15:00:34.633333
432,2,166,22116.65,22327.58,21808.75,22177.63,,2874977,2026-02-21 15:00:34.636666
433,2,167,22097.65,22452.54,21892.72,22240.61,,3429791,2026-02-21 15:00:34.636666
434,2,168,22092.65,22652.47,22018.68,22422.54,,2881287,2026-02-21 15:00:34.636666
435,2,169,22422.54,22654.47,22285.59,22492.52,,3311072,2026-02-21 15:00:34.640000
436,2,170,22671.46,23376.23,22540.51,22767.43,,3835694,2026-02-21 15:00:34.643333
437,2,171,22992.36,22992.36,22452.54,22781.43,,2616607,2026-02-21 15:00:34.643333
438,2,172,227.42,232.32,227.39,228.92,,2428107,2026-02-21 15:00:34.646666
439,2,173,22966.36,23472.2,22825.41,23328.24,,2986398,2026-02-21 15:00:34.646666
440,2,174,23291.26,23539.17,22973.36,23163.3,,2649527,2026-02-21 15:00:34.650000
441,2,175,22852.4,23830.08,22852.4,23618.15,,1686167,2026-02-21 15:00:34.650000
442,2,176,23792.09,23792.09,23057.33,23057.33,,4102638,2026-02-21 15:00:34.653333
443,2,177,23057.33,23190.29,22247.6,22610.48,,3809183,2026-02-21 15:00:34.653333
444,2,178,22691.46,22992.36,22564.5,22662.46,,3597088,2026-02-21 15:00:34.656666
445,2,179,22711.45,23004.35,22404.55,22404.55,,2473905,2026-02-21 15:00:34.656666
446,2,180,22324.58,22767.43,22324.58,22526.51,,2713269,2026-02-21 15:00:34.660000
447,2,181,22593.49,23540.17,22593.49,23225.28,,3324203,2026-02-21 15:00:34.660000
448,2,182,23142.31,23373.23,23052.34,23319.25,,3592433,2026-02-21 15:00:34.660000
449,2,183,23426.21,23558.17,22981.36,23099.32,,4010359,2026-02-21 15:00:34.663333
450,2,184,23036.34,23441.21,22972.36,23420.21,,3762616,2026-02-21 15:00:34.663333
451,2,185,23302.25,23481.19,23080.33,23306.25,,1380347,2026-02-21 15:00:34.666666
452,2,186,23234.28,23271.26,22582.49,22911.38,,2351829,2026-02-21 15:00:34.666666
453,2,187,22842.4,22991.36,22560.5,22691.46,,1891176,2026-02-21 15:00:34.666666
454,2,188,22492.52,22928.38,22436.54,22790.42,,2139776,2026-02-21 15:00:34.670000
455,2,189,22393.55,22761.43,22258.6,22587.49,,1642192,2026-02-21 15:00:34.670000
456,2,190,22592.49,22870.4,22459.53,22649.47,,1380063,2026-02-21 15:00:34.670000
457,2,191,22702.45,22987.36,22602.49,22863.4,,926563,2026-02-21 15:00:34.670000
458,2,192,22377.56,23045.34,22377.56,22752.44,,1313418,2026-02-21 15:00:34.673333
459,2,193,22592.49,23265.27,22592.49,23160.3,,2346411,2026-02-21 15:00:34.673333
460,2,194,23218.28,23632.14,23098.32,23501.19,,3051102,2026-02-21 15:00:34.676666
461,2,195,23193.29,23842.07,23193.29,23316.25,,7562722,2026-02-21 15:00:34.680000
462,2,196,23306.25,23352.24,22752.44,23117.31,,2488275,2026-02-21 15:00:34.683333
463,2,197,22994.36,23393.22,22847.4,23059.33,,1809812,2026-02-21 15:00:34.683333
464,2,198,23284.26,23363.23,23047.34,23235.28,,1201119,2026-02-21 15:00:34.683333
465,2,199,23299.25,23446.21,22983.36,23164.3,,2200313,2026-02-21 15:00:34.683333
466,2,200,22942.37,23445.21,22942.37,23398.22,,1858884,2026-02-21 15:00:34.686666
467,2,201,23392.22,23758.1,23245.27,23445.21,,3125322,2026-02-21 15:00:34.686666
468,2,202,23742.11,24115.98,23470.2,23792.09,,3963131,2026-02-21 15:00:34.686666
469,2,203,23792.09,23862.07,23219.28,23324.25,,2146995,2026-02-21 15:00:34.686666
470,2,204,23536.18,23637.14,23064.33,23528.18,,2108553,2026-02-21 15:00:34.690000
471,2,205,23472.2,23472.2,22633.47,22738.44,,3266385,2026-02-21 15:00:34.690000
472,2,206,22578.49,23001.35,22333.29,22700.45,,2531844,2026-02-21 15:00:34.693333
473,2,207,22881.39,22881.39,22361.57,22690.46,,2503906,2026-02-21 15:00:34.696666
474,2,208,22492.52,22802.42,22348.57,22646.47,,6025833,2026-02-21 15:00:34.696666
475,2,209,22542.5,22973.36,22542.5,22732.44,,4077937,2026-02-21 15:00:34.700000
476,2,210,22565.5,22834.41,22316.58,22427.54,,2970527,2026-02-21 15:00:34.700000
477,2,211,22652.47,23506.18,22652.47,23444.21,,3342908,2026-02-21 15:00:34.700000
478,2,212,23460.2,23511.18,22704.45,22781.43,,3271082,2026-02-21 15:00:34.700000
479,2,213,22693.45,22983.36,22442.54,22498.52,,2951065,2026-02-21 15:00:34.703333
480,2,214,22842.41,22842.41,22505.52,22812.42,,2245386,2026-02-21 15:00:34.703333
481,2,215,22843.4,22942.37,22678.46,22745.44,,1593347,2026-02-21 15:00:34.703333
482,2,216,22942.37,22983.36,22639.47,22767.43,,1603605,2026-02-21 15:00:34.703333
483,2,217,22992.36,22992.36,22336.57,22503.52,,2265448,2026-02-21 15:00:34.706666
484,2,218,22457.53,22894.39,22342.57,22821.41,,2005281,2026-02-21 15:00:34.710000
485,2,219,22842.41,22842.41,22560.5,22642.47,,812672,2026-02-21 15:00:34.710000
486,2,220,22792.42,22838.41,22397.55,22549.5,,1341226,2026-02-21 15:00:34.710000
487,2,221,22591.49,22821.41,22385.56,22683.46,,2028908,2026-02-21 15:00:34.713333
488,2,222,22592.49,22922.38,22492.52,22740.44,,1986431,2026-02-21 15:00:34.713333
489,2,223,22592.49,22888.39,22552.5,22689.46,,1694027,2026-02-21 15:00:34.716666
490,2,224,22593.49,22871.4,21996.69,22069.66,,2501755,2026-02-21 15:00:34.716666
491,2,225,22109.65,22169.63,21829.74,21984.69,,1793742,2026-02-21 15:00:34.716666
492,2,226,22292.59,22292.59,22022.68,22077.66,,1533445,2026-02-21 15:00:34.716666
493,2,227,22080.66,22380.56,21800.75,22361.57,,1448087,2026-02-21 15:00:34.720000
494,2,228,22431.54,22691.46,22264.6,22691.46,,2557051,2026-02-21 15:00:34.720000
495,2,229,22682.46,23301.25,22623.48,23198.29,,1610846,2026-02-21 15:00:34.720000
496,2,230,23202.29,23372.23,22949.37,23062.33,,1597446,2026-02-21 15:00:34.720000
497,2,231,23341.24,23341.24,22642.47,22793.42,,1603876,2026-02-21 15:00:34.720000
498,2,232,22942.37,23074.33,22736.44,22942.37,,1816178,2026-02-21 15:00:34.723333
499,2,233,22942.37,23093.32,22870.4,23093.32,,1234505,2026-02-21 15:00:34.723333
500,2,234,22942.37,23021.35,22712.45,22836.41,,1816952,2026-02-21 15:00:34.726666
501,2,235,22807.42,23031.34,22807.42,22966.37,,1183062,2026-02-21 15:00:34.730000
502,2,236,22966.36,23365.23,22889.39,23109.32,,1460787,2026-02-21 15:00:34.730000
503,2,237,22992.36,23373.23,22892.39,23339.24,,1047849,2026-02-21 15:00:34.730000
504,2,238,23274.26,23704.12,23215.28,23433.21,,3806316,2026-02-21 15:00:34.730000
505,2,239,23513.18,23513.18,22912.38,23349.24,,2178553,2026-02-21 15:00:34.730000
506,2,240,23433.21,23525.18,22913.38,23184.29,,1449532,2026-02-21 15:00:34.730000
507,2,241,22953.37,23347.24,22661.47,22966.37,,2677739,2026-02-21 15:00:34.733333
508,2,242,22993.35,23217.28,22713.45,22867.4,,1524796,2026-02-21 15:00:34.733333
509,2,243,22840.41,22992.36,22761.43,22892.39,,1484884,2026-02-21 15:00:34.733333
510,2,244,22905.38,23117.31,22842.41,23074.33,,1132695,2026-02-21 15:00:34.733333
511,2,245,23192.29,23622.15,23043.34,23242.27,,1133296,2026-02-21 15:00:34.736666
512,2,246,23092.32,23635.14,23009.35,23635.14,,1848308,2026-02-21 15:00:34.736666
513,2,247,23512.18,24193.96,23512.18,24193.96,,4574593,2026-02-21 15:00:34.736666
514,2,248,24195.96,25639.48,24195.96,24902.72,,6283922,2026-02-21 15:00:34.736666
515,2,249,24997.69,25390.56,24811.75,25031.68,,2528008,2026-02-21 15:00:34.740000
516,2,250,25182.63,25182.63,24651.81,24746.77,,2593173,2026-02-21 15:00:34.740000
517,2,251,24641.81,25264.6,24641.81,25008.69,,2179106,2026-02-21 15:00:34.740000
518,2,252,24746.77,25280.6,24746.77,25108.65,,2186798,2026-02-21 15:00:34.740000
519,2,253,24959.7,25415.55,24780.76,24921.71,,1975425,2026-02-21 15:00:34.743333
520,2,254,25390.56,25491.53,24981.69,25491.53,,1771392,2026-02-21 15:00:34.743333
521,2,255,25246.61,25474.53,25014.68,25041.67,,2096546,2026-02-21 15:00:34.743333
522,2,256,24991.69,24993.69,24570.83,24669.8,,5407375,2026-02-21 15:00:34.743333
523,2,257,24806.75,24897.72,24617.81,24830.74,,2412941,2026-02-21 15:00:34.743333
524,2,258,24942.71,25419.55,24939.71,25110.65,,2084421,2026-02-21 15:00:34.746666
525,2,259,25191.62,25230.61,24813.75,24877.73,,1816817,2026-02-21 15:00:34.746666
526,2,260,24857.74,25090.66,24539.84,24656.8,,1681759,2026-02-21 15:00:34.746666
527,2,261,24890.73,24890.73,24112.98,24298.92,,2996914,2026-02-21 15:00:34.750000
528,2,262,24541.84,24845.74,23815.08,23984.03,,3217882,2026-02-21 15:00:34.750000
529,2,263,24042.01,24238.94,23681.13,23751.1,,2953237,2026-02-21 15:00:34.750000
530,2,264,23717.12,24277.93,23717.12,24139.97,,2126659,2026-02-21 15:00:34.750000
531,2,265,24453.87,24645.81,23992.02,24641.81,,2408705,2026-02-21 15:00:34.750000
532,2,266,24579.83,24965.7,24572.83,24572.83,,3515700,2026-02-21 15:00:34.753333
533,2,267,23850.0,24109.0,23576.0,23631.0,,2155819,2026-02-21 15:00:34.753333
534,2,268,24146.0,24146.0,23400.0,23874.0,,3264562,2026-02-21 15:00:34.753333
535,2,269,23875.0,24227.0,23670.0,23931.0,,3184500,2026-02-21 15:00:34.753333
536,2,270,24099.0,24099.0,23706.0,23828.0,,1796125,2026-02-21 15:00:34.756666
537,2,271,24079.0,24079.0,23550.0,23994.0,,2574266,2026-02-21 15:00:34.756666
538,2,272,23999.0,24143.0,23701.0,24143.0,,1823669,2026-02-21 15:00:34.760000
539,2,273,23876.0,24607.0,23876.0,24320.0,,7727723,2026-02-21 15:00:34.760000
540,2,274,24491.0,24533.0,24047.0,24406.0,,5208297,2026-02-21 15:00:34.760000
541,2,275,24341.0,24575.5,23843.0,24099.0,,2599989,2026-02-21 15:00:34.760000
542,2,276,24000.0,24511.0,23930.0,24075.0,,1789862,2026-02-21 15:00:34.763333
543,2,277,24100.0,24139.0,23585.0,23741.0,,3152174,2026-02-21 15:00:34.763333
544,2,278,23700.0,23849.0,23361.0,23640.0,,2155350,2026-02-21 15:00:34.763333
545,2,279,23640.0,23755.0,23363.0,23529.0,,2184146,2026-02-21 15:00:34.763333
546,2,280,23400.0,23755.0,23351.0,23639.0,,3263121,2026-02-21 15:00:34.763333
547,2,281,23503.0,24245.0,23417.0,24063.0,,2865958,2026-02-21 15:00:34.763333
548,2,282,24000.0,24277.0,23905.0,24001.0,,2368054,2026-02-21 15:00:34.766666
549,2,283,23901.0,24734.0,23899.0,24649.0,,2482866,2026-02-21 15:00:34.766666
550,2,284,24649.0,25000.0,24451.0,24934.0,,2888149,2026-02-21 15:00:34.766666
551,2,285,24838.0,24990.0,24512.0,24592.0,,2638374,2026-02-21 15:00:34.766666
552,2,286,24223.0,24879.0,24190.0,24767.0,,2076793,2026-02-21 15:00:34.766666
553,2,287,24586.0,25330.0,24586.0,25246.0,,3018311,2026-02-21 15:00:34.770000
554,2,288,24900.0,25815.0,24900.0,25600.0,,4093192,2026-02-21 15:00:34.770000
555,2,289,25500.0,25597.0,25107.0,25402.0,,1854180,2026-02-21 15:00:34.770000
556,2,290,25395.0,25490.0,25041.0,25300.0,,1897472,2026-02-21 15:00:34.770000
557,2,291,25359.0,25697.0,25282.0,25396.0,,2856105,2026-02-21 15:00:34.770000
558,2,292,25396.0,25645.0,25223.0,25390.0,,1571520,2026-02-21 15:00:34.770000
559,2,293,25010.0,25473.0,24642.0,25179.0,,2885419,2026-02-21 15:00:34.770000
560,2,294,25100.0,25593.0,25100.0,25263.0,,2142186,2026-02-21 15:00:34.770000
561,2,295,25255.0,25488.0,25105.0,25486.0,,3239964,2026-02-21 15:00:34.770000
562,2,296,25305.0,25815.0,25305.0,25719.0,,2594390,2026-02-21 15:00:34.776666
563,2,297,25600.0,25719.0,25341.0,25719.0,,1775040,2026-02-21 15:00:34.776666
564,2,298,25400.0,25912.0,25396.0,25617.0,,1903037,2026-02-21 15:00:34.780000
565,2,299,25400.0,25804.0,25073.0,25307.0,,2621146,2026-02-21 15:00:34.780000
566,2,300,25065.0,26042.0,25065.0,25847.0,,2801056,2026-02-21 15:00:34.780000
567,2,301,25750.0,26149.0,25590.0,25681.0,,2638485,2026-02-21 15:00:34.780000
568,2,302,25600.0,25603.0,25199.0,25337.0,,2472112,2026-02-21 15:00:34.783333
569,2,303,25600.0,25711.0,25165.0,25456.0,,2456589,2026-02-21 15:00:34.783333
570,2,304,25373.0,25850.0,25373.0,25542.0,,1222431,2026-02-21 15:00:34.786666
571,2,305,25489.0,25560.0,25015.0,25377.0,,3102199,2026-02-21 15:00:34.786666
572,2,306,25143.0,25944.0,24750.0,25755.0,,3067805,2026-02-21 15:00:34.786666
573,2,307,25701.0,26619.0,25538.0,26454.0,,4645895,2026-02-21 15:00:34.790000
574,2,308,26000.0,26386.0,25584.0,25800.0,,2327529,2026-02-21 15:00:34.793333
575,2,309,25821.0,26582.0,25821.0,26409.0,,3756427,2026-02-21 15:00:34.793333
576,2,310,26400.0,26780.0,26192.0,26192.0,,3814604,2026-02-21 15:00:34.793333
577,2,311,26005.0,27029.0,26005.0,26975.0,,3401076,2026-02-21 15:00:34.796666
578,2,312,26949.0,27765.0,26852.0,27140.0,,3391113,2026-02-21 15:00:34.796666
579,2,313,26755.0,27204.0,26704.0,27100.0,,3139384,2026-02-21 15:00:34.796666
580,2,314,27103.0,27676.0,27103.0,27403.0,,2893689,2026-02-21 15:00:34.800000
581,2,315,27050.0,27394.0,26976.0,27328.0,,3663412,2026-02-21 15:00:34.800000
582,2,316,27250.0,27460.0,27133.0,27133.0,,2318193,2026-02-21 15:00:34.800000
583,2,317,27105.0,27713.0,27105.0,27400.0,,2410040,2026-02-21 15:00:34.800000
584,2,318,27290.0,27290.0,26630.0,26736.0,,3356296,2026-02-21 15:00:34.800000
585,2,319,27000.0,27045.0,26301.0,26482.0,,6878729,2026-02-21 15:00:34.803333
586,2,320,26400.0,26903.0,26164.0,26589.0,,2904340,2026-02-21 15:00:34.803333
587,2,321,26707.0,27352.0,26707.0,27102.0,,1799367,2026-02-21 15:00:34.803333
588,2,322,26589.0,26998.0,26425.0,26535.0,,3234333,2026-02-21 15:00:34.803333
589,2,323,27300.0,27300.0,26230.0,26362.0,,5040881,2026-02-21 15:00:34.806666
590,2,324,26955.0,26955.0,25900.0,26289.0,,3064123,2026-02-21 15:00:34.810000
591,2,325,26299.0,27038.0,26176.0,26856.0,,2169574,2026-02-21 15:00:34.810000
592,2,326,27096.0,27201.0,26715.0,27100.0,,1886311,2026-02-21 15:00:34.813333
593,2,327,27176.0,27600.0,27123.0,27529.0,,2737385,2026-02-21 15:00:34.813333
594,2,328,27529.0,27798.0,27451.0,27737.0,,1659402,2026-02-21 15:00:34.813333
595,2,329,27754.0,27849.0,27176.0,27230.0,,1598408,2026-02-21 15:00:34.816666
596,2,330,27151.0,27457.0,27025.0,27325.0,,2176652,2026-02-21 15:00:34.816666
597,2,331,27100.0,27350.0,27100.0,27265.0,,1654034,2026-02-21 15:00:34.816666
598,2,332,27176.0,27650.0,27176.0,27568.0,,2909948,2026-02-21 15:00:34.816666
599,2,333,27163.0,27999.0,27163.0,27673.0,,2419758,2026-02-21 15:00:34.816666
600,2,334,27577.0,28356.0,27577.0,28049.0,,2855683,2026-02-21 15:00:34.820000
601,2,335,28200.0,28692.0,27794.0,28396.0,,3555722,2026-02-21 15:00:34.820000
602,2,336,28350.0,28838.0,27987.0,28595.0,,9818086,2026-02-21 15:00:34.820000
603,2,337,28565.0,28737.0,27132.0,28336.0,,8670941,2026-02-21 15:00:34.820000
604,2,338,28500.0,28599.0,27888.0,28226.0,,1533472,2026-02-21 15:00:34.820000
605,2,339,28096.0,28656.0,28049.0,28570.0,,1023772,2026-02-21 15:00:34.820000
606,2,340,28560.0,28932.0,28477.0,28830.0,,360752,2026-02-21 15:00:34.820000
607,2,341,28699.0,29300.0,28676.0,28843.0,,955370,2026-02-21 15:00:34.826666
608,2,342,28535.0,29194.0,28535.0,28926.0,,1177717,2026-02-21 15:00:34.826666
609,2,343,28812.0,29040.0,28642.0,29040.0,,495083,2026-02-21 15:00:34.826666
610,2,344,29100.0,29254.0,28721.0,29142.0,,777873,2026-02-21 15:00:34.830000
611,2,345,29255.0,29263.0,28695.0,29083.0,,1370370,2026-02-21 15:00:34.830000
612,2,346,28600.0,29749.0,28600.0,29470.0,,2489392,2026-02-21 15:00:34.830000
613,2,347,29470.0,29921.0,28906.0,29249.0,,2777701,2026-02-21 15:00:34.830000
614,2,348,29195.0,29532.5,29015.0,29281.0,,1547424,2026-02-21 15:00:34.830000
615,2,349,29231.0,29584.0,29149.0,29324.0,,1290652,2026-02-21 15:00:34.830000
616,2,350,29196.0,29259.0,28555.0,28929.0,,2770781,2026-02-21 15:00:34.833333
617,2,351,28929.0,28941.0,28137.0,28279.0,,3437519,2026-02-21 15:00:34.833333
618,2,352,28350.0,28350.0,27838.0,28300.0,,2416454,2026-02-21 15:00:34.833333
619,2,353,28300.0,28847.0,28300.0,28820.0,,3416087,2026-02-21 15:00:34.833333
620,2,354,28822.0,29101.0,28401.0,28862.0,,3009908,2026-02-21 15:00:34.833333
621,2,355,28900.0,28959.0,28159.0,28865.0,,1587836,2026-02-21 15:00:34.836666
622,2,356,28999.0,29082.0,28617.0,28989.0,,1841508,2026-02-21 15:00:34.836666
623,2,357,28906.0,29094.0,28501.0,28900.0,,1352361,2026-02-21 15:00:34.836666
624,3,130,98785.24,100162.78,98635.65,98747.64,,4801135,2026-02-21 15:00:35.513333
625,3,131,97297.31,97297.31,91095.21,91171.21,,3657050,2026-02-21 15:00:35.513333
626,3,132,90195.86,91981.77,89403.69,91082.21,,2910550,2026-02-21 15:00:35.513333
627,3,133,93297.51,93815.49,92411.15,92695.54,,2609895,2026-02-21 15:00:35.516666
628,3,134,92768.33,93495.5,92099.96,92099.96,,2354685,2026-02-21 15:00:35.516666
629,3,135,89995.46,90504.64,88669.13,88669.13,,4627230,2026-02-21 15:00:35.516666
630,3,136,89395.9,91545.59,88995.71,90495.64,,2074400,2026-02-21 15:00:35.516666
631,3,137,91405.6,91995.57,89808.68,91037.22,,1859945,2026-02-21 15:00:35.520000
632,3,138,92995.52,94849.23,92995.52,93490.9,,2112870,2026-02-21 15:00:35.520000
633,3,139,97995.28,99697.6,97062.93,98512.86,,4177665,2026-02-21 15:00:35.520000
634,3,140,97515.1,97515.1,95019.22,96470.15,,3277140,2026-02-21 15:00:35.520000
635,3,141,94543.45,94758.44,92308.95,92308.95,,2958265,2026-02-21 15:00:35.523333
636,3,142,92319.76,93974.08,92155.56,92616.94,,2324535,2026-02-21 15:00:35.523333
637,3,143,91995.17,94209.86,91525.59,93216.71,,1919515,2026-02-21 15:00:35.526666
638,3,144,91995.57,93703.89,91667.59,92821.13,,1737855,2026-02-21 15:00:35.526666
639,3,145,95395.41,95974.38,93681.69,94307.66,,1869710,2026-02-21 15:00:35.526666
640,3,146,93517.1,95118.22,93401.71,94612.65,,2260850,2026-02-21 15:00:35.530000
641,3,147,96325.36,98405.47,95996.38,96235.37,,2674125,2026-02-21 15:00:35.530000
642,3,148,97004.13,99630.2,96215.37,97720.3,,2980645,2026-02-21 15:00:35.530000
643,3,149,95235.21,95355.41,92395.55,92777.13,,11855570,2026-02-21 15:00:35.530000
644,3,150,92935.52,94219.26,92595.54,93534.7,,2260535,2026-02-21 15:00:35.530000
645,3,151,92715.53,93361.1,91533.99,92745.13,,1536155,2026-02-21 15:00:35.530000
646,3,152,93135.72,94254.86,92940.32,92940.32,,2058930,2026-02-21 15:00:35.533333
647,3,153,93295.5,94531.24,92446.75,94531.24,,2142305,2026-02-21 15:00:35.533333
648,3,154,94525.45,94525.45,92022.17,92022.17,,1652910,2026-02-21 15:00:35.533333
649,3,155,90995.62,91599.59,89876.07,90355.65,,3601025,2026-02-21 15:00:35.533333
650,3,156,92116.96,93227.71,91050.01,92084.36,,2275215,2026-02-21 15:00:35.536666
651,3,157,92295.35,93700.09,92118.76,93700.09,,1509700,2026-02-21 15:00:35.536666
652,3,158,92815.53,93687.89,90395.65,92459.55,,4056545,2026-02-21 15:00:35.536666
653,3,159,92995.52,92995.52,85997.06,88302.95,,3478620,2026-02-21 15:00:35.536666
654,3,160,79949.35,87942.56,79639.17,86315.84,,3662690,2026-02-21 15:00:35.540000
655,3,161,85195.9,87805.17,84015.95,86453.04,,4715450,2026-02-21 15:00:35.540000
656,3,162,83695.97,86763.82,82628.62,84929.11,,3845915,2026-02-21 15:00:35.540000
657,3,163,86806.42,87995.76,85937.26,86656.63,,2375370,2026-02-21 15:00:35.540000
658,3,164,86455.83,87566.78,83850.96,85741.87,,2388945,2026-02-21 15:00:35.540000
659,3,165,87895.56,89897.87,87225.8,89838.47,,2138780,2026-02-21 15:00:35.543333
660,3,166,89657.69,90458.44,88367.35,89779.68,,1657840,2026-02-21 15:00:35.543333
661,3,167,88559.94,90182.45,87414.59,89212.7,,1831125,2026-02-21 15:00:35.543333
662,3,168,90095.66,90975.62,89437.09,90175.66,,2120040,2026-02-21 15:00:35.543333
663,3,169,91145.61,91495.59,90175.65,91277.8,,1634935,2026-02-21 15:00:35.546666
664,3,170,92995.52,96016.78,92995.52,95458.41,,2508295,2026-02-21 15:00:35.546666
665,3,171,93895.47,95888.78,93370.5,95637.39,,1745500,2026-02-21 15:00:35.546666
666,3,172,96399.36,98687.04,96399.36,97976.88,,2618715,2026-02-21 15:00:35.546666
667,3,173,96355.36,97495.31,95715.39,96695.34,,1670970,2026-02-21 15:00:35.550000
668,3,174,96815.94,98748.45,96741.34,97841.09,,1688320,2026-02-21 15:00:35.550000
669,3,175,99195.22,101857.89,99107.62,101508.51,,1542150,2026-02-21 15:00:35.550000
670,3,176,101395.11,101929.88,99939.79,100185.17,,1952045,2026-02-21 15:00:35.550000
671,3,177,101155.13,101577.11,98505.26,101577.11,,1332000,2026-02-21 15:00:35.550000
672,3,178,101185.13,101577.11,98797.04,99255.22,,2155690,2026-02-21 15:00:35.553333
673,3,179,100417.37,101308.72,99627.8,99627.8,,1249660,2026-02-21 15:00:35.553333
674,3,180,99815.19,101795.1,99795.19,101705.9,,1992195,2026-02-21 15:00:35.553333
675,3,181,103665.0,106194.88,103395.02,105852.1,,3513335,2026-02-21 15:00:35.553333
676,3,182,104592.96,106977.85,104318.37,106739.26,,2874360,2026-02-21 15:00:35.556666
677,3,183,107994.8,110434.68,106476.87,108794.76,,3302210,2026-02-21 15:00:35.556666
678,3,184,107914.8,107954.59,105503.52,106196.68,,2624615,2026-02-21 15:00:35.560000
679,3,185,105194.94,107003.85,104394.98,106640.07,,1405365,2026-02-21 15:00:35.560000
680,3,186,106190.49,106459.07,104133.38,105394.92,,2055060,2026-02-21 15:00:35.560000
681,3,187,104999.94,105894.9,103891.6,104294.77,,1766290,2026-02-21 15:00:35.560000
682,3,188,104194.99,106192.89,104012.99,105029.74,,1366440,2026-02-21 15:00:35.563333
683,3,189,104687.56,105721.11,104067.39,104994.95,,1867685,2026-02-21 15:00:35.563333
684,3,190,104518.57,105195.73,101607.91,103062.84,,1470765,2026-02-21 15:00:35.563333
685,3,191,101706.11,104480.97,101706.11,103564.41,,893400,2026-02-21 15:00:35.563333
686,3,192,102715.05,105634.12,102715.05,104784.95,,1582650,2026-02-21 15:00:35.566666
687,3,193,103774.6,104754.35,102995.04,103573.8,,1960990,2026-02-21 15:00:35.566666
688,3,194,104494.97,105389.52,103804.2,104924.34,,2376500,2026-02-21 15:00:35.566666
689,3,195,102895.04,103986.59,102605.45,103271.82,,6700900,2026-02-21 15:00:35.570000
690,3,196,102995.04,103984.99,102333.67,103467.41,,1306040,2026-02-21 15:00:35.570000
691,3,197,104209.78,104471.97,102620.26,103925.39,,1044170,2026-02-21 15:00:35.570000
692,3,198,104639.36,107683.41,104463.97,107029.64,,1453320,2026-02-21 15:00:35.570000
693,3,199,106894.85,109130.74,106680.26,108371.38,,2011040,2026-02-21 15:00:35.570000
694,3,200,108774.76,108774.76,106961.64,107162.63,,1055375,2026-02-21 15:00:35.573333
695,3,201,107594.82,109270.34,107354.83,108630.77,,1386730,2026-02-21 15:00:35.573333
696,3,202,108584.57,108815.76,107630.02,108270.39,,1514355,2026-02-21 15:00:35.576666
697,3,203,108294.79,109807.92,108294.79,108710.16,,1218775,2026-02-21 15:00:35.576666
698,3,204,108118.4,109521.73,107270.63,108735.37,,2074100,2026-02-21 15:00:35.576666
699,3,205,107394.83,107784.81,106244.88,106244.88,,2781230,2026-02-21 15:00:35.580000
700,3,206,107195.04,107884.81,105391.93,106603.47,,2621785,2026-02-21 15:00:35.580000
701,3,207,105464.32,107731.21,105094.94,106886.45,,2448500,2026-02-21 15:00:35.580000
702,3,208,105264.93,105988.69,103495.01,104556.76,,5616600,2026-02-21 15:00:35.580000
703,3,209,104225.98,106537.47,104225.98,104702.96,,6764920,2026-02-21 15:00:35.580000
704,3,210,105294.93,108978.95,104447.97,108137.99,,2468890,2026-02-21 15:00:35.580000
705,3,211,109984.71,111120.45,108954.55,110212.7,,3736990,2026-02-21 15:00:35.583333
706,3,212,110407.68,111872.82,109994.5,110156.49,,2184040,2026-02-21 15:00:35.583333
707,3,213,110159.3,111894.61,109747.92,110306.29,,2431535,2026-02-21 15:00:35.583333
708,3,214,109918.31,110844.66,109204.74,110127.9,,1891810,2026-02-21 15:00:35.586666
709,3,215,110338.69,111089.25,109140.74,110302.29,,1649135,2026-02-21 15:00:35.586666
710,3,216,111208.24,111265.84,109255.13,109412.33,,1558270,2026-02-21 15:00:35.586666
711,3,217,109550.12,109984.7,107670.02,108375.18,,1690435,2026-02-21 15:00:35.586666
712,3,218,107694.81,109063.35,107428.03,107653.61,,1143140,2026-02-21 15:00:35.586666
713,3,219,107892.8,107892.8,106897.85,107180.23,,973880,2026-02-21 15:00:35.590000
714,3,220,107648.41,109385.13,107167.23,109119.54,,1290415,2026-02-21 15:00:35.590000
715,3,221,108334.79,110976.26,108334.79,110527.08,,1372155,2026-02-21 15:00:35.590000
716,3,222,109334.74,111333.44,109168.14,109364.13,,1346305,2026-02-21 15:00:35.593333
717,3,223,109216.94,110421.88,109104.95,109104.95,,1111490,2026-02-21 15:00:35.593333
718,3,224,110094.7,110734.87,109161.34,110114.7,,1645535,2026-02-21 15:00:35.593333
719,3,225,110213.09,111190.05,107827.41,108414.58,,1626645,2026-02-21 15:00:35.593333
720,3,226,109794.71,111635.42,109595.92,110902.26,,1438855,2026-02-21 15:00:35.596666
721,3,227,111249.84,112377.59,109792.11,109792.11,,1491150,2026-02-21 15:00:35.596666
722,3,228,110596.87,111089.44,109781.51,110080.49,,1331315,2026-02-21 15:00:35.596666
723,3,229,110148.9,112283.99,110148.9,111656.83,,1145445,2026-02-21 15:00:35.596666
724,3,230,111794.61,112875.96,111453.63,112834.16,,914925,2026-02-21 15:00:35.596666
725,3,231,112854.56,113302.14,111814.22,112094.6,,890960,2026-02-21 15:00:35.600000
726,3,232,115994.42,118539.5,115595.83,118000.32,,2352115,2026-02-21 15:00:35.600000
727,3,233,118046.11,119594.24,117910.32,118126.91,,2055295,2026-02-21 15:00:35.600000
728,3,234,116984.37,117391.55,115838.82,116332.4,,1604635,2026-02-21 15:00:35.600000
729,3,235,116934.37,117482.55,114847.87,115016.46,,1162510,2026-02-21 15:00:35.600000
730,3,236,114873.47,116353.79,114604.48,114994.46,,885300,2026-02-21 15:00:35.600000
731,3,237,114494.09,114792.47,112946.16,113340.54,,1194715,2026-02-21 15:00:35.600000
732,3,238,113552.53,114311.49,111955.61,112902.96,,1963000,2026-02-21 15:00:35.603333
733,3,239,111616.83,112394.59,108470.78,108572.17,,2438575,2026-02-21 15:00:35.603333
734,3,240,110994.66,112346.59,110196.69,111483.03,,1970655,2026-02-21 15:00:35.603333
735,3,241,112884.56,112884.56,110553.67,111581.02,,1926290,2026-02-21 15:00:35.603333
736,3,242,112213.99,113858.12,111997.6,112226.8,,1430890,2026-02-21 15:00:35.603333
737,3,243,111744.62,113702.13,111632.42,112260.39,,1471400,2026-02-21 15:00:35.603333
738,3,244,111136.25,112194.6,110967.45,111959.01,,1114435,2026-02-21 15:00:35.606666
739,3,245,111959.0,112684.57,111079.25,111684.02,,942590,2026-02-21 15:00:35.606666
740,3,246,112184.6,113834.52,111089.86,112321.2,,1086955,2026-02-21 15:00:35.610000
741,3,247,115305.45,118394.3,115194.05,117087.56,,2074170,2026-02-21 15:00:35.610000
742,3,248,116614.39,117779.53,115919.02,116189.61,,1350370,2026-02-21 15:00:35.610000
743,3,249,116570.59,118194.1,116570.59,116600.38,,1663380,2026-02-21 15:00:35.610000
744,3,250,115798.82,117354.95,115559.83,116137.61,,1184190,2026-02-21 15:00:35.613333
745,3,251,116834.38,117134.16,115685.23,115731.03,,1238350,2026-02-21 15:00:35.613333
746,3,252,115994.21,116492.59,113947.51,114674.68,,1298205,2026-02-21 15:00:35.613333
747,3,253,115294.45,115511.64,113394.54,113432.34,,1445045,2026-02-21 15:00:35.613333
748,3,254,114054.5,116556.78,113775.31,116232.8,,1942130,2026-02-21 15:00:35.616666
749,3,255,117966.32,119174.26,117129.16,118656.49,,1588625,2026-02-21 15:00:35.616666
750,3,256,117687.54,118542.09,116996.76,118260.7,,5901365,2026-02-21 15:00:35.620000
751,3,257,117274.36,117274.36,115266.05,115892.22,,1549355,2026-02-21 15:00:35.620000
752,3,258,116118.41,116592.38,115199.85,115646.43,,1248930,2026-02-21 15:00:35.620000
753,3,259,116094.41,116785.38,115354.45,116167.8,,1458735,2026-02-21 15:00:35.620000
754,3,260,117694.34,117694.34,114598.09,114598.09,,1109165,2026-02-21 15:00:35.620000
755,3,261,114780.87,114830.27,112098.2,113077.55,,1626320,2026-02-21 15:00:35.623333
756,3,262,113474.53,114054.51,112405.79,113194.55,,1450835,2026-02-21 15:00:35.623333
757,3,263,113114.55,113984.51,112558.37,113007.16,,1897560,2026-02-21 15:00:35.623333
758,3,264,114614.48,115889.21,114216.7,114477.48,,1315775,2026-02-21 15:00:35.626666
759,3,265,116094.41,116519.59,114235.7,114734.48,,1619920,2026-02-21 15:00:35.626666
760,3,266,115072.66,116683.38,114926.86,116428.79,,1868790,2026-02-21 15:00:35.626666
761,3,267,117325.75,118265.91,115809.63,115981.81,,1257180,2026-02-21 15:00:35.630000
762,3,268,115974.42,117662.73,114937.47,116989.77,,1162210,2026-02-21 15:00:35.630000
763,3,269,118014.32,118538.09,117013.57,117463.55,,1318025,2026-02-21 15:00:35.630000
764,3,270,117302.15,118193.11,116594.18,117838.13,,1311885,2026-02-21 15:00:35.630000
765,3,271,118600.49,119014.26,117344.55,117702.33,,1496535,2026-02-21 15:00:35.633333
766,3,272,119894.22,121329.76,119589.84,120662.19,,1446770,2026-02-21 15:00:35.633333
767,3,273,118647.89,123176.27,118122.71,122459.5,,5128240,2026-02-21 15:00:35.633333
768,3,274,122394.11,123246.67,120004.22,121394.16,,3837240,2026-02-21 15:00:35.636666
769,3,275,121756.53,121756.53,118736.08,120194.21,,2091015,2026-02-21 15:00:35.636666
770,3,276,119634.24,120891.78,118742.28,118742.28,,1791215,2026-02-21 15:00:35.636666
771,3,277,118816.48,121235.37,118043.71,120554.2,,2796070,2026-02-21 15:00:35.636666
772,3,278,120188.61,121585.54,119758.83,121294.16,,1479385,2026-02-21 15:00:35.640000
773,3,279,123098.67,124360.61,122694.09,123783.84,,1209030,2026-02-21 15:00:35.640000
774,3,280,123394.06,126436.91,122914.08,125087.58,,2553390,2026-02-21 15:00:35.640000
775,3,281,126293.92,127993.84,122795.09,126355.91,,1819679,2026-02-21 15:00:35.643333
776,3,282,129743.75,129743.75,127174.87,127978.84,,1073688,2026-02-21 15:00:35.643333
777,3,283,128893.79,131137.68,127821.84,130560.71,,1509806,2026-02-21 15:00:35.643333
778,3,284,130740.7,130740.7,127257.87,128321.82,,1594656,2026-02-21 15:00:35.643333
779,3,285,128493.81,128993.78,127221.87,127264.87,,1574372,2026-02-21 15:00:35.646666
780,3,286,127283.87,129146.78,126120.93,127712.85,,1351150,2026-02-21 15:00:35.646666
781,3,287,127363.87,128416.82,125925.94,125925.94,,1558694,2026-02-21 15:00:35.650000
782,3,288,122997.07,124993.98,122794.08,123091.07,,1374583,2026-02-21 15:00:35.650000
783,3,289,121588.14,123081.07,120994.17,121138.16,,1554177,2026-02-21 15:00:35.650000
784,3,290,119995.22,121063.17,119037.27,120519.2,,2026714,2026-02-21 15:00:35.650000
785,3,291,121994.12,122994.08,120279.21,120666.19,,1847098,2026-02-21 15:00:35.650000
786,3,292,119984.22,120663.19,118796.28,118866.27,,1893641,2026-02-21 15:00:35.653333
787,3,293,117996.32,119326.26,116723.38,118315.3,,1868309,2026-02-21 15:00:35.653333
788,3,294,120327.2,121252.16,119657.23,119657.23,,1404951,2026-02-21 15:00:35.653333
789,3,295,120261.21,120831.18,119556.24,120383.2,,1727114,2026-02-21 15:00:35.653333
790,3,296,119387.25,121256.16,119387.25,120365.2,,2312910,2026-02-21 15:00:35.656666
791,3,297,121419.15,122647.09,120247.21,122246.11,,1153989,2026-02-21 15:00:35.656666
792,3,298,122710.09,124649.0,122665.09,123644.05,,1763427,2026-02-21 15:00:35.660000
793,3,299,125393.96,129311.77,125330.96,128258.82,,1511394,2026-02-21 15:00:35.660000
794,3,300,126531.91,129565.76,126073.93,126073.93,,2426450,2026-02-21 15:00:35.660000
795,3,301,126543.91,127958.84,125349.96,127186.88,,1433362,2026-02-21 15:00:35.660000
796,3,302,125820.94,127380.87,124301.01,125093.98,,2110994,2026-02-21 15:00:35.660000
797,3,303,122504.1,123699.04,120997.17,121997.13,,1897528,2026-02-21 15:00:35.663333
798,3,304,121994.12,123406.05,121282.16,122394.1,,1283923,2026-02-21 15:00:35.663333
799,3,305,121294.16,123444.05,120688.19,123431.05,,848902,2026-02-21 15:00:35.663333
800,3,306,122204.12,123781.04,121582.15,123311.06,,1160554,2026-02-21 15:00:35.663333
801,3,307,123324.06,126787.89,123324.06,125876.94,,1172878,2026-02-21 15:00:35.663333
802,3,308,124893.99,125393.96,121190.17,121699.14,,1275916,2026-02-21 15:00:35.666666
803,3,309,123884.03,126557.9,123195.06,124379.01,,1526498,2026-02-21 15:00:35.666666
804,3,310,124380.01,124641.0,122229.11,122494.1,,1666514,2026-02-21 15:00:35.666666
805,3,311,122994.08,124993.98,122994.08,123755.04,,1208150,2026-02-21 15:00:35.666666
806,3,312,123587.04,128945.79,122905.08,127093.88,,1782837,2026-02-21 15:00:35.666666
807,3,313,123948.03,126192.92,121344.16,121989.13,,1792214,2026-02-21 15:00:35.666666
808,3,314,122706.09,123333.06,120699.18,121618.14,,1287664,2026-02-21 15:00:35.670000
809,3,315,120394.2,120659.19,118196.31,119250.26,,1507752,2026-02-21 15:00:35.670000
810,3,316,119394.25,121544.15,118819.28,119444.25,,1601251,2026-02-21 15:00:35.670000
811,3,317,119494.24,121289.66,117706.33,118237.3,,1625333,2026-02-21 15:00:35.670000
812,3,318,115994.41,116587.38,112594.58,116099.41,,1235789,2026-02-21 15:00:35.670000
813,3,319,118994.27,119693.23,113897.51,115587.43,,3794992,2026-02-21 15:00:35.670000
814,3,320,115794.42,115794.42,112994.56,113175.55,,1821953,2026-02-21 15:00:35.670000
815,3,321,113994.51,114994.46,113574.53,113574.53,,1312930,2026-02-21 15:00:35.670000
816,3,322,113494.53,114155.5,109132.74,109994.7,,1597463,2026-02-21 15:00:35.673333
817,3,323,111294.64,111294.64,106890.85,107000.84,,2728455,2026-02-21 15:00:35.673333
818,3,324,108094.79,109198.74,106643.86,109094.74,,1957848,2026-02-21 15:00:35.673333
819,3,325,107994.8,109994.7,105437.92,105437.92,,1661406,2026-02-21 15:00:35.676666
820,3,326,106295.0,106295.0,103937.0,104365.0,,1844811,2026-02-21 15:00:35.676666
821,3,327,104500.0,107018.0,104224.0,105731.0,,2388666,2026-02-21 15:00:35.676666
822,3,328,106500.0,107154.0,104977.0,106400.0,,1394021,2026-02-21 15:00:35.676666
823,3,329,106410.0,107000.0,103938.0,103938.0,,1389857,2026-02-21 15:00:35.676666
824,3,330,104500.0,104543.0,102500.0,103680.0,,1895535,2026-02-21 15:00:35.676666
825,3,331,104400.0,106307.0,103392.0,105939.0,,1837325,2026-02-21 15:00:35.680000
826,3,332,105939.0,109634.0,105939.0,108560.0,,2049441,2026-02-21 15:00:35.680000
827,3,333,110100.0,113185.0,109324.0,110200.0,,1974317,2026-02-21 15:00:35.680000
828,3,334,106600.0,109350.0,106600.0,108050.0,,1810975,2026-02-21 15:00:35.680000
829,3,335,107346.0,109367.0,107097.0,108200.0,,2818122,2026-02-21 15:00:35.680000
830,3,336,107400.0,109213.0,106300.0,108822.0,,7187038,2026-02-21 15:00:35.680000
831,3,337,111000.0,115935.0,110317.0,113238.0,,10733743,2026-02-21 15:00:35.683333
832,3,338,112376.0,113541.0,110400.0,111322.0,,1034423,2026-02-21 15:00:35.683333
833,3,339,110700.0,112823.0,110250.0,112000.0,,1069412,2026-02-21 15:00:35.683333
834,3,340,112100.0,113511.0,111863.0,112019.0,,359481,2026-02-21 15:00:35.683333
835,3,341,111322.0,112599.0,111255.0,111931.0,,798066,2026-02-21 15:00:35.683333
836,3,342,112811.0,113518.0,111530.0,111943.0,,819684,2026-02-21 15:00:35.683333
837,3,343,112000.0,112510.0,109858.0,110451.0,,495480,2026-02-21 15:00:35.683333
838,3,344,113408.0,113993.0,110738.0,111177.0,,947932,2026-02-21 15:00:35.686666
839,3,345,112400.0,112558.0,110894.0,111127.0,,1124060,2026-02-21 15:00:35.686666
840,3,346,111500.0,114211.0,111500.0,113656.0,,1447675,2026-02-21 15:00:35.686666
841,3,347,112800.0,114356.0,111060.0,113709.0,,1710511,2026-02-21 15:00:35.686666
842,3,348,112000.0,113192.0,111367.0,111876.0,,808468,2026-02-21 15:00:35.686666
843,3,349,111160.0,111623.0,110123.0,110435.0,,1005038,2026-02-21 15:00:35.690000
844,3,350,111990.0,113000.0,111464.0,112782.0,,986880,2026-02-21 15:00:35.690000
845,3,351,113047.0,115559.0,112948.0,114484.0,,1391675,2026-02-21 15:00:35.690000
846,3,352,113964.0,115053.0,112900.0,114417.0,,2230672,2026-02-21 15:00:35.690000
847,3,353,113555.0,114298.0,110182.0,110375.0,,1851830,2026-02-21 15:00:35.690000
848,3,354,110400.0,111397.0,109033.0,109033.0,,1948399,2026-02-21 15:00:35.693333
849,3,355,108582.0,109200.0,106831.0,106868.0,,1155620,2026-02-21 15:00:35.693333
850,3,356,106100.0,106702.0,103628.0,103858.0,,2070882,2026-02-21 15:00:35.693333
851,3,357,103800.0,104503.0,100735.0,101661.0,,2249462,2026-02-21 15:00:35.693333
852,4,130,11196.46,11560.35,11182.47,11435.39,,4397125,2026-02-21 15:00:36.190000
853,4,131,11434.39,11711.3,11361.41,11644.32,,3231790,2026-02-21 15:00:36.193333
854,4,132,11696.3,11948.22,11575.34,11896.24,,3960012,2026-02-21 15:00:36.193333
855,4,133,11844.26,11943.23,11684.31,11843.26,,3835857,2026-02-21 15:00:36.196666
856,4,134,11546.35,12412.08,11449.38,11724.29,,7727091,2026-02-21 15:00:36.196666
857,4,135,11725.29,12327.1,11725.29,11818.26,,10345809,2026-02-21 15:00:36.196666
858,4,136,11895.24,11994.21,11449.38,11801.27,,3730913,2026-02-21 15:00:36.196666
859,4,137,11697.3,11810.27,11463.38,11544.35,,4250377,2026-02-21 15:00:36.196666
860,4,138,11693.3,11709.3,11512.36,11656.32,,3781337,2026-02-21 15:00:36.200000
861,4,139,11656.32,11820.26,11497.37,11551.35,,2816584,2026-02-21 15:00:36.200000
862,4,140,11473.37,11612.33,11371.41,11529.36,,3427986,2026-02-21 15:00:36.200000
863,4,141,11496.37,11640.32,11401.4,11401.4,,4180223,2026-02-21 15:00:36.200000
864,4,142,11366.41,11382.4,11169.47,11288.43,,4828366,2026-02-21 15:00:36.200000
865,4,143,11288.43,11340.42,10921.55,11152.48,,4020872,2026-02-21 15:00:36.200000
866,4,144,10996.52,11281.43,10996.52,11174.47,,5891740,2026-02-21 15:00:36.203333
867,4,145,11145.48,11401.4,11067.5,11338.42,,4474006,2026-02-21 15:00:36.203333
868,4,146,11019.52,11726.29,11019.52,11515.36,,5097525,2026-02-21 15:00:36.203333
869,4,147,11546.35,11592.34,11270.44,11493.37,,3532993,2026-02-21 15:00:36.203333
870,4,148,11396.4,11771.28,11396.4,11656.32,,4724783,2026-02-21 15:00:36.206666
871,4,149,11421.39,11884.24,11421.39,11801.27,,18043077,2026-02-21 15:00:36.206666
872,4,150,11716.3,12485.05,11716.3,12485.05,,6267246,2026-02-21 15:00:36.210000
873,4,151,12486.05,12666.0,12342.1,12636.01,,7279651,2026-02-21 15:00:36.210000
874,4,152,12636.01,12727.98,12506.05,12653.0,,5384405,2026-02-21 15:00:36.210000
875,4,153,12600.02,12695.99,12188.15,12290.12,,4241935,2026-02-21 15:00:36.213333
876,4,154,12196.15,12541.04,12196.15,12490.05,,8556675,2026-02-21 15:00:36.213333
877,4,155,12446.07,12595.02,12314.11,12319.11,,7183066,2026-02-21 15:00:36.213333
878,4,156,12344.1,12491.05,12213.14,12408.08,,3990196,2026-02-21 15:00:36.213333
879,4,157,12396.08,12428.07,11979.21,12090.18,,4605610,2026-02-21 15:00:36.213333
880,4,158,11884.24,11964.22,11036.51,11305.43,,13200657,2026-02-21 15:00:36.216666
881,4,159,11096.49,11296.43,10461.69,10548.67,,8190494,2026-02-21 15:00:36.216666
882,4,160,10371.72,10691.62,9948.86,10351.73,,12092168,2026-02-21 15:00:36.216666
883,4,161,10497.68,10946.54,10180.78,10914.55,,9331258,2026-02-21 15:00:36.216666
884,4,162,10600.0,10600.0,10130.0,10400.0,,8966325,2026-02-21 15:00:36.216666
885,4,163,10914.0,11255.0,10595.0,10650.0,,7916444,2026-02-21 15:00:36.216666
886,4,164,10668.0,10765.0,10385.0,10455.0,,6122634,2026-02-21 15:00:36.220000
887,4,165,10455.0,11075.0,10455.0,11028.0,,5158959,2026-02-21 15:00:36.220000
888,4,166,11000.0,11059.0,10898.0,11038.0,,4133022,2026-02-21 15:00:36.220000
889,4,167,10990.0,11301.0,10929.0,11197.0,,4698619,2026-02-21 15:00:36.220000
890,4,168,11189.0,11189.0,10525.0,11003.0,,6602340,2026-02-21 15:00:36.220000
891,4,169,11100.0,11330.0,11018.0,11179.0,,4932397,2026-02-21 15:00:36.220000
892,4,170,11420.0,11560.0,11100.0,11124.0,,4937224,2026-02-21 15:00:36.220000
893,4,171,11101.0,11500.0,11095.0,11312.0,,4431882,2026-02-21 15:00:36.220000
894,4,172,11459.0,11552.0,11320.0,11552.0,,5584982,2026-02-21 15:00:36.220000
895,4,173,11549.0,11968.0,11370.0,11931.0,,4250263,2026-02-21 15:00:36.223333
896,4,174,11850.0,12449.0,11761.0,12271.0,,8186067,2026-02-21 15:00:36.223333
897,4,175,12110.0,12415.0,12080.0,12195.0,,3229979,2026-02-21 15:00:36.226666
898,4,176,12195.0,12255.0,11800.0,11870.0,,5033141,2026-02-21 15:00:36.226666
899,4,177,11850.0,12020.0,11622.0,11996.0,,1865950,2026-02-21 15:00:36.230000
900,4,178,11988.0,12079.0,11747.0,11825.0,,3414783,2026-02-21 15:00:36.230000
901,4,179,11825.0,12044.0,11698.0,11913.0,,5076476,2026-02-21 15:00:36.230000
902,4,180,11800.0,12244.0,11800.0,11827.0,,5599367,2026-02-21 15:00:36.230000
903,4,181,11800.0,12214.0,11796.0,11888.0,,3500492,2026-02-21 15:00:36.233333
904,4,182,11800.0,12178.0,11800.0,12058.0,,5443089,2026-02-21 15:00:36.233333
905,4,183,12060.0,12092.0,11830.0,11950.0,,6061354,2026-02-21 15:00:36.233333
906,4,184,11813.0,12207.0,11813.0,12016.0,,5035695,2026-02-21 15:00:36.233333
907,4,185,11900.0,12130.0,11840.0,12130.0,,4079528,2026-02-21 15:00:36.233333
908,4,186,11968.0,12060.0,11817.0,11997.0,,3046866,2026-02-21 15:00:36.236666
909,4,187,11871.0,12260.0,11871.0,12260.0,,3004486,2026-02-21 15:00:36.236666
910,4,188,12125.0,12476.0,12045.0,12104.0,,3765401,2026-02-21 15:00:36.236666
911,4,189,12104.0,12104.0,11918.0,12000.0,,2722546,2026-02-21 15:00:36.236666
912,4,190,12020.0,12176.0,11845.0,12176.0,,2553952,2026-02-21 15:00:36.240000
913,4,191,11875.0,12376.0,11875.0,11969.0,,1700121,2026-02-21 15:00:36.240000
914,4,192,11830.0,12127.0,11830.0,12032.0,,4587357,2026-02-21 15:00:36.240000
915,4,193,12000.0,12622.0,11989.0,12497.0,,5797510,2026-02-21 15:00:36.240000
916,4,194,12677.0,12975.0,12520.0,12800.0,,3427097,2026-02-21 15:00:36.243333
917,4,195,12701.0,12918.0,12451.0,12500.0,,9703596,2026-02-21 15:00:36.243333
918,4,196,12494.0,12588.0,12371.0,12569.0,,2765921,2026-02-21 15:00:36.243333
919,4,197,12540.0,13133.0,12540.0,13133.0,,4667261,2026-02-21 15:00:36.246666
920,4,198,13188.0,13484.0,13025.0,13186.0,,3676982,2026-02-21 15:00:36.246666
921,4,199,13214.0,13272.0,13007.0,13024.0,,3305798,2026-02-21 15:00:36.246666
922,4,200,12950.0,13138.0,12909.0,13014.0,,2061834,2026-02-21 15:00:36.250000
923,4,201,12954.0,13089.0,12869.0,13071.0,,2778883,2026-02-21 15:00:36.250000
924,4,202,12950.0,13375.0,12950.0,13309.0,,4587051,2026-02-21 15:00:36.250000
925,4,203,13179.0,13366.0,13003.0,13174.0,,2757166,2026-02-21 15:00:36.250000
926,4,204,12940.0,13437.0,12925.0,13424.0,,33684983,2026-02-21 15:00:36.250000
927,4,205,13137.0,13422.0,12950.0,13250.0,,7300275,2026-02-21 15:00:36.250000
928,4,206,13000.0,13295.0,12610.0,12670.0,,7541960,2026-02-21 15:00:36.250000
929,4,207,12580.0,12892.0,12295.0,12821.0,,6133529,2026-02-21 15:00:36.250000
930,4,208,12700.0,12900.0,12455.0,12712.0,,10215180,2026-02-21 15:00:36.253333
931,4,209,12530.0,12840.0,12530.0,12699.0,,10730417,2026-02-21 15:00:36.253333
932,4,210,12350.0,12774.0,12350.0,12721.0,,2410935,2026-02-21 15:00:36.253333
933,4,211,12807.0,13440.0,12803.0,13149.0,,5453357,2026-02-21 15:00:36.253333
934,4,212,13150.0,13497.0,13096.0,13190.0,,3288359,2026-02-21 15:00:36.256666
935,4,213,13339.0,13999.0,13299.0,13999.0,,7516115,2026-02-21 15:00:36.256666
936,4,214,13751.0,14184.0,13751.0,14000.0,,5868948,2026-02-21 15:00:36.256666
937,4,215,13953.0,14216.0,13930.0,14084.0,,4237747,2026-02-21 15:00:36.260000
938,4,216,14369.0,14369.0,14096.0,14200.0,,6986611,2026-02-21 15:00:36.260000
939,4,217,14090.0,14296.0,13771.0,13887.0,,6668382,2026-02-21 15:00:36.260000
940,4,218,13952.0,14155.0,13806.0,14044.0,,4250125,2026-02-21 15:00:36.260000
941,4,219,14000.0,14114.0,13900.0,13997.0,,2408641,2026-02-21 15:00:36.260000
942,4,220,14005.0,14184.0,13879.0,14167.0,,2855264,2026-02-21 15:00:36.260000
943,4,221,14024.0,14260.0,13927.0,14244.0,,4871633,2026-02-21 15:00:36.263333
944,4,222,14100.0,14453.0,14100.0,14364.0,,5565715,2026-02-21 15:00:36.263333
945,4,223,14102.0,14450.0,14102.0,14338.0,,3065911,2026-02-21 15:00:36.263333
946,4,224,14330.0,14405.0,14093.0,14230.0,,4836162,2026-02-21 15:00:36.263333
947,4,225,14050.0,14266.0,14005.0,14266.0,,4799972,2026-02-21 15:00:36.266666
948,4,226,14230.0,14350.0,13955.0,13985.0,,4768612,2026-02-21 15:00:36.266666
949,4,227,14059.0,14317.0,13835.0,14317.0,,5019214,2026-02-21 15:00:36.266666
950,4,228,14380.0,14599.0,14325.0,14564.0,,5692955,2026-02-21 15:00:36.266666
951,4,229,14475.0,14716.0,14475.0,14595.0,,3683897,2026-02-21 15:00:36.266666
952,4,230,14585.0,14747.0,14340.0,14480.0,,4117559,2026-02-21 15:00:36.270000
953,4,231,14300.0,14555.0,14300.0,14420.0,,3247023,2026-02-21 15:00:36.270000
954,4,232,14500.0,14505.0,13991.0,14033.0,,4915645,2026-02-21 15:00:36.270000
955,4,233,14107.0,14399.0,13909.0,14308.0,,7131402,2026-02-21 15:00:36.270000
956,4,234,14120.0,14468.0,14120.0,14145.0,,8572031,2026-02-21 15:00:36.270000
957,4,235,14480.0,14480.0,14076.0,14258.0,,3068167,2026-02-21 15:00:36.270000
958,4,236,14328.0,14585.0,14233.0,14585.0,,6052871,2026-02-21 15:00:36.270000
959,4,237,14600.0,14737.0,14370.0,14520.0,,3576303,2026-02-21 15:00:36.273333
960,4,238,14686.0,15677.0,14641.0,15335.0,,12921197,2026-02-21 15:00:36.273333
961,4,239,15219.0,15616.0,15034.0,15566.0,,9858947,2026-02-21 15:00:36.276666
962,4,240,15550.0,15718.0,15237.0,15382.0,,8782145,2026-02-21 15:00:36.276666
963,4,241,15471.0,15887.0,15399.0,15404.0,,10774339,2026-02-21 15:00:36.280000
964,4,242,15422.0,15915.0,15280.0,15915.0,,5552454,2026-02-21 15:00:36.280000
965,4,243,15813.0,16965.0,15726.0,16762.0,,14172695,2026-02-21 15:00:36.280000
966,4,244,16790.0,16907.0,16483.0,16500.0,,4639658,2026-02-21 15:00:36.280000
967,4,245,16600.0,16684.0,16423.0,16684.0,,5133852,2026-02-21 15:00:36.280000
968,4,246,16665.0,17345.0,16651.0,17200.0,,7264535,2026-02-21 15:00:36.283333
969,4,247,17200.0,17351.0,17098.0,17212.0,,6966077,2026-02-21 15:00:36.283333
970,4,248,17200.0,17325.0,16988.0,17268.0,,12454337,2026-02-21 15:00:36.283333
971,4,249,17390.0,17423.0,17047.0,17178.0,,6947726,2026-02-21 15:00:36.283333
972,4,250,17200.0,17284.0,15462.0,15734.0,,11727589,2026-02-21 15:00:36.283333
973,4,251,15399.0,16746.0,15399.0,15606.0,,8407084,2026-02-21 15:00:36.286666
974,4,252,15465.0,15858.0,15383.0,15712.0,,5060657,2026-02-21 15:00:36.286666
975,4,253,15700.0,15805.0,15550.0,15650.0,,5873102,2026-02-21 15:00:36.286666
976,4,254,15644.0,15812.0,15515.0,15639.0,,7863741,2026-02-21 15:00:36.290000
977,4,255,15420.0,15580.0,15288.0,15480.0,,4284204,2026-02-21 15:00:36.290000
978,4,256,15400.0,15460.0,14978.0,14978.0,,16522582,2026-02-21 15:00:36.293333
979,4,257,14951.0,15094.0,14722.0,15046.0,,4993764,2026-02-21 15:00:36.293333
980,4,258,15189.0,15298.0,14903.0,15233.0,,5003176,2026-02-21 15:00:36.293333
981,4,259,15046.0,15272.0,14897.0,14980.0,,5464559,2026-02-21 15:00:36.296666
982,4,260,14850.0,15079.0,14343.0,14551.0,,6300630,2026-02-21 15:00:36.296666
983,4,261,14609.0,14615.0,14160.0,14312.0,,6709398,2026-02-21 15:00:36.296666
984,4,262,14500.0,14785.0,13768.0,13980.0,,6982303,2026-02-21 15:00:36.300000
985,4,263,14231.0,14236.0,13737.0,13869.0,,10639862,2026-02-21 15:00:36.300000
986,4,264,13700.0,14176.0,13700.0,13956.0,,7392022,2026-02-21 15:00:36.300000
987,4,265,13948.0,14130.0,13785.0,13956.0,,6096595,2026-02-21 15:00:36.300000
988,4,266,13883.0,14037.0,13802.0,13881.0,,6734172,2026-02-21 15:00:36.300000
989,4,267,13868.0,14101.0,13704.0,13803.0,,5672128,2026-02-21 15:00:36.303333
990,4,268,13700.0,13972.0,13603.0,13782.0,,5554507,2026-02-21 15:00:36.303333
991,4,269,13855.0,13855.0,13443.0,13692.0,,6727918,2026-02-21 15:00:36.303333
992,4,270,13866.0,14199.0,13691.0,14078.0,,6387349,2026-02-21 15:00:36.303333
993,4,271,14010.0,15010.0,13982.0,14849.0,,11246302,2026-02-21 15:00:36.303333
994,4,272,14858.0,14900.0,14486.0,14664.0,,5937400,2026-02-21 15:00:36.303333
995,4,273,14426.0,14644.0,14020.0,14133.0,,16011632,2026-02-21 15:00:36.303333
996,4,274,14135.0,14233.0,13500.0,13800.0,,17505044,2026-02-21 15:00:36.306666
997,4,275,13904.0,13904.0,13574.0,13700.0,,5123215,2026-02-21 15:00:36.306666
998,4,276,13565.0,13866.0,13565.0,13784.0,,7432639,2026-02-21 15:00:36.306666
999,4,277,13725.0,13731.0,13454.0,13529.0,,7862117,2026-02-21 15:00:36.306666
1000,4,278,13507.0,13868.0,13316.0,13841.0,,4604167,2026-02-21 15:00:36.310000
1001,4,279,13945.0,13945.0,13711.0,13800.0,,4048990,2026-02-21 15:00:36.310000
1002,4,280,13799.0,14500.0,13741.0,14500.0,,11058112,2026-02-21 15:00:36.310000
1003,4,281,14488.0,14849.0,14211.0,14738.0,,7484367,2026-02-21 15:00:36.310000
1004,4,282,14700.0,14748.0,14173.0,14315.0,,6155838,2026-02-21 15:00:36.310000
1005,4,283,14315.0,14661.0,14271.5,14647.0,,4175950,2026-02-21 15:00:36.310000
1006,4,284,14585.0,14747.0,14240.0,14372.0,,3194496,2026-02-21 15:00:36.310000
1007,4,285,14420.0,14868.0,14283.0,14847.0,,6147928,2026-02-21 15:00:36.313333
1008,4,286,14729.0,15405.0,14728.5,15202.0,,5610791,2026-02-21 15:00:36.313333
1009,4,287,15050.0,15349.0,14779.0,15262.0,,5080470,2026-02-21 15:00:36.313333
1010,4,288,15350.0,15598.0,15058.0,15477.0,,3376139,2026-02-21 15:00:36.313333
1011,4,289,15304.0,15459.0,15092.0,15357.0,,3055539,2026-02-21 15:00:36.313333
1012,4,290,15350.0,15350.0,15041.0,15284.0,,3166042,2026-02-21 15:00:36.313333
1013,4,291,15230.0,16512.0,15230.0,16512.0,,9699605,2026-02-21 15:00:36.316666
1014,4,292,16510.0,16700.0,16000.0,16274.0,,3942604,2026-02-21 15:00:36.316666
1015,4,293,16120.0,16694.0,15874.0,16583.0,,6217109,2026-02-21 15:00:36.316666
1016,4,294,16700.0,16780.0,16257.0,16336.0,,2326130,2026-02-21 15:00:36.316666
1017,4,295,16057.0,16498.0,15931.0,16225.0,,5524476,2026-02-21 15:00:36.316666
1018,4,296,16210.0,16739.0,16026.0,16674.0,,6066193,2026-02-21 15:00:36.316666
1019,4,297,16620.0,16777.0,16465.0,16699.0,,3392904,2026-02-21 15:00:36.320000
1020,4,298,16350.0,16967.0,16350.0,16670.0,,3462143,2026-02-21 15:00:36.320000
1021,4,299,16502.0,16834.0,16502.0,16700.0,,3954209,2026-02-21 15:00:36.320000
1022,4,300,16600.0,17422.0,16600.0,17200.0,,6012180,2026-02-21 15:00:36.320000
1023,4,301,17337.0,17358.0,16687.0,16908.0,,4254307,2026-02-21 15:00:36.320000
1024,4,302,16830.0,17096.0,16765.0,17013.0,,3353936,2026-02-21 15:00:36.320000
1025,4,303,17200.0,17577.0,17040.0,17293.0,,5320795,2026-02-21 15:00:36.320000
1026,4,304,16955.0,17450.0,16955.0,17320.0,,3584556,2026-02-21 15:00:36.320000
1027,4,305,17300.0,17392.0,16810.0,16810.0,,5049736,2026-02-21 15:00:36.320000
1028,4,306,16980.0,17212.0,16639.0,17034.0,,4884958,2026-02-21 15:00:36.323333
1029,4,307,17230.0,17230.0,16558.0,16558.0,,4696417,2026-02-21 15:00:36.323333
1030,4,308,16500.0,16820.0,16208.0,16474.0,,3559156,2026-02-21 15:00:36.323333
1031,4,309,16511.0,17074.0,16511.0,16863.0,,3305565,2026-02-21 15:00:36.323333
1032,4,310,16750.0,17230.0,16750.0,16800.0,,4337816,2026-02-21 15:00:36.323333
1033,4,311,16790.0,16800.0,16273.0,16410.0,,6173146,2026-02-21 15:00:36.326666
1034,4,312,16273.0,17069.0,16273.0,16918.0,,4091240,2026-02-21 15:00:36.326666
1035,4,313,16640.0,17039.0,16640.0,16845.0,,3307313,2026-02-21 15:00:36.326666
1036,4,314,17115.0,17115.0,16338.0,16760.0,,3388910,2026-02-21 15:00:36.326666
1037,4,315,16505.0,16898.0,16478.0,16695.0,,2694783,2026-02-21 15:00:36.326666
1038,4,316,16690.0,17089.0,16544.0,17010.0,,2745171,2026-02-21 15:00:36.326666
1039,4,317,17000.0,17543.0,16906.0,17203.0,,3336189,2026-02-21 15:00:36.330000
1040,4,318,16612.0,17131.0,16612.0,16951.0,,3522384,2026-02-21 15:00:36.330000
1041,4,319,16866.0,17136.0,16419.0,16486.0,,9893863,2026-02-21 15:00:36.330000
1042,4,320,16445.0,16978.0,16445.0,16827.0,,3422656,2026-02-21 15:00:36.330000
1043,4,321,17063.0,17218.0,16786.0,16818.0,,2160894,2026-02-21 15:00:36.330000
1044,4,322,16820.0,16850.0,16105.0,16212.0,,4404871,2026-02-21 15:00:36.330000
1045,4,323,16350.0,16399.0,15788.0,15788.0,,8389527,2026-02-21 15:00:36.330000
1046,4,324,15800.0,15801.0,15350.0,15572.0,,6585272,2026-02-21 15:00:36.330000
1047,4,325,15834.0,15907.0,15472.0,15800.0,,2085864,2026-02-21 15:00:36.330000
1048,4,326,15633.0,16052.0,15575.0,16020.0,,2283670,2026-02-21 15:00:36.333333
1049,4,327,15954.0,15995.0,15479.0,15725.0,,3448656,2026-02-21 15:00:36.333333
1050,4,328,15720.0,15970.0,15720.0,15801.0,,2186131,2026-02-21 15:00:36.333333
1051,4,329,15899.0,15978.0,15641.0,15734.0,,3111494,2026-02-21 15:00:36.333333
1052,4,330,15734.0,15819.0,15541.0,15750.0,,2713228,2026-02-21 15:00:36.333333
1053,4,331,15667.0,15757.0,15571.0,15723.0,,1764650,2026-02-21 15:00:36.333333
1054,4,332,15750.0,15971.0,15494.0,15780.0,,5504757,2026-02-21 15:00:36.336666
1055,4,333,14950.0,15949.0,14950.0,15623.0,,3056773,2026-02-21 15:00:36.336666
1056,4,334,15575.0,15890.0,15419.0,15778.0,,3265497,2026-02-21 15:00:36.336666
1057,4,335,15719.0,16399.0,15622.0,16399.0,,6187139,2026-02-21 15:00:36.336666
1058,4,336,16450.0,16689.0,15716.0,15860.0,,14885081,2026-02-21 15:00:36.336666
1059,4,337,15735.0,16096.0,15441.0,15916.0,,11651089,2026-02-21 15:00:36.336666
1060,4,338,15901.0,16218.0,15731.0,16140.0,,2393703,2026-02-21 15:00:36.340000
1061,4,339,16248.0,16550.0,16104.0,16478.0,,1714853,2026-02-21 15:00:36.340000
1062,4,340,16502.0,16741.0,16478.0,16639.0,,713054,2026-02-21 15:00:36.343333
1063,4,341,16789.0,16995.0,16580.0,16817.0,,2143533,2026-02-21 15:00:36.343333
1064,4,342,16886.0,17068.0,16698.0,16909.0,,1257701,2026-02-21 15:00:36.343333
1065,4,343,16899.0,17063.0,16782.0,16950.0,,1329896,2026-02-21 15:00:36.343333
1066,4,344,17000.0,17272.0,16766.0,16992.0,,1791359,2026-02-21 15:00:36.343333
1067,4,345,16728.0,17164.0,16728.0,17112.0,,4055222,2026-02-21 15:00:36.346666
1068,4,346,16872.0,17738.0,16872.0,17581.0,,4529417,2026-02-21 15:00:36.346666
1069,4,347,17720.0,17720.0,17195.0,17528.0,,4765041,2026-02-21 15:00:36.346666
1070,4,348,17559.0,17734.0,17086.0,17709.0,,2386713,2026-02-21 15:00:36.346666
1071,4,349,17859.0,17859.0,17469.0,17580.0,,2759129,2026-02-21 15:00:36.346666
1072,4,350,17599.0,17839.0,17250.0,17519.0,,3115621,2026-02-21 15:00:36.346666
1073,4,351,17461.0,17778.0,17405.0,17600.0,,4051582,2026-02-21 15:00:36.350000
1074,4,352,17600.0,17807.0,17080.0,17184.0,,5168110,2026-02-21 15:00:36.350000
1075,4,353,17125.0,17629.0,16939.0,17573.0,,5840868,2026-02-21 15:00:36.350000
1076,4,354,17541.0,17961.0,17402.0,17918.0,,4568137,2026-02-21 15:00:36.350000
1077,4,355,17784.0,18002.0,17501.0,17662.0,,2591340,2026-02-21 15:00:36.350000
1078,4,356,17500.0,17944.0,17412.0,17662.0,,3980937,2026-02-21 15:00:36.353333
1079,4,357,17489.0,17714.0,16981.0,17331.0,,4976911,2026-02-21 15:00:36.353333
1080,1,3,78497.21,80241.15,77857.23,79579.17,,837034,2026-05-24 03:41:57.383333
1081,1,4,79496.17,79540.17,77950.22,78941.19,,514327,2026-05-24 03:41:58.173333
1082,1,5,79197.18,83161.04,78798.2,81741.09,,1055057,2026-05-24 03:41:58.176666
1083,1,6,81597.09,81930.08,78957.19,78957.19,,415510,2026-05-24 03:41:58.180000
1084,1,7,80042.15,82273.07,79444.17,79909.16,,528218,2026-05-24 03:41:58.180000
1085,1,10,80047.15,81497.1,76824.27,77151.26,,1252494,2026-05-24 03:41:58.180000
1086,1,11,78668.2,78668.2,73308.39,75567.31,,1589800,2026-05-24 03:41:58.183333
1087,1,12,75662.31,77718.23,75576.31,76347.28,,1428024,2026-05-24 03:41:58.183333
1088,1,13,76497.28,77692.24,75172.33,75775.3,,907946,2026-05-24 03:41:58.183333
1089,1,14,74997.33,75368.32,70601.49,70961.48,,1467292,2026-05-24 03:41:58.190000
1090,1,17,70011.51,70868.48,65500.67,68267.57,,3232738,2026-05-24 03:41:58.190000
1091,1,18,69157.54,72765.41,69157.54,72395.42,,2817197,2026-05-24 03:41:58.190000
1092,1,19,72390.0,73400.0,70554.0,73103.0,,1727194,2026-05-24 03:41:58.193333
1093,1,20,72518.0,73313.0,71551.0,71800.0,,718181,2026-05-24 03:41:58.196666
1094,1,21,73026.0,73026.0,70383.0,70470.0,,1556181,2026-05-24 03:41:58.200000
1095,1,24,70300.0,70575.0,68530.0,69859.0,,907032,2026-05-24 03:41:58.200000
1096,1,25,69915.0,70484.0,69062.0,70174.0,,1321149,2026-05-24 03:41:58.200000
1097,1,26,70029.0,71607.0,68500.0,68725.0,,2313576,2026-05-24 03:41:58.200000
1098,1,27,69000.0,69395.0,63984.0,66063.0,,3447134,2026-05-24 03:41:58.203333
1099,1,28,65226.0,68262.0,64913.0,64913.0,,1386912,2026-05-24 03:41:58.206666
1100,1,358,64500.0,69182.0,62200.0,68824.0,,2018048,2026-05-24 03:41:58.306666
1101,1,359,68320.0,68793.0,66900.0,68793.0,,957855,2026-05-24 03:41:58.306666
1102,1,360,69650.0,72252.0,69152.0,71908.0,,1194902,2026-05-24 03:41:58.310000
1103,1,361,70530.0,72262.0,67952.0,69519.0,,1413438,2026-05-24 03:41:58.310000
1104,1,362,70191.0,70692.0,67729.0,69607.0,,466465,2026-05-24 03:41:58.316666
1105,1,363,67600.0,70937.0,67600.0,70156.0,,554258,2026-05-24 03:41:58.320000
1106,1,364,70127.0,72305.0,70040.0,72000.0,,1017376,2026-05-24 03:41:58.320000
1107,1,365,73854.0,75812.0,73718.0,74888.0,,894334,2026-05-24 03:41:58.323333
1108,1,366,72826.0,74436.0,71551.0,73776.0,,1757754,2026-05-24 03:41:58.326666
1109,1,367,75000.0,75144.0,72789.0,73368.0,,960398,2026-05-24 03:41:58.330000
1110,1,368,76850.0,80450.0,76398.0,76639.0,,2490541,2026-05-24 03:41:58.330000
1111,1,369,76473.0,77691.0,75922.0,76300.0,,528362,2026-05-24 03:41:58.333333
1112,1,370,76292.0,78261.0,75510.0,77010.0,,699205,2026-05-24 03:41:58.333333
1113,1,371,76500.0,78420.0,76410.0,78194.0,,426734,2026-05-24 03:41:58.336666
1114,1,372,78741.0,79684.0,78736.0,79078.0,,568619,2026-05-24 03:41:58.340000
1115,1,373,79720.0,80779.0,79442.0,79978.0,,781913,2026-05-24 03:41:58.340000
1116,1,374,80200.0,80850.0,79579.0,79728.0,,418778,2026-05-24 03:41:58.340000
1117,1,375,79130.0,81483.0,77271.0,80775.0,,943734,2026-05-24 03:41:58.343333
1118,1,376,80197.0,80998.0,79492.0,80430.0,,295132,2026-05-24 03:41:58.370000
1119,1,377,80094.0,80861.0,78899.0,78899.0,,412151,2026-05-24 03:41:58.373333
1120,1,378,80000.0,80747.0,79754.0,80431.0,,366061,2026-05-24 03:41:58.373333
1121,1,379,80578.0,85289.0,80340.0,84564.0,,996981,2026-05-24 03:41:58.400000
1122,1,380,83235.0,83649.0,82465.0,83279.0,,286077,2026-05-24 03:41:58.400000
1123,1,381,82848.0,82848.0,78704.0,78704.0,,544995,2026-05-24 03:41:58.400000
1124,1,382,79407.0,80223.0,78867.0,79250.0,,609867,2026-05-24 03:41:58.403333
1125,1,383,78400.0,81920.0,78307.0,81213.0,,791745,2026-05-24 03:41:58.403333
1126,1,384,79900.0,82016.0,79900.0,80400.0,,382464,2026-05-24 03:41:58.406666
1127,1,385,80400.0,81526.0,79690.0,80321.0,,584373,2026-05-24 03:41:58.406666
1128,1,386,82663.0,86200.0,82663.0,85080.0,,1535762,2026-05-24 03:41:58.410000
1129,1,387,86000.0,87389.0,84899.0,85836.0,,918838,2026-05-24 03:41:58.410000
1130,1,388,85993.0,86870.0,85101.0,86272.0,,1789718,2026-05-24 03:41:58.416666
1131,1,389,87004.0,88999.0,86250.0,88578.0,,2913097,2026-05-24 03:41:58.420000
1132,1,390,88448.0,89543.0,87565.0,87950.0,,564987,2026-05-24 03:41:58.420000
1133,1,391,89151.0,91500.0,89151.0,90873.0,,1063809,2026-05-24 03:41:58.423333
1134,1,392,89364.0,90947.0,88818.0,89732.0,,566968,2026-05-24 03:41:58.426666
1135,1,393,87130.0,87146.0,83446.0,84855.0,,1075778,2026-05-24 03:41:58.430000
1136,1,394,84550.0,85903.0,83053.0,84893.0,,1271170,2026-05-24 03:41:58.430000
1137,1,395,83400.0,84010.0,81620.0,81992.0,,2294259,2026-05-24 03:41:58.433333
1138,1,396,82700.0,83567.0,82108.0,82951.0,,1751209,2026-05-24 03:41:58.433333
1139,1,397,82166.0,84968.0,82166.0,84350.0,,1142538,2026-05-24 03:41:58.436666
1140,1,398,83900.0,85297.0,83754.0,84481.0,,814736,2026-05-24 03:41:58.440000
1141,2,3,31795.46,32384.3,31795.46,32193.35,,1697028,2026-05-24 03:41:58.946666
1142,2,4,32192.35,32778.2,31789.46,32356.31,,1965648,2026-05-24 03:41:58.946666
1143,2,5,32278.33,32284.33,31768.47,32185.36,,2998707,2026-05-24 03:41:58.946666
1144,2,6,32291.33,32690.22,32192.35,32510.27,,4802307,2026-05-24 03:41:58.950000
1145,2,7,32748.2,32771.2,32087.38,32124.37,,5531857,2026-05-24 03:41:58.950000
1146,2,10,31801.46,32170.36,31221.61,32033.4,,3214097,2026-05-24 03:41:58.950000
1147,2,11,31990.41,32050.39,30425.83,30497.81,,5081237,2026-05-24 03:41:58.950000
1148,2,12,30496.81,30971.68,30230.88,30887.7,,2853548,2026-05-24 03:41:58.950000
1149,2,13,31670.49,31670.49,30652.77,30706.75,,3033364,2026-05-24 03:41:58.950000
1150,2,14,30506.81,30788.73,28905.24,29175.16,,3928288,2026-05-24 03:41:58.953333
1151,2,17,28886.24,29463.09,28426.36,29463.09,,4111751,2026-05-24 03:41:58.953333
1152,2,18,30230.88,30482.81,29573.06,29859.98,,3387651,2026-05-24 03:41:58.953333
1153,2,19,29927.96,29977.95,28670.3,29468.09,,2635771,2026-05-24 03:41:58.953333
1154,2,20,29678.03,30295.86,29353.12,29528.07,,4001135,2026-05-24 03:41:58.956666
1155,2,21,29528.07,29579.06,28836.26,29431.1,,3082475,2026-05-24 03:41:58.956666
1156,2,24,29586.05,30570.79,29464.09,30570.79,,6633512,2026-05-24 03:41:58.956666
1157,2,25,30470.81,30748.74,30164.9,30741.74,,6720642,2026-05-24 03:41:58.956666
1158,2,26,30641.77,31632.5,30156.9,30412.83,,8641548,2026-05-24 03:41:58.960000
1159,2,27,30002.94,30367.84,29402.1,29711.02,,15287718,2026-05-24 03:41:58.960000
1160,2,28,29592.05,30531.8,29491.08,29635.04,,7169829,2026-05-24 03:41:58.960000
1161,2,358,29192.16,30565.79,28645.31,29951.96,,5078418,2026-05-24 03:41:58.960000
1162,2,359,30086.92,30086.92,29273.14,29901.97,,3775340,2026-05-24 03:41:58.963333
1163,2,360,29942.96,30714.75,29942.96,30546.79,,3986920,2026-05-24 03:41:58.963333
1164,2,361,30326.85,30488.81,29733.01,30081.92,,3072844,2026-05-24 03:41:58.963333
1165,2,362,30082.92,30257.87,29255.14,29773.0,,3270170,2026-05-24 03:41:58.963333
1166,2,363,29772.0,29846.98,29157.17,29846.98,,4553902,2026-05-24 03:41:58.966666
1167,2,364,29846.98,30524.8,29768.0,30436.82,,5124894,2026-05-24 03:41:58.966666
1168,2,365,31053.66,32028.4,30499.81,30776.73,,4348551,2026-05-24 03:41:58.970000
1169,2,366,30436.83,31023.67,29719.02,31023.67,,3554203,2026-05-24 03:41:58.970000
1170,2,367,31023.67,31450.55,30497.81,31181.63,,3491941,2026-05-24 03:41:58.973333
1171,2,368,32707.22,33666.96,32646.23,32932.16,,7542202,2026-05-24 03:41:58.976666
1172,2,369,32991.14,33101.11,32146.37,32493.27,,3160126,2026-05-24 03:41:58.976666
1173,2,370,32728.21,32933.15,32296.32,32877.17,,2125674,2026-05-24 03:41:58.976666
1174,2,371,32391.3,32770.2,32173.36,32679.22,,1711120,2026-05-24 03:41:58.976666
1175,2,372,32810.19,33175.09,32351.31,32691.22,,2637862,2026-05-24 03:41:58.980000
1176,2,373,32000.0,32147.0,31716.0,32147.0,,2465580,2026-05-24 03:41:58.980000
1177,2,374,32301.0,32301.0,31597.0,31662.0,,2317571,2026-05-24 03:41:58.980000
1178,2,375,31892.0,32342.0,31620.0,32231.0,,2469931,2026-05-24 03:41:58.980000
1179,2,376,31600.0,32087.0,31600.0,31936.0,,1528325,2026-05-24 03:41:58.980000
1180,2,377,32100.0,32131.0,31680.0,31806.0,,1799889,2026-05-24 03:41:58.980000
1181,2,378,32000.0,32204.0,31515.0,31765.0,,2598648,2026-05-24 03:41:58.983333
1182,2,379,31412.0,31729.0,31196.0,31465.0,,1970196,2026-05-24 03:41:58.983333
1183,2,380,31406.0,31881.0,31114.0,31214.0,,1813152,2026-05-24 03:41:58.983333
1184,2,381,31112.0,31731.0,31018.0,31585.0,,2171080,2026-05-24 03:41:58.983333
1185,2,382,31422.0,31879.5,31400.0,31605.0,,2330951,2026-05-24 03:41:58.986666
1186,2,383,31461.0,32178.0,31286.0,32049.0,,4447593,2026-05-24 03:41:58.986666
1187,2,384,32010.0,32191.0,30600.0,30707.0,,3001323,2026-05-24 03:41:58.990000
1188,2,385,30750.0,30857.0,30096.0,30301.0,,5359015,2026-05-24 03:41:58.990000
1189,2,386,30567.0,31925.0,30565.0,31130.0,,3116671,2026-05-24 03:41:58.990000
1190,2,387,31174.0,31533.0,30642.0,30997.0,,2369233,2026-05-24 03:41:58.990000
1191,2,388,31128.0,31128.0,30369.0,30648.0,,1693632,2026-05-24 03:41:58.990000
1192,2,389,30647.0,30767.0,30250.0,30388.0,,3002288,2026-05-24 03:41:58.993333
1193,2,390,30326.0,30434.0,29540.0,30111.0,,3168509,2026-05-24 03:41:58.993333
1194,2,391,30150.0,30390.0,29705.0,30070.0,,2782467,2026-05-24 03:41:58.993333
1195,2,392,30381.0,30821.0,30112.0,30821.0,,1664610,2026-05-24 03:41:58.993333
1196,2,393,30580.0,30672.0,30172.0,30592.0,,2737811,2026-05-24 03:41:58.996666
1197,2,394,30499.0,30804.0,30105.0,30804.0,,2112005,2026-05-24 03:41:58.996666
1198,2,395,30600.0,30802.0,30286.0,30601.0,,3200017,2026-05-24 03:41:58.996666
1199,2,396,30602.0,31376.0,30555.0,31299.0,,2233964,2026-05-24 03:41:58.996666
1200,2,397,31369.0,31649.0,31085.0,31390.0,,3139700,2026-05-24 03:41:58.996666
1201,2,398,31521.0,31782.0,31038.0,31398.0,,1778366,2026-05-24 03:41:59.000000
1202,3,3,92515.0,93123.0,91143.0,91475.0,,1914532,2026-05-24 03:41:59.490000
1203,3,4,89989.0,90765.0,89271.0,90341.0,,1662361,2026-05-24 03:41:59.490000
1204,3,5,90600.0,91910.0,89716.0,90883.0,,1359269,2026-05-24 03:41:59.493333
1205,3,6,90150.0,90154.0,88100.0,88694.0,,2184255,2026-05-24 03:41:59.493333
1206,3,7,90010.0,90250.0,88528.0,88528.0,,2809885,2026-05-24 03:41:59.496666
1207,3,10,87530.0,88392.0,85632.0,86521.0,,1569641,2026-05-24 03:41:59.500000
1208,3,11,86521.0,87307.0,83751.0,84438.0,,1603921,2026-05-24 03:41:59.500000
1209,3,12,84000.0,87450.0,83755.0,86948.0,,1867712,2026-05-24 03:41:59.503333
1210,3,13,88550.0,88800.0,86000.0,88096.0,,1804986,2026-05-24 03:41:59.503333
1211,3,14,89735.0,90715.0,87243.0,87662.0,,1771827,2026-05-24 03:41:59.506666
1212,3,17,87333.0,89143.0,86101.0,88074.0,,1691026,2026-05-24 03:41:59.506666
1213,3,18,92500.0,95993.0,92382.0,94508.0,,2543037,2026-05-24 03:41:59.506666
1214,3,19,94800.0,94892.0,92911.0,93179.0,,1912849,2026-05-24 03:41:59.506666
1215,3,20,92551.0,94192.0,91898.0,93789.0,,1557218,2026-05-24 03:41:59.506666
1216,3,21,94649.0,97763.0,94105.0,97000.0,,2925487,2026-05-24 03:41:59.510000
1217,3,24,98600.0,99459.0,95771.0,97482.0,,2788938,2026-05-24 03:41:59.510000
1218,3,25,97400.0,99558.0,96601.0,97974.0,,2323840,2026-05-24 03:41:59.510000
1219,3,26,98700.0,100648.0,90352.0,91129.0,,2926148,2026-05-24 03:41:59.510000
1220,3,27,91500.0,91750.0,87425.0,89263.0,,6041073,2026-05-24 03:41:59.513333
1221,3,28,91137.0,91246.0,88419.0,88900.0,,8534969,2026-05-24 03:41:59.513333
1222,3,358,86050.0,90647.0,85118.0,88600.0,,2394000,2026-05-24 03:41:59.516666
1223,3,359,88700.0,90181.0,86391.0,86593.0,,2059959,2026-05-24 03:41:59.520000
1224,3,360,86800.0,91606.0,86800.0,90847.0,,1965310,2026-05-24 03:41:59.520000
1225,3,361,90740.0,90900.0,87942.0,88234.0,,1623402,2026-05-24 03:41:59.523333
1226,3,362,89350.0,89350.0,85207.0,85832.0,,1678372,2026-05-24 03:41:59.523333
1227,3,363,85900.0,86414.0,84359.0,85315.0,,1537034,2026-05-24 03:41:59.523333
1228,3,364,86242.0,86853.0,85517.0,86196.0,,1571829,2026-05-24 03:41:59.523333
1229,3,365,88997.0,89935.0,87836.0,88939.0,,1932912,2026-05-24 03:41:59.523333
1230,3,366,88100.0,88124.0,86242.0,87041.0,,2297004,2026-05-24 03:41:59.526666
1231,3,367,87600.0,88767.0,86511.0,87050.0,,1149151,2026-05-24 03:41:59.526666
1232,3,368,91280.0,93756.0,89931.0,91371.0,,3069137,2026-05-24 03:41:59.530000
1233,3,369,91330.0,91463.0,88824.0,88824.0,,1636944,2026-05-24 03:41:59.530000
1234,3,370,89511.0,91421.0,88997.0,89836.0,,984251,2026-05-24 03:41:59.530000
1235,3,371,88930.0,90000.0,87216.0,89350.0,,1167901,2026-05-24 03:41:59.533333
1236,3,372,89800.0,91344.0,89713.0,90968.0,,1588063,2026-05-24 03:41:59.533333
1237,3,373,92000.0,92500.0,91157.0,91572.0,,1666727,2026-05-24 03:41:59.536666
1238,3,374,93188.0,94972.0,92774.0,92792.0,,1686416,2026-05-24 03:41:59.536666
1239,3,375,91611.0,97038.0,91611.0,95329.0,,1983388,2026-05-24 03:41:59.540000
1240,3,376,95450.0,95986.0,94044.0,95272.0,,1209662,2026-05-24 03:41:59.540000
1241,3,377,95500.0,96317.0,94080.0,94080.0,,1817538,2026-05-24 03:41:59.540000
1242,3,378,94400.0,94400.0,92086.0,92471.0,,1399536,2026-05-24 03:41:59.540000
1243,3,379,91200.0,92255.0,89952.0,89952.0,,1711827,2026-05-24 03:41:59.543333
1244,3,380,89796.0,91726.0,89639.0,90514.0,,976109,2026-05-24 03:41:59.546666
1245,3,381,88018.0,89829.0,88017.0,88510.0,,1727950,2026-05-24 03:41:59.550000
1246,3,382,89111.0,89641.0,88189.0,89641.0,,2192356,2026-05-24 03:41:59.553333
1247,3,383,87144.0,90912.0,86552.0,89776.0,,1683309,2026-05-24 03:41:59.556666
1248,3,384,89905.0,91212.0,89265.0,89794.0,,1256083,2026-05-24 03:41:59.560000
1249,3,385,89750.0,90822.0,88558.0,88558.0,,1117744,2026-05-24 03:41:59.563333
1250,3,386,88651.0,93088.0,88463.0,92244.0,,2795785,2026-05-24 03:41:59.563333
1251,3,387,93400.0,94400.0,91540.0,92242.0,,1925737,2026-05-24 03:41:59.566666
1252,3,388,91850.0,91947.0,89300.0,89300.0,,854232,2026-05-24 03:41:59.570000
1253,3,389,89200.0,90058.0,89032.0,89032.0,,1255905,2026-05-24 03:41:59.570000
1254,3,390,88400.0,88400.0,81758.0,84786.0,,2991817,2026-05-24 03:41:59.573333
1255,3,391,85827.0,87895.0,82804.0,87895.0,,2050224,2026-05-24 03:41:59.573333
1256,3,392,87000.0,87115.0,85098.0,85400.0,,1173814,2026-05-24 03:41:59.576666
1257,3,393,85400.0,87119.0,84259.0,86842.0,,1609297,2026-05-24 03:41:59.576666
1258,3,394,85900.0,86966.0,85338.0,86590.0,,1160378,2026-05-24 03:41:59.580000
1259,3,395,87600.0,90478.0,87508.0,89881.0,,2218870,2026-05-24 03:41:59.580000
1260,3,396,89550.0,90575.0,87803.0,88699.0,,1740426,2026-05-24 03:41:59.583333
1261,3,397,86789.0,87764.0,86000.0,86046.0,,1667050,2026-05-24 03:41:59.583333
1262,3,398,86400.0,87420.0,83421.0,84281.0,,1290645,2026-05-24 03:41:59.586666
1263,4,3,19744.94,19891.9,19512.0,19512.0,,2192712,2026-05-24 03:42:00.086666
1264,4,4,19467.01,19866.91,19328.04,19786.93,,3346624,2026-05-24 03:42:00.090000
1265,4,5,19849.91,20612.72,19597.98,20567.73,,5291911,2026-05-24 03:42:00.090000
1266,4,6,20517.74,20694.69,20275.8,20385.77,,3875603,2026-05-24 03:42:00.090000
1267,4,7,20794.67,21251.55,20397.77,20751.68,,8383137,2026-05-24 03:42:00.093333
1268,4,10,20795.67,21144.58,20129.84,20892.64,,5008937,2026-05-24 03:42:00.096666
1269,4,11,20771.67,21392.52,19765.93,20042.86,,7157900,2026-05-24 03:42:00.100000
1270,4,12,20228.81,20228.81,19497.0,19966.88,,5998253,2026-05-24 03:42:00.100000
1271,4,13,19964.88,20365.78,19499.0,20159.83,,6180390,2026-05-24 03:42:00.106666
1272,4,14,19925.89,20339.78,18981.13,19195.08,,5787019,2026-05-24 03:42:00.106666
1273,4,17,18945.14,19149.09,18555.24,18968.14,,4048398,2026-05-24 03:42:00.106666
1274,4,18,19095.1,19432.02,18779.18,18950.14,,5012161,2026-05-24 03:42:00.110000
1275,4,19,18800.18,18936.14,18214.33,18655.22,,4940575,2026-05-24 03:42:00.110000
1276,4,20,18165.34,18649.22,18128.35,18391.28,,3785463,2026-05-24 03:42:00.110000
1277,4,21,18605.23,18605.23,17937.4,18286.31,,6218362,2026-05-24 03:42:00.116666
1278,4,24,18728.2,19853.91,18716.2,19566.98,,8555723,2026-05-24 03:42:00.116666
1279,4,25,19495.0,19644.96,18967.14,19558.98,,7956908,2026-05-24 03:42:00.120000
1280,4,26,19218.07,20302.79,19218.07,19782.93,,8706099,2026-05-24 03:42:00.123333
1281,4,27,19850.91,19868.91,18876.16,19826.92,,18183453,2026-05-24 03:42:00.123333
1282,4,28,19595.98,20201.82,19150.09,19150.09,,14044397,2026-05-24 03:42:00.123333
1283,4,358,18506.25,19609.97,18506.25,19277.06,,5185354,2026-05-24 03:42:00.130000
1284,4,359,19461.01,19899.9,19192.08,19899.9,,7490095,2026-05-24 03:42:00.136666
1285,4,360,19990.87,20448.76,19940.89,20364.78,,13306405,2026-05-24 03:42:00.140000
1286,4,361,20065.85,20413.76,19780.93,19930.89,,5068095,2026-05-24 03:42:00.146666
1287,4,362,19930.89,20068.85,19417.02,19455.01,,4837495,2026-05-24 03:42:00.150000
1288,4,363,19487.0,19620.97,19029.12,19245.06,,5428308,2026-05-24 03:42:00.150000
1289,4,364,19255.06,19622.97,19145.09,19539.99,,9026392,2026-05-24 03:42:00.150000
1290,4,365,19858.91,19988.87,19233.07,19666.96,,8466256,2026-05-24 03:42:00.153333
1291,4,366,19495.0,19666.96,18890.16,19406.02,,7182534,2026-05-24 03:42:00.156666
1292,4,367,19659.96,19659.96,18929.15,19500.0,,4100748,2026-05-24 03:42:00.156666
1293,4,368,19600.0,20128.0,19600.0,19908.0,,8987719,2026-05-24 03:42:00.160000
1294,4,369,19941.0,20430.0,19732.0,20239.0,,7561918,2026-05-24 03:42:00.160000
1295,4,370,20300.0,20600.0,20036.0,20398.0,,4788720,2026-05-24 03:42:00.163333
1296,4,371,20390.0,20394.0,19784.0,20150.0,,6257152,2026-05-24 03:42:00.166666
1297,4,372,20300.0,20547.0,20167.0,20500.0,,8517715,2026-05-24 03:42:00.173333
1298,4,373,20487.0,20599.0,20215.0,20365.0,,4949100,2026-05-24 03:42:00.176666
1299,4,374,20500.0,20513.0,19927.0,20144.0,,4362683,2026-05-24 03:42:00.176666
1300,4,375,20108.0,20341.0,19884.0,19950.0,,6531370,2026-05-24 03:42:00.180000
1301,4,376,19950.0,20286.0,19839.0,19977.0,,4353067,2026-05-24 03:42:00.180000
1302,4,377,19970.0,20075.0,19626.0,19790.0,,5846136,2026-05-24 03:42:00.183333
1303,4,378,19790.0,20244.0,19790.0,20186.0,,4592663,2026-05-24 03:42:00.183333
1304,4,379,20190.0,20581.0,20005.0,20401.0,,3755150,2026-05-24 03:42:00.183333
1305,4,380,20296.0,20820.0,20217.0,20655.0,,4092798,2026-05-24 03:42:00.186666
1306,4,381,20956.0,20986.0,20226.0,20355.0,,4560205,2026-05-24 03:42:00.186666
1307,4,382,20355.0,21046.0,20251.0,20817.0,,4279194,2026-05-24 03:42:00.190000
1308,4,383,20690.0,21160.0,20416.0,20900.0,,5075612,2026-05-24 03:42:00.190000
1309,4,384,20875.0,21267.0,20651.0,20888.0,,3345222,2026-05-24 03:42:00.190000
1310,4,385,21096.0,21633.0,20928.0,21195.0,,3369315,2026-05-24 03:42:00.190000
1311,4,386,21301.0,21920.0,21274.0,21920.0,,4451079,2026-05-24 03:42:00.190000
1312,4,387,21940.0,21940.0,21065.0,21065.0,,4298816,2026-05-24 03:42:00.193333
1313,4,388,21014.0,21169.0,20571.0,21020.0,,2341262,2026-05-24 03:42:00.193333
1314,4,389,21103.0,21688.0,20796.0,21565.0,,4243132,2026-05-24 03:42:00.196666
1315,4,390,21520.0,21520.0,20411.0,21312.0,,5506397,2026-05-24 03:42:00.196666
1316,4,391,21408.0,21781.0,21002.5,21100.0,,3414544,2026-05-24 03:42:00.196666
1317,4,392,21162.0,21564.0,21000.0,21034.0,,2415330,2026-05-24 03:42:00.196666
1318,4,393,20996.0,20996.0,20690.0,20810.0,,2789460,2026-05-24 03:42:00.196666
1319,4,394,20750.0,21010.0,20447.0,20723.0,,3337832,2026-05-24 03:42:00.200000
1320,4,395,20972.0,20972.0,20502.0,20713.0,,3212998,2026-05-24 03:42:00.200000
1321,4,396,20700.0,21003.0,20532.0,20723.0,,3113749,2026-05-24 03:42:00.200000
1322,4,397,20500.0,20797.0,20496.0,20500.0,,3474973,2026-05-24 03:42:00.200000
1323,4,398,20586.0,20869.0,20476.0,20810.0,,3277034,2026-05-24 03:42:00.200000
1324,5,191,8377.0,8728.0,8376.0,8434.0,,5733775,2026-05-24 04:35:23.753333
1325,5,192,8434.0,8671.0,8181.0,8200.0,,5821282,2026-05-24 04:35:23.866666
1326,5,193,8350.0,8533.0,8131.0,8136.0,,3932259,2026-05-24 04:35:23.870000
1327,5,194,8300.0,8370.0,8130.0,8284.0,,4555699,2026-05-24 04:35:23.870000
1328,5,195,8200.0,8400.0,8077.0,8122.0,,6016832,2026-05-24 04:35:23.870000
1329,5,196,8200.0,8600.0,8063.0,8297.0,,5928505,2026-05-24 04:35:23.870000
1330,5,197,8300.0,8496.0,8115.0,8447.0,,2166389,2026-05-24 04:35:23.873333
1331,5,198,8529.0,8669.0,8377.0,8381.0,,1795338,2026-05-24 04:35:23.876666
1332,5,199,8385.0,8500.0,8279.0,8435.0,,2421821,2026-05-24 04:35:23.880000
1333,5,200,8448.0,8500.0,8240.0,8280.0,,2035656,2026-05-24 04:35:23.880000
1334,5,201,8400.0,8579.0,8256.0,8430.0,,2667078,2026-05-24 04:35:23.880000
1335,5,202,8545.0,8835.0,8406.0,8828.0,,3615027,2026-05-24 04:35:23.883333
1336,5,203,8801.0,8975.0,8587.0,8629.0,,3616130,2026-05-24 04:35:23.883333
1337,5,204,8750.0,8917.0,8556.0,8708.0,,3612894,2026-05-24 04:35:23.883333
1338,5,205,9170.0,10025.0,9100.0,9656.0,,16285096,2026-05-24 04:35:23.886666
1339,5,206,9580.0,9995.0,9500.0,9736.0,,6663757,2026-05-24 04:35:23.886666
1340,5,207,9800.0,10040.0,9641.0,9770.0,,6233515,2026-05-24 04:35:23.890000
1341,5,208,9900.0,10225.0,9717.0,10225.0,,7493899,2026-05-24 04:35:23.893333
1342,5,209,10166.0,10166.0,9397.0,9523.0,,11215366,2026-05-24 04:35:23.896666
1343,5,210,9950.0,10077.0,9501.0,9501.0,,5433107,2026-05-24 04:35:23.900000
1344,5,211,8500.0,8733.0,8096.0,8096.0,,9255098,2026-05-24 04:35:23.900000
1345,5,212,8229.0,8392.0,7878.0,7937.0,,5681335,2026-05-24 04:35:23.900000
1346,5,213,7937.0,8674.6,7856.0,8005.0,,4232222,2026-05-24 04:35:23.903333
1347,5,214,7880.0,8073.0,7710.0,7941.0,,4301738,2026-05-24 04:35:23.903333
1348,5,215,7990.0,8071.0,7876.0,7876.0,,2983602,2026-05-24 04:35:23.903333
1349,5,216,7890.0,8037.0,7809.0,7961.0,,2361466,2026-05-24 04:35:23.906666
1350,5,217,8100.0,8649.0,8005.0,8631.0,,5861178,2026-05-24 04:35:23.906666
1351,5,218,8584.0,8852.0,8529.0,8775.0,,3675417,2026-05-24 04:35:23.910000
1352,5,219,8700.0,8866.0,8533.0,8854.0,,1671853,2026-05-24 04:35:23.910000
1353,5,220,8680.0,8932.0,8601.0,8821.0,,2183095,2026-05-24 04:35:23.910000
1354,5,221,8882.0,9162.0,8833.0,9162.0,,3803498,2026-05-24 04:35:23.913333
1355,5,222,9050.0,9300.0,8954.0,9226.0,,2876545,2026-05-24 04:35:23.913333
1356,5,223,9111.0,9365.0,9106.0,9284.0,,2253984,2026-05-24 04:35:23.916666
1357,5,224,9250.0,9384.0,9038.0,9228.0,,2525740,2026-05-24 04:35:23.920000
1358,5,225,9280.0,9671.0,9155.0,9331.0,,3105367,2026-05-24 04:35:23.920000
1359,5,226,9180.0,9344.0,8921.0,9054.0,,3084821,2026-05-24 04:35:23.920000
1360,5,227,9150.0,9206.0,8733.0,8824.0,,2529123,2026-05-24 04:35:23.923333
1361,5,228,8820.0,9016.0,8590.0,8799.0,,3010608,2026-05-24 04:35:23.926666
1362,5,229,8890.0,9091.0,8830.0,8992.0,,2847159,2026-05-24 04:35:23.930000
1363,5,230,8992.0,9565.0,8902.0,9565.0,,3063806,2026-05-24 04:35:23.930000
1364,5,231,9650.0,9650.0,8950.0,8986.0,,3867014,2026-05-24 04:35:23.933333
1365,5,232,9000.0,9200.0,8846.0,9200.0,,2912843,2026-05-24 04:35:23.933333
1366,5,233,9350.0,9700.0,9196.0,9544.0,,3466795,2026-05-24 04:35:23.936666
1367,5,234,9497.0,9670.0,8720.0,8989.0,,3955375,2026-05-24 04:35:23.936666
1368,5,235,9027.0,9391.0,8970.0,9375.0,,3619334,2026-05-24 04:35:23.936666
1369,5,236,9376.0,9590.0,9107.0,9307.0,,2952019,2026-05-24 04:35:23.940000
1370,5,237,9401.0,9473.0,9000.0,9121.0,,3537162,2026-05-24 04:35:23.940000
1371,5,238,9121.0,9400.0,9000.0,9372.0,,3711190,2026-05-24 04:35:23.943333
1372,5,239,9320.0,9373.0,8906.0,8989.0,,5223552,2026-05-24 04:35:23.943333
1373,5,240,8925.0,9108.0,8733.0,8977.0,,2783475,2026-05-24 04:35:23.970000
1374,5,241,8999.0,9079.0,8850.0,8866.0,,3393968,2026-05-24 04:35:23.973333
1375,5,242,8901.0,9119.0,8882.0,8954.0,,2614850,2026-05-24 04:35:23.973333
1376,5,243,8946.0,9073.0,8850.0,8965.0,,2684992,2026-05-24 04:35:23.976666
1377,5,244,8990.0,9123.0,8659.0,8659.0,,3937883,2026-05-24 04:35:23.976666
1378,5,245,8735.0,8838.0,8463.0,8478.0,,3028533,2026-05-24 04:35:23.976666
1379,5,246,8470.0,9418.0,8470.0,9418.0,,7955144,2026-05-24 04:35:23.980000
1380,5,247,9434.0,9790.0,9351.0,9790.0,,5608788,2026-05-24 04:35:23.980000
1381,5,248,10075.0,10211.0,9738.0,9820.0,,3561716,2026-05-24 04:35:23.980000
1382,5,249,9949.0,10450.65,9766.0,9953.0,,12147368,2026-05-24 04:35:23.980000
1383,5,250,9930.0,10102.0,9832.0,10083.0,,3495840,2026-05-24 04:35:23.983333
1384,5,251,10090.0,10588.0,9950.0,10588.0,,5449631,2026-05-24 04:35:23.983333
1385,5,252,10500.0,10637.0,10313.0,10450.0,,3933949,2026-05-24 04:35:23.983333
1386,5,253,10455.0,10959.0,10419.0,10800.0,,4176236,2026-05-24 04:35:23.986666
1387,5,254,10786.0,10950.0,10600.0,10886.0,,5528148,2026-05-24 04:35:23.986666
1388,5,255,10880.0,12220.0,10860.0,12157.0,,9673774,2026-05-24 04:35:23.986666
1389,5,256,12200.0,12321.0,11658.0,11832.0,,5036360,2026-05-24 04:35:23.990000
1390,5,257,11711.0,11854.0,11444.0,11505.0,,4468498,2026-05-24 04:35:23.990000
1391,5,258,11487.0,12007.0,11485.0,11930.0,,3881163,2026-05-24 04:35:23.990000
1392,5,259,11850.0,11978.0,11743.0,11922.0,,2998001,2026-05-24 04:35:23.993333
1393,5,260,11990.0,12048.0,11683.0,11702.0,,3335800,2026-05-24 04:35:23.993333
1394,5,261,11889.0,12356.0,11804.0,12356.0,,4571577,2026-05-24 04:35:23.993333
1395,5,262,12300.0,12818.0,12180.0,12693.0,,6029729,2026-05-24 04:35:23.993333
1396,5,263,12680.0,12764.0,12226.0,12320.0,,6141366,2026-05-24 04:35:23.996666
1397,5,264,12238.0,12780.0,12238.0,12554.0,,4835299,2026-05-24 04:35:23.996666
1398,5,265,12769.0,12909.0,12478.0,12526.0,,3461456,2026-05-24 04:35:23.996666
1399,5,266,12500.0,12580.0,12151.0,12250.0,,5860284,2026-05-24 04:35:23.996666
1400,5,267,12301.0,12609.0,12160.0,12483.0,,3209322,2026-05-24 04:35:24.000000
1401,5,268,12499.0,12538.0,12314.0,12500.0,,2619374,2026-05-24 04:35:24.000000
1402,5,269,12357.0,12522.0,12114.0,12400.0,,2582022,2026-05-24 04:35:24.000000
1403,5,270,12220.0,12369.0,11875.0,12193.0,,2325322,2026-05-24 04:35:24.000000
1404,5,271,12192.0,12199.0,11744.0,11992.0,,2819953,2026-05-24 04:35:24.000000
1405,5,272,11880.0,12051.0,11646.0,11859.0,,2176401,2026-05-24 04:35:24.000000
1406,5,273,11820.0,11820.0,11518.0,11680.0,,6782824,2026-05-24 04:35:24.003333
1407,5,274,11680.0,11760.0,11347.0,11716.0,,6554915,2026-05-24 04:35:24.003333
1408,5,275,11600.0,11600.0,10500.0,10770.0,,4432803,2026-05-24 04:35:24.003333
1409,5,276,10700.0,10850.0,10385.0,10701.0,,5795705,2026-05-24 04:35:24.003333
1410,5,277,10973.0,11270.0,10756.0,11008.0,,3898903,2026-05-24 04:35:24.003333
1411,5,278,11050.0,11051.0,10608.0,10958.0,,2871723,2026-05-24 04:35:24.003333
1412,5,279,10959.0,10961.0,10692.0,10886.0,,2470202,2026-05-24 04:35:24.006666
1413,5,280,10736.0,10820.0,10525.0,10746.0,,3020009,2026-05-24 04:35:24.006666
1414,5,281,10800.0,10900.0,10616.0,10696.0,,2377218,2026-05-24 04:35:24.006666
1415,5,282,10670.0,10759.0,10506.0,10645.0,,4245532,2026-05-24 04:35:24.010000
1416,5,283,10620.0,10800.0,10558.0,10672.0,,3325516,2026-05-24 04:35:24.010000
1417,5,284,10750.0,10856.0,10489.0,10657.0,,3269308,2026-05-24 04:35:24.010000
1418,5,285,10657.0,10699.0,10220.0,10310.0,,3741565,2026-05-24 04:35:24.010000
1419,5,286,10320.0,10431.0,10160.0,10312.0,,3082079,2026-05-24 04:35:24.010000
1420,5,287,10290.0,10520.0,10265.0,10341.0,,1891552,2026-05-24 04:35:24.010000
1421,5,288,10298.0,10331.0,10026.0,10202.0,,2801045,2026-05-24 04:35:24.013333
1422,5,289,10094.0,10286.0,10018.0,10122.0,,3634841,2026-05-24 04:35:24.013333
1423,5,290,10024.0,10425.0,10024.0,10341.0,,3232777,2026-05-24 04:35:24.013333
1424,5,291,10303.0,10520.0,10240.0,10331.0,,2763562,2026-05-24 04:35:24.013333
1425,5,292,10325.0,10346.0,10180.0,10345.0,,3906272,2026-05-24 04:35:24.016666
1426,5,293,10180.0,10233.0,9492.0,9503.0,,7259291,2026-05-24 04:35:24.016666
1427,5,294,9525.0,9899.0,9519.0,9519.0,,4994695,2026-05-24 04:35:24.016666
1428,5,295,9520.0,9616.0,9123.0,9250.0,,6561845,2026-05-24 04:35:24.016666
1429,5,296,9327.0,9737.0,9325.0,9665.0,,3573624,2026-05-24 04:35:24.020000
1430,5,297,10157.0,11330.0,10098.0,11330.0,,7801153,2026-05-24 04:35:24.020000
1431,5,298,11450.0,11572.0,10977.0,11426.0,,4443878,2026-05-24 04:35:24.020000
1432,5,299,11425.0,11484.0,11100.0,11156.0,,2585459,2026-05-24 04:35:24.020000
1433,5,300,11097.0,11199.0,10867.0,11023.0,,4332973,2026-05-24 04:35:24.020000
1434,5,301,11035.0,11063.0,10722.0,10772.0,,2572884,2026-05-24 04:35:24.023333
1435,5,302,10700.0,10839.0,10484.0,10550.0,,3581678,2026-05-24 04:35:24.023333
1436,5,303,10540.0,10830.0,10540.0,10770.0,,1681679,2026-05-24 04:35:24.023333
1437,5,304,10805.0,11082.0,10805.0,10986.0,,2960560,2026-05-24 04:35:24.026666
1438,5,305,10930.0,10930.0,10663.0,10755.0,,3687359,2026-05-24 04:35:24.026666
1439,5,306,10700.0,10948.0,10600.0,10832.0,,1983554,2026-05-24 04:35:24.026666
1440,5,307,10875.0,11002.0,10627.0,11002.0,,3725854,2026-05-24 04:35:24.026666
1441,5,308,10934.0,11400.0,10767.0,11193.0,,2958948,2026-05-24 04:35:24.030000
1442,5,309,11460.0,11674.0,11395.0,11480.0,,3731364,2026-05-24 04:35:24.030000
1443,5,310,11400.0,11644.0,11400.0,11640.0,,2401718,2026-05-24 04:35:24.030000
1444,5,311,11661.0,11900.0,11584.0,11890.0,,2375925,2026-05-24 04:35:24.030000
1445,5,312,11749.0,11840.0,11511.0,11800.0,,3297184,2026-05-24 04:35:24.030000
1446,5,313,11799.0,12000.0,11598.0,12000.0,,2634999,2026-05-24 04:35:24.030000
1447,5,314,11800.0,12582.0,11800.0,12582.0,,2829631,2026-05-24 04:35:24.033333
1448,5,315,12300.0,12744.0,12000.0,12500.0,,3219969,2026-05-24 04:35:24.033333
1449,5,316,12500.0,12892.0,12500.0,12628.0,,2180813,2026-05-24 04:35:24.033333
1450,5,317,12626.0,12850.0,12075.0,12180.0,,2861005,2026-05-24 04:35:24.033333
1451,5,318,11985.0,11985.0,11620.0,11781.0,,2255243,2026-05-24 04:35:24.036666
1452,5,319,11999.0,11999.0,11274.0,11373.0,,3359975,2026-05-24 04:35:24.036666
1453,5,320,11467.0,11477.0,10974.0,10974.0,,2327722,2026-05-24 04:35:24.036666
1454,5,321,11000.0,11224.0,10849.0,11126.0,,1621089,2026-05-24 04:35:24.036666
1455,5,322,11195.0,11398.0,11101.0,11343.0,,2337252,2026-05-24 04:35:24.040000
1456,5,323,11340.0,11500.0,11005.0,11130.0,,2232686,2026-05-24 04:35:24.040000
1457,5,324,11205.0,11406.0,11037.0,11184.0,,1688904,2026-05-24 04:35:24.060000
1458,5,325,11015.0,11086.0,10745.0,10782.0,,1996398,2026-05-24 04:35:24.060000
1459,5,326,10843.0,11094.0,10750.0,10945.0,,1641579,2026-05-24 04:35:24.063333
1460,5,327,10822.0,10945.0,10409.0,10409.0,,3145882,2026-05-24 04:35:24.063333
1461,5,328,10466.0,10547.0,10132.0,10173.0,,2697548,2026-05-24 04:35:24.066666
1462,5,329,10250.0,10521.0,10181.0,10383.0,,2234560,2026-05-24 04:35:24.066666
1463,5,330,10366.0,10455.0,10250.0,10455.0,,1736152,2026-05-24 04:35:24.066666
1464,5,331,10333.0,10597.0,10333.0,10495.0,,839055,2026-05-24 04:35:24.070000
1465,5,332,10312.0,10684.0,10312.0,10626.0,,2376371,2026-05-24 04:35:24.070000
1466,5,333,10750.0,10752.0,10463.0,10544.0,,1288501,2026-05-24 04:35:24.070000
1467,5,334,10410.0,10564.0,10207.0,10270.0,,1223810,2026-05-24 04:35:24.073333
1468,5,335,10320.0,10418.0,10017.0,10362.0,,2391726,2026-05-24 04:35:24.086666
1469,5,336,10398.0,10568.0,10348.0,10380.0,,5390574,2026-05-24 04:35:24.090000
1470,5,337,10310.0,10367.0,10091.0,10319.0,,5348257,2026-05-24 04:35:24.090000
1471,5,338,10350.0,10479.0,10065.0,10116.0,,1874938,2026-05-24 04:35:24.093333
1472,5,339,10105.0,10529.0,10105.0,10466.0,,1845336,2026-05-24 04:35:24.093333
1473,5,340,10539.0,10641.0,10421.0,10522.0,,640547,2026-05-24 04:35:24.096666
1474,5,341,10500.0,10661.0,10438.0,10569.0,,1101355,2026-05-24 04:35:24.096666
1475,5,342,10649.0,10700.0,10438.0,10579.0,,1630039,2026-05-24 04:35:24.100000
1476,5,343,10500.0,10667.0,10500.0,10620.0,,903648,2026-05-24 04:35:24.100000
1477,5,344,10650.0,10733.0,10455.0,10476.0,,980800,2026-05-24 04:35:24.100000
1478,5,345,10725.0,10870.0,10561.0,10710.0,,2755315,2026-05-24 04:35:24.103333
1479,5,346,10710.0,10866.0,10577.0,10865.0,,2314059,2026-05-24 04:35:24.103333
1480,5,347,10700.0,10792.0,10278.0,10414.0,,2846276,2026-05-24 04:35:24.106666
1481,5,348,10410.0,10433.0,10084.0,10238.0,,1906626,2026-05-24 04:35:24.110000
1482,5,349,10450.0,11118.0,10450.0,11118.0,,2464792,2026-05-24 04:35:24.110000
1483,5,350,11200.0,11414.0,10975.0,11040.0,,2603882,2026-05-24 04:35:24.110000
1484,5,351,11205.0,11635.0,10953.0,11548.0,,4103415,2026-05-24 04:35:24.113333
1485,5,352,11600.0,12198.0,11500.0,12198.0,,3261643,2026-05-24 04:35:24.113333
1486,5,353,11900.0,11971.0,11501.0,11558.0,,2947026,2026-05-24 04:35:24.116666
1487,5,354,11550.0,11550.0,10177.0,10191.0,,5201530,2026-05-24 04:35:24.116666
1488,5,355,10300.0,10301.0,9775.0,9878.0,,3113341,2026-05-24 04:35:24.120000
1489,5,356,9903.0,10202.0,9424.0,10176.0,,3931773,2026-05-24 04:35:24.120000
1490,5,357,10200.0,10450.0,9917.0,10025.0,,3322845,2026-05-24 04:35:24.120000
1491,5,112,10399.0,11446.0,10220.0,11446.0,,5908240,2026-05-24 04:35:24.120000
1492,5,113,11350.0,11857.0,10853.0,11703.0,,4737483,2026-05-24 04:35:24.123333
1493,5,114,11780.0,11900.0,11307.0,11400.0,,3748530,2026-05-24 04:35:24.130000
1494,5,115,11378.0,11549.0,10995.0,11399.0,,2466559,2026-05-24 04:35:24.130000
1495,5,116,11595.0,11691.0,11214.0,11672.0,,3123610,2026-05-24 04:35:24.130000
1496,5,117,11738.0,11951.0,11511.0,11747.0,,4157366,2026-05-24 04:35:24.133333
1497,5,118,11220.0,11457.0,11009.0,11427.0,,2955864,2026-05-24 04:35:24.133333
1498,5,119,10600.0,11400.0,10359.0,10985.0,,2710182,2026-05-24 04:35:24.136666
1499,5,120,10991.0,11287.0,10636.0,10828.0,,3388247,2026-05-24 04:35:24.136666
1500,5,121,11049.0,11635.0,10911.0,11475.0,,4211208,2026-05-24 04:35:24.136666
1501,5,122,11100.0,11507.0,10773.0,11035.0,,6198123,2026-05-24 04:35:24.140000
1502,5,123,10857.0,11590.0,10811.0,11373.0,,4806177,2026-05-24 04:35:24.143333
1503,5,124,11450.0,11469.0,10852.0,11061.0,,3430449,2026-05-24 04:35:24.143333
1504,5,125,10862.0,11274.0,10766.0,11183.0,,2340360,2026-05-24 04:35:24.146666
1505,5,126,11055.0,11882.0,11017.0,11795.0,,4388359,2026-05-24 04:35:24.150000
1506,5,127,11760.0,12890.0,11663.0,12631.0,,8142295,2026-05-24 04:35:24.153333
1507,5,128,12150.0,12555.0,12051.0,12400.0,,4035100,2026-05-24 04:35:24.153333
1508,5,129,12400.0,12558.0,11904.0,12245.0,,2165280,2026-05-24 04:35:24.156666
1509,5,93,12111.0,12643.0,12111.0,12301.0,,2297899,2026-05-24 04:35:24.160000
1510,5,74,12202.0,12890.0,12151.0,12838.0,,3345612,2026-05-24 04:35:24.163333
1511,5,53,12940.0,14570.0,12940.0,14242.0,,7042163,2026-05-24 04:35:24.163333
1512,5,54,14365.0,14922.0,13978.0,14100.0,,4394240,2026-05-24 04:35:24.166666
1513,5,3,14502.0,14600.0,13601.0,14110.0,,4174143,2026-05-24 04:35:24.166666
1514,5,4,14000.0,14469.0,13744.0,14268.0,,2485227,2026-05-24 04:35:24.166666
1515,5,5,14114.0,14226.0,13679.0,13679.0,,3363775,2026-05-24 04:35:24.170000
1516,5,6,13689.0,13689.0,12516.0,12520.0,,5051962,2026-05-24 04:35:24.170000
1517,5,7,12700.0,14723.0,12700.0,14531.0,,8410342,2026-05-24 04:35:24.170000
1518,5,10,15841.0,16355.0,14446.0,14446.0,,13987772,2026-05-24 04:35:24.170000
1519,5,11,14850.0,15547.0,14446.0,14600.0,,6347648,2026-05-24 04:35:24.173333
1520,5,12,14725.0,14829.0,13500.0,13881.0,,6550776,2026-05-24 04:35:24.180000
1521,5,13,14300.0,14575.0,13700.0,14469.0,,4484310,2026-05-24 04:35:24.180000
1522,5,14,14600.0,15750.0,14404.0,15103.0,,7977118,2026-05-24 04:35:24.180000
1523,5,17,17244.0,17248.0,15401.0,15824.0,,13431003,2026-05-24 04:35:24.183333
1524,5,18,15300.0,16181.0,15001.0,15526.0,,7285661,2026-05-24 04:35:24.186666
1525,5,19,15300.0,16245.0,15100.0,16245.0,,5502756,2026-05-24 04:35:24.186666
1526,5,20,16661.0,17256.0,15960.0,17200.0,,7534291,2026-05-24 04:35:24.190000
1527,5,21,17500.0,19438.0,17448.0,19200.0,,11833668,2026-05-24 04:35:24.193333
1528,5,24,19500.0,20073.0,19001.0,19520.0,,11490634,2026-05-24 04:35:24.196666
1529,5,25,19800.0,20569.0,19631.0,20569.0,,8060197,2026-05-24 04:35:24.196666
1530,5,26,20350.0,21231.0,19355.0,20309.0,,7934504,2026-05-24 04:35:24.196666
1531,5,27,20815.0,21600.0,20593.0,21442.0,,13426892,2026-05-24 04:35:24.200000
1532,5,28,21000.0,21450.0,20600.0,21250.0,,9694019,2026-05-24 04:35:24.203333
1533,5,358,21548.0,22030.0,18401.0,20845.0,,10333275,2026-05-24 04:35:24.203333
1534,5,359,20700.0,21804.0,20000.0,21663.0,,6103141,2026-05-24 04:35:24.206666
1535,5,360,20715.0,21547.0,20101.0,21547.0,,6482470,2026-05-24 04:35:24.213333
1536,5,361,21700.0,22050.0,21400.0,21950.0,,6424099,2026-05-24 04:35:24.216666
1537,5,362,21750.0,22250.0,21508.0,21777.0,,4240807,2026-05-24 04:35:24.216666
1538,5,363,22011.0,22923.0,22011.0,22473.0,,3599896,2026-05-24 04:35:24.220000
1539,5,364,22473.0,22695.0,22090.0,22537.0,,4121317,2026-05-24 04:35:24.220000
1540,5,365,21777.0,22000.0,19939.0,20423.0,,11262710,2026-05-24 04:35:24.220000
1541,5,366,21400.0,21663.0,20702.0,20808.0,,6100768,2026-05-24 04:35:24.223333
1542,5,367,21340.0,22690.0,21283.0,22690.0,,7049126,2026-05-24 04:35:24.226666
1543,5,368,18000.0,20000.0,17800.0,19903.0,,10602786,2026-05-24 04:35:24.230000
1544,5,369,20300.0,20790.0,20026.0,20240.0,,6564125,2026-05-24 04:35:24.230000
1545,5,370,19976.0,20640.0,19656.0,20640.0,,3837927,2026-05-24 04:35:24.230000
1546,5,371,21520.0,22000.0,21389.0,21463.0,,5908231,2026-05-24 04:35:24.233333
1547,5,372,21150.0,21499.0,20855.0,21039.0,,3951482,2026-05-24 04:35:24.233333
1548,5,373,20782.0,21471.0,20705.0,21450.0,,3268451,2026-05-24 04:35:24.233333
1549,5,374,21050.0,21500.0,20813.0,21472.0,,1965511,2026-05-24 04:35:24.236666
1550,5,375,21179.0,21432.0,19131.0,19346.0,,6597217,2026-05-24 04:35:24.236666
1551,5,376,20300.0,20812.0,19800.0,20580.0,,3456101,2026-05-24 04:35:24.236666
1552,5,377,20481.0,20594.0,20009.0,20594.0,,1919293,2026-05-24 04:35:24.236666
1553,5,378,20791.0,21777.0,20711.0,21760.0,,3667277,2026-05-24 04:35:24.240000
1554,5,379,22050.0,22500.0,20950.0,21060.0,,3459299,2026-05-24 04:35:24.240000
1555,5,380,21290.0,21995.0,21290.0,21453.0,,2688903,2026-05-24 04:35:24.240000
1556,5,381,21500.0,22117.0,21292.0,21750.0,,4082428,2026-05-24 04:35:24.280000
1557,5,382,21750.0,22888.0,21750.0,22800.0,,4532045,2026-05-24 04:35:24.280000
1558,5,383,23363.0,23728.0,22767.0,23000.0,,4894281,2026-05-24 04:35:24.280000
1559,5,384,22800.0,23500.0,22754.0,23233.0,,2220552,2026-05-24 04:35:24.280000
1560,5,385,23200.0,24200.0,22828.0,23894.0,,3581736,2026-05-24 04:35:24.280000
1561,5,386,23030.0,23490.0,21452.0,22065.0,,9686124,2026-05-24 04:35:24.283333
1562,5,387,21771.0,21835.0,20117.0,20685.0,,6796410,2026-05-24 04:35:24.283333
1563,5,388,21000.0,21385.0,20702.0,21298.0,,2890478,2026-05-24 04:35:24.283333
1564,5,389,21611.0,22000.0,21195.0,21515.0,,3097797,2026-05-24 04:35:24.286666
1565,5,390,21610.0,22369.0,21555.0,22063.0,,2325968,2026-05-24 04:35:24.286666
1566,5,391,21999.0,22392.0,21775.0,21936.0,,1672476,2026-05-24 04:35:24.286666
1567,5,392,21840.0,22097.0,21300.0,21623.0,,1829739,2026-05-24 04:35:24.290000
1568,5,393,21800.0,22685.0,21800.0,22472.0,,2588230,2026-05-24 04:35:24.290000
1569,5,394,22903.0,22928.0,21658.0,22081.0,,2355973,2026-05-24 04:35:24.290000
1570,5,395,21895.0,22831.0,21806.0,22335.0,,2244696,2026-05-24 04:35:24.290000
1571,5,396,22151.0,22558.0,21780.0,21957.0,,2678018,2026-05-24 04:35:24.293333
1572,5,397,21900.0,22551.0,21625.0,22390.0,,3005464,2026-05-24 04:35:24.293333
1573,5,398,22150.0,22484.0,21710.0,21934.0,,1815011,2026-05-24 04:35:24.293333
1574,6,191,14396.07,14446.05,13830.22,13830.22,,2419515,2026-05-24 04:35:24.910000
1575,6,192,13668.27,13720.25,12988.45,13391.34,,5760128,2026-05-24 04:35:24.910000
1576,6,193,13280.37,13819.22,13258.38,13335.36,,3392301,2026-05-24 04:35:24.913333
1577,6,194,13296.37,13563.29,13155.41,13354.35,,3592478,2026-05-24 04:35:24.913333
1578,6,195,13446.33,13488.31,12908.47,12908.47,,9133988,2026-05-24 04:35:24.913333
1579,6,196,12956.46,13206.39,12510.58,12853.49,,4413296,2026-05-24 04:35:24.916666
1580,6,197,12823.5,12850.49,12270.65,12605.56,,5377652,2026-05-24 04:35:24.916666
1581,6,198,12796.5,13089.42,12605.56,12763.51,,6248455,2026-05-24 04:35:24.916666
1582,6,199,12803.5,13877.21,12757.51,13455.32,,8897703,2026-05-24 04:35:24.920000
1583,6,200,13816.22,14557.02,13726.25,14281.1,,5921013,2026-05-24 04:35:24.920000
1584,6,201,14745.97,15477.77,14194.12,15016.9,,9051726,2026-05-24 04:35:24.920000
1585,6,202,14982.91,15094.88,14599.01,14886.93,,6468668,2026-05-24 04:35:24.920000
1586,6,203,15305.82,15807.68,15142.86,15616.73,,5961639,2026-05-24 04:35:24.920000
1587,6,204,15594.74,15694.71,15295.82,15615.73,,5352370,2026-05-24 04:35:24.923333
1588,6,205,15397.79,15795.69,14827.95,14910.93,,7052760,2026-05-24 04:35:24.923333
1589,6,206,14696.99,14979.91,14361.08,14467.05,,5224004,2026-05-24 04:35:24.926666
1590,6,207,14296.09,15071.88,14274.1,15041.89,,3859143,2026-05-24 04:35:24.926666
1591,6,208,15045.89,15145.86,14753.97,14858.94,,4981898,2026-05-24 04:35:24.926666
1592,6,209,14846.94,14911.93,14376.07,14379.07,,5677249,2026-05-24 04:35:24.930000
1593,6,210,14307.09,15375.8,14201.12,15336.81,,3004020,2026-05-24 04:35:24.930000
1594,6,211,14993.9,16095.6,14928.92,15600.74,,3939149,2026-05-24 04:35:24.930000
1595,6,212,15720.7,16141.59,15205.85,15361.8,,3435532,2026-05-24 04:35:24.933333
1596,6,213,15952.64,17123.32,15795.68,16413.52,,6642231,2026-05-24 04:35:24.933333
1597,6,214,16413.52,16413.52,15436.78,15551.75,,4902011,2026-05-24 04:35:24.933333
1598,6,215,15861.67,16159.58,15779.69,15888.66,,4874398,2026-05-24 04:35:24.933333
1599,6,216,15963.64,16240.56,15606.74,16172.58,,5569402,2026-05-24 04:35:24.933333
1600,6,217,16182.58,16877.39,16158.58,16755.42,,7865685,2026-05-24 04:35:24.936666
1601,6,218,16931.37,17135.32,16289.55,16289.55,,4920001,2026-05-24 04:35:24.936666
1602,6,219,16512.49,17105.33,15911.65,17105.33,,2887461,2026-05-24 04:35:24.936666
1603,6,220,16684.44,17391.25,16476.5,17344.26,,6916648,2026-05-24 04:35:24.936666
1604,6,221,17303.27,17725.16,16845.4,17062.34,,3552412,2026-05-24 04:35:24.940000
1605,6,222,16995.36,17254.28,16481.5,16974.36,,2372849,2026-05-24 04:35:24.940000
1606,6,223,16895.38,17464.23,16893.38,17101.33,,1999844,2026-05-24 04:35:24.940000
1607,6,224,17095.33,17418.24,16791.41,17291.28,,4121710,2026-05-24 04:35:24.940000
1608,6,225,17489.22,17945.1,17347.26,17371.25,,4498822,2026-05-24 04:35:24.940000
1609,6,226,17171.31,17655.17,17095.33,17193.3,,2822402,2026-05-24 04:35:24.940000
1610,6,227,17145.32,17359.26,16809.41,17098.33,,2816891,2026-05-24 04:35:24.943333
1611,6,228,17235.29,17617.19,17048.34,17355.26,,4818889,2026-05-24 04:35:24.943333
1612,6,229,17495.22,18720.88,17495.22,18068.06,,4727954,2026-05-24 04:35:24.943333
1613,6,230,18070.06,19036.8,17945.1,18869.84,,3565402,2026-05-24 04:35:24.943333
1614,6,231,18634.91,18845.85,18455.96,18744.88,,5420687,2026-05-24 04:35:24.943333
1615,6,232,18893.84,19135.77,18595.92,18860.85,,5892321,2026-05-24 04:35:24.946666
1616,6,233,18782.87,18913.83,18210.02,18617.91,,4326688,2026-05-24 04:35:24.946666
1617,6,234,18438.96,18438.96,18069.06,18264.01,,3085569,2026-05-24 04:35:24.946666
1618,6,235,18494.95,18687.89,17980.09,18362.98,,3325258,2026-05-24 04:35:24.946666
1619,6,236,18100.06,18459.96,17933.1,18277.01,,4861532,2026-05-24 04:35:24.946666
1620,6,237,18158.04,18894.84,18158.04,18830.86,,4226237,2026-05-24 04:35:24.950000
1621,6,238,18494.95,18694.89,17056.34,17186.3,,6940895,2026-05-24 04:35:24.950000
1622,6,239,17186.3,17528.21,16711.43,17528.21,,4584194,2026-05-24 04:35:24.950000
1623,6,240,17545.21,17740.15,17093.33,17511.21,,4517733,2026-05-24 04:35:24.950000
1624,6,241,17730.16,17735.16,16795.41,16980.36,,3878029,2026-05-24 04:35:24.950000
1625,6,242,16995.36,17249.29,16664.45,16960.37,,3080370,2026-05-24 04:35:24.953333
1626,6,243,17195.3,17623.18,16933.37,17372.25,,5220863,2026-05-24 04:35:24.953333
1627,6,244,17540.21,17938.1,17469.23,17568.2,,2549528,2026-05-24 04:35:24.953333
1628,6,245,17275.28,17500.22,16814.41,16898.38,,3232559,2026-05-24 04:35:24.953333
1629,6,246,16795.41,17151.31,16501.49,16717.43,,2886358,2026-05-24 04:35:24.956666
1630,6,247,16725.43,17095.33,16630.45,16949.37,,3737598,2026-05-24 04:35:24.956666
1631,6,248,16994.36,17121.32,16591.47,16756.42,,2805437,2026-05-24 04:35:24.956666
1632,6,249,16771.42,17268.28,16595.47,16739.43,,2121962,2026-05-24 04:35:24.960000
1633,6,250,16895.38,16895.38,16576.47,16660.45,,3302943,2026-05-24 04:35:24.960000
1634,6,251,16595.47,16688.44,16066.61,16195.58,,2419312,2026-05-24 04:35:24.960000
1635,6,252,16020.62,16297.55,16004.63,16145.59,,3038803,2026-05-24 04:35:24.960000
1636,6,253,16005.63,16597.47,16005.63,16543.48,,2819918,2026-05-24 04:35:24.963333
1637,6,254,16745.42,16745.42,16160.58,16313.54,,2954175,2026-05-24 04:35:24.963333
1638,6,255,16395.52,16581.47,16203.57,16335.54,,2695720,2026-05-24 04:35:24.966666
1639,6,256,16334.54,16334.54,15665.72,16044.62,,4363740,2026-05-24 04:35:24.966666
1640,6,257,16245.56,16291.55,15183.85,15436.78,,2810381,2026-05-24 04:35:24.966666
1641,6,258,15495.77,15972.64,15249.83,15785.69,,5994364,2026-05-24 04:35:24.966666
1642,6,259,15845.67,16138.59,15664.72,15941.64,,3561543,2026-05-24 04:35:24.970000
1643,6,260,16215.57,17749.15,16215.57,17639.18,,4646424,2026-05-24 04:35:24.970000
1644,6,261,17770.14,18004.08,17276.28,18004.08,,5506514,2026-05-24 04:35:24.970000
1645,6,262,18095.06,18679.9,17135.32,18679.9,,6926552,2026-05-24 04:35:24.970000
1646,6,263,18245.02,18516.02,17422.24,17495.22,,6572336,2026-05-24 04:35:24.973333
1647,6,264,17645.18,19119.77,17643.18,18394.97,,4872268,2026-05-24 04:35:24.973333
1648,6,265,18394.97,19594.65,18340.99,19594.65,,4585056,2026-05-24 04:35:24.973333
1649,6,266,19494.67,19894.56,18694.89,18865.85,,9606573,2026-05-24 04:35:24.976666
1650,6,267,18994.81,19322.72,18780.87,18964.82,,3686655,2026-05-24 04:35:24.976666
1651,6,268,18970.82,19011.81,18441.96,18897.84,,1996822,2026-05-24 04:35:24.976666
1652,6,269,18296.0,19285.73,18296.0,18399.97,,3003884,2026-05-24 04:35:24.980000
1653,6,270,18399.97,18504.94,18009.08,18422.97,,1588231,2026-05-24 04:35:24.980000
1654,6,271,18642.91,19177.76,18425.96,18754.88,,3866909,2026-05-24 04:35:24.980000
1655,6,272,18596.56,18753.53,17896.69,18646.55,,2925967,2026-05-24 04:35:24.980000
1656,6,273,18395.59,19485.39,18173.63,19050.47,,8109589,2026-05-24 04:35:24.983333
1657,6,274,19279.43,19676.36,18792.52,19426.4,,4967450,2026-05-24 04:35:24.983333
1658,6,275,19793.33,19825.33,18947.49,19248.44,,3759392,2026-05-24 04:35:24.983333
1659,6,276,19444.4,20526.2,19131.46,20526.2,,5867442,2026-05-24 04:35:24.986666
1660,6,277,20163.27,21522.01,20100.28,21281.06,,4623485,2026-05-24 04:35:24.986666
1661,6,278,21497.02,22348.86,21296.06,22310.87,,3921687,2026-05-24 04:35:24.986666
1662,6,279,22895.76,22974.74,21562.01,21901.94,,7088150,2026-05-24 04:35:24.990000
1663,6,280,21902.94,22179.89,21127.09,22050.92,,4540706,2026-05-24 04:35:24.990000
1664,6,281,21804.96,23046.73,21653.99,22795.78,,3630839,2026-05-24 04:35:24.990000
1665,6,282,22695.8,22907.76,21977.93,22001.92,,3227212,2026-05-24 04:35:24.990000
1666,6,283,22045.92,22553.82,21695.98,22145.9,,3376592,2026-05-24 04:35:24.993333
1667,6,284,22295.87,22794.78,21749.97,22143.9,,4939320,2026-05-24 04:35:24.993333
1668,6,285,22146.9,22525.83,21752.97,22316.87,,5067307,2026-05-24 04:35:24.993333
1669,6,286,22795.78,23743.6,22502.83,23595.63,,6146162,2026-05-24 04:35:24.993333
1670,6,287,23395.67,23689.61,22344.86,22453.84,,4716109,2026-05-24 04:35:24.996666
1671,6,288,21895.95,21988.93,20699.17,21704.98,,7358966,2026-05-24 04:35:24.996666
1672,6,289,21980.93,22582.82,21883.95,22185.89,,2592000,2026-05-24 04:35:24.996666
1673,6,290,21835.95,21995.93,21485.02,21875.95,,3459783,2026-05-24 04:35:25.000000
1674,6,291,22195.89,22395.85,21912.94,22293.87,,3796947,2026-05-24 04:35:25.000000
1675,6,292,22391.85,23324.68,22045.92,23193.7,,5660577,2026-05-24 04:35:25.000000
1676,6,293,23142.71,23142.71,21510.02,21510.02,,5276176,2026-05-24 04:35:25.000000
1677,6,294,21496.02,21983.93,20904.13,21241.07,,4372611,2026-05-24 04:35:25.000000
1678,6,295,20896.13,21353.04,18562.56,18976.48,,9634853,2026-05-24 04:35:25.003333
1679,6,296,19056.47,19614.37,18016.66,19187.45,,7904147,2026-05-24 04:35:25.003333
1680,6,297,19696.35,20746.16,19696.35,20270.25,,3655753,2026-05-24 04:35:25.003333
1681,6,298,20581.19,20712.16,19724.35,20200.26,,2412436,2026-05-24 04:35:25.006666
1682,6,299,20200.26,20710.16,19087.46,19087.46,,4245910,2026-05-24 04:35:25.006666
1683,6,300,18996.48,19310.42,18696.54,19220.44,,5595243,2026-05-24 04:35:25.006666
1684,6,301,19346.42,20311.24,19221.44,19809.33,,3104142,2026-05-24 04:35:25.006666
1685,6,302,19296.43,20146.27,19246.44,19563.38,,3274851,2026-05-24 04:35:25.010000
1686,6,303,19954.3,20150.27,18454.58,18636.55,,5311719,2026-05-24 04:35:25.010000
1687,6,304,18636.55,19080.47,18477.58,18977.48,,2120479,2026-05-24 04:35:25.010000
1688,6,305,18653.54,18862.51,17808.7,17946.68,,5123629,2026-05-24 04:35:25.010000
1689,6,306,18196.63,18586.56,17976.67,18420.59,,2974984,2026-05-24 04:35:25.010000
1690,6,307,18596.56,19170.45,18357.6,18856.51,,3487272,2026-05-24 04:35:25.013333
1691,6,308,18696.54,18963.49,18302.61,18774.52,,1638476,2026-05-24 04:35:25.013333
1692,6,309,19146.45,19821.33,19146.45,19608.37,,2761913,2026-05-24 04:35:25.013333
1693,6,310,19895.31,19896.31,18922.5,18959.49,,2854022,2026-05-24 04:35:25.013333
1694,6,311,18996.48,19393.41,18947.49,19376.41,,2282941,2026-05-24 04:35:25.013333
1695,6,312,19536.38,20311.24,19372.41,19617.37,,1434443,2026-05-24 04:35:25.013333
1696,6,313,18997.48,19479.39,18842.51,19183.45,,1943145,2026-05-24 04:35:25.016666
1697,6,314,18907.5,19421.4,18907.5,19133.46,,1091222,2026-05-24 04:35:25.016666
1698,6,315,18695.54,18746.53,17846.69,18296.61,,2403447,2026-05-24 04:35:25.016666
1699,6,316,18496.57,19626.37,18365.6,19551.38,,1894408,2026-05-24 04:35:25.020000
1700,6,317,19551.38,19834.33,19242.43,19608.37,,2267513,2026-05-24 04:35:25.020000
1701,6,318,19096.46,19123.46,18196.63,18864.51,,2656090,2026-05-24 04:35:25.020000
1702,6,319,18496.57,19836.33,18496.57,19405.41,,4916859,2026-05-24 04:35:25.020000
1703,6,320,19596.37,20033.29,19332.42,19353.42,,1989050,2026-05-24 04:35:25.020000
1704,6,321,19397.41,20208.26,19397.41,20208.26,,2083735,2026-05-24 04:35:25.020000
1705,6,322,20687.17,21006.11,20108.28,20108.28,,1942365,2026-05-24 04:35:25.023333
1706,6,323,20296.24,21436.03,20271.25,21436.03,,4238986,2026-05-24 04:35:25.023333
1707,6,324,21505.02,22569.82,21177.08,22237.88,,4482452,2026-05-24 04:35:25.023333
1708,6,325,21645.99,21795.96,21421.03,21494.02,,2924525,2026-05-24 04:35:25.023333
1709,6,326,21446.03,21828.96,21248.06,21466.02,,2464383,2026-05-24 04:35:25.026666
1710,6,327,21221.07,21756.97,21009.11,21569.0,,3226779,2026-05-24 04:35:25.026666
1711,6,328,21497.02,22425.85,21497.02,22333.86,,2749376,2026-05-24 04:35:25.026666
1712,6,329,22283.87,22514.83,22039.92,22062.91,,4697379,2026-05-24 04:35:25.026666
1713,6,330,21695.98,21932.94,21143.08,21391.04,,3121104,2026-05-24 04:35:25.030000
1714,6,331,21496.02,21972.93,21496.02,21553.01,,2544964,2026-05-24 04:35:25.030000
1715,6,332,21503.02,22551.82,21353.05,22365.86,,2321183,2026-05-24 04:35:25.030000
1716,6,333,22819.77,23495.65,22818.27,23376.67,,11798916,2026-05-24 04:35:25.030000
1717,6,334,23295.68,23495.65,22783.78,22855.77,,2800980,2026-05-24 04:35:25.030000
1718,6,335,23495.65,24984.37,23416.16,24410.48,,7385317,2026-05-24 04:35:25.030000
1719,6,336,24902.39,25183.34,24220.51,24350.49,,7677715,2026-05-24 04:35:25.030000
1720,6,337,23895.57,24682.43,23895.57,24405.48,,5929477,2026-05-24 04:35:25.033333
1721,6,338,25195.33,26520.09,25173.34,26520.09,,3815032,2026-05-24 04:35:25.033333
1722,6,339,26893.02,27301.94,26504.09,27156.97,,2774621,2026-05-24 04:35:25.033333
1723,6,340,27806.85,28171.78,27016.0,27294.94,,1795426,2026-05-24 04:35:25.033333
1724,6,341,27103.98,27342.94,25916.2,26059.17,,2021874,2026-05-24 04:35:25.033333
1725,6,342,25995.19,26977.5,25816.22,26710.05,,1381814,2026-05-24 04:35:25.036666
1726,6,343,25745.23,26195.15,25458.28,26195.15,,800790,2026-05-24 04:35:25.036666
1727,6,344,26595.07,27132.98,26419.11,26956.01,,1247601,2026-05-24 04:35:25.036666
1728,6,345,27270.95,27708.87,26316.13,27668.88,,3880075,2026-05-24 04:35:25.036666
1729,6,346,27668.87,28844.66,27286.94,28844.66,,3426557,2026-05-24 04:35:25.036666
1730,6,347,28144.79,29307.57,27877.84,28766.67,,3720389,2026-05-24 04:35:25.040000
1731,6,348,28494.72,28585.71,26029.18,26408.11,,5238315,2026-05-24 04:35:25.040000
1732,6,349,26945.01,27884.84,26854.03,27650.88,,2270505,2026-05-24 04:35:25.040000
1733,6,350,28200.78,29994.44,28135.79,29994.44,,2980920,2026-05-24 04:35:25.040000
1734,6,351,29594.52,30444.36,29166.6,30237.4,,2504805,2026-05-24 04:35:25.040000
1735,6,352,30314.38,31908.09,30268.39,31041.25,,4868961,2026-05-24 04:35:25.040000
1736,6,353,30744.31,31146.23,30222.4,30710.31,,4055866,2026-05-24 04:35:25.040000
1737,6,354,30494.35,30548.34,28954.64,29754.49,,4433184,2026-05-24 04:35:25.040000
1738,6,355,30094.43,30294.39,29305.57,30294.39,,2072322,2026-05-24 04:35:25.043333
1739,6,356,30194.41,30807.29,29944.45,30651.32,,3089238,2026-05-24 04:35:25.043333
1740,6,357,31339.2,31794.11,29872.47,31680.13,,5539434,2026-05-24 04:35:25.043333
1741,6,112,31649.14,33977.7,31441.17,33354.82,,4430642,2026-05-24 04:35:25.043333
1742,6,113,34225.66,36193.3,33489.8,34924.53,,4786913,2026-05-24 04:35:25.046666
1743,6,114,36183.3,37032.14,35054.51,36693.2,,4504172,2026-05-24 04:35:25.046666
1744,6,115,36111.31,37490.06,35703.39,35893.35,,4406127,2026-05-24 04:35:25.046666
1745,6,116,36993.15,37771.0,35432.44,36613.22,,5592284,2026-05-24 04:35:25.046666
1746,6,117,37398.07,37940.97,36031.33,36431.25,,5132137,2026-05-24 04:35:25.046666
1747,6,118,33513.79,34495.61,31400.18,31594.15,,8461551,2026-05-24 04:35:25.050000
1748,6,119,26495.09,29674.5,26006.18,28894.65,,9636535,2026-05-24 04:35:25.050000
1749,6,120,29544.53,30829.29,29340.57,30358.38,,6558644,2026-05-24 04:35:25.050000
1750,6,121,30794.3,31809.11,30405.37,30988.26,,5426640,2026-05-24 04:35:25.050000
1751,6,122,29294.57,29895.46,27607.89,28148.79,,4842823,2026-05-24 04:35:25.050000
1752,6,123,27645.88,27917.83,27019.99,27519.9,,6441479,2026-05-24 04:35:25.050000
1753,6,124,27893.83,28414.74,26620.07,28064.8,,2944100,2026-05-24 04:35:25.053333
1754,6,125,27993.81,28544.71,27600.89,28370.74,,2062342,2026-05-24 04:35:25.053333
1755,6,126,28494.72,30064.43,28494.72,29344.56,,2783648,2026-05-24 04:35:25.053333
1756,6,127,29204.59,29635.51,28520.72,28955.64,,3541734,2026-05-24 04:35:25.053333
1757,6,128,27861.84,28156.78,26690.06,27473.91,,3324749,2026-05-24 04:35:25.056666
1758,6,129,27134.97,27875.84,26795.04,27245.95,,1709098,2026-05-24 04:35:25.056666
1759,6,93,26800.04,27175.97,26505.09,26837.03,,2353914,2026-05-24 04:35:25.056666
1760,6,74,27103.98,28526.72,27012.0,28526.72,,3752667,2026-05-24 04:35:25.056666
1761,6,53,28413.74,28803.66,27272.95,27816.85,,1804337,2026-05-24 04:35:25.060000
1762,6,54,27895.83,29413.55,27895.83,28972.63,,2258949,2026-05-24 04:35:25.060000
1763,6,3,29494.54,30463.36,29194.59,30463.36,,2997300,2026-05-24 04:35:25.060000
1764,6,4,30393.37,31443.18,29994.44,30846.29,,4531556,2026-05-24 04:35:25.060000
1765,6,5,31633.14,32917.9,31633.14,32294.02,,3297421,2026-05-24 04:35:25.060000
1766,6,6,32593.96,33829.73,32303.02,33658.77,,4563988,2026-05-24 04:35:25.060000
1767,6,7,34993.52,35852.36,34067.69,35360.45,,6576803,2026-05-24 04:35:25.063333
1768,6,10,35607.41,36507.24,34087.69,34421.63,,3875128,2026-05-24 04:35:25.063333
1769,6,11,33893.72,33893.72,28251.77,28605.7,,6641275,2026-05-24 04:35:25.063333
1770,6,12,29194.59,30627.33,28906.65,29450.54,,4769515,2026-05-24 04:35:25.063333
1771,6,13,29450.54,30218.4,26401.11,27224.96,,5484089,2026-05-24 04:35:25.063333
1772,6,14,27494.91,28394.74,26310.13,26695.05,,5576386,2026-05-24 04:35:25.063333
1773,6,17,26694.06,26935.01,25031.36,26398.11,,6997933,2026-05-24 04:35:25.066666
1774,6,18,27717.87,27995.81,26798.04,27775.86,,3341146,2026-05-24 04:35:25.066666
1775,6,19,27994.81,27994.81,26470.1,27349.93,,4804008,2026-05-24 04:35:25.066666
1776,6,20,26795.04,27662.88,26520.09,27094.98,,3002484,2026-05-24 04:35:25.066666
1777,6,21,26495.09,27143.97,24029.55,24029.55,,7064144,2026-05-24 04:35:25.066666
1778,6,24,24883.39,25858.21,24265.5,25684.24,,6876449,2026-05-24 04:35:25.066666
1779,6,25,25496.28,27035.99,25239.32,26760.04,,3896056,2026-05-24 04:35:25.070000
1780,6,26,26765.04,26855.03,24558.45,24810.4,,4516740,2026-05-24 04:35:25.070000
1781,6,27,23945.57,24283.5,21123.09,22324.87,,12212764,2026-05-24 04:35:25.070000
1782,6,28,22615.81,23566.64,21976.93,21978.93,,10643296,2026-05-24 04:35:25.070000
1783,6,358,20683.17,22946.75,19696.35,22595.81,,7108302,2026-05-24 04:35:25.070000
1784,6,359,22472.84,22926.75,21691.98,22131.9,,5652689,2026-05-24 04:35:25.070000
1785,6,360,22920.0,23614.0,22361.0,23263.0,,4384951,2026-05-24 04:35:25.070000
1786,6,361,22595.0,22595.0,21415.0,22524.0,,3110983,2026-05-24 04:35:25.070000
1787,6,362,22820.0,22942.0,21403.0,22258.0,,4187233,2026-05-24 04:35:25.073333
1788,6,363,22700.0,23510.0,21827.0,23510.0,,3977380,2026-05-24 04:35:25.073333
1789,6,364,23555.0,24370.0,23231.0,23893.0,,5598709,2026-05-24 04:35:25.073333
1790,6,365,25672.0,26200.0,24295.0,24554.0,,4591101,2026-05-24 04:35:25.073333
1791,6,366,23250.0,24532.0,22389.0,24532.0,,2727105,2026-05-24 04:35:25.073333
1792,6,367,24661.0,24695.0,23084.0,23084.0,,4097707,2026-05-24 04:35:25.076666
1793,6,368,25715.0,26867.0,25484.0,26094.0,,8732977,2026-05-24 04:35:25.076666
1794,6,369,25772.0,26105.0,25453.0,25600.0,,4835217,2026-05-24 04:35:25.076666
1795,6,370,25580.0,25968.0,25031.0,25255.0,,2241424,2026-05-24 04:35:25.076666
1796,6,371,25057.0,25544.0,24697.0,25121.0,,2318093,2026-05-24 04:35:25.080000
1797,6,372,25735.0,26559.0,25610.0,26199.0,,2545376,2026-05-24 04:35:25.080000
1798,6,373,26203.0,26410.0,25594.0,25594.0,,3683812,2026-05-24 04:35:25.080000
1799,6,374,26100.0,26309.0,24862.0,25000.0,,2529484,2026-05-24 04:35:25.080000
1800,6,375,24980.0,27661.0,24552.0,27311.0,,6072302,2026-05-24 04:35:25.080000
1801,6,376,26262.0,26842.0,25700.0,26582.0,,2185632,2026-05-24 04:35:25.080000
1802,6,377,26800.0,26800.0,25462.0,25462.0,,2089235,2026-05-24 04:35:25.083333
1803,6,378,25800.0,26133.0,25118.0,25661.0,,1440566,2026-05-24 04:35:25.083333
1804,6,379,25590.0,25808.0,24106.0,24441.0,,2710257,2026-05-24 04:35:25.083333
1805,6,380,24300.0,24421.0,23628.0,24206.0,,1927458,2026-05-24 04:35:25.083333
1806,6,381,24900.0,24900.0,22642.0,22672.0,,3560822,2026-05-24 04:35:25.083333
1807,6,382,22745.0,23000.0,21839.0,22211.0,,3028138,2026-05-24 04:35:25.086666
1808,6,383,22285.0,23732.0,22279.0,23226.0,,3301350,2026-05-24 04:35:25.086666
1809,6,384,23250.0,23999.0,23062.0,23700.0,,3196736,2026-05-24 04:35:25.086666
1810,6,385,23700.0,24885.0,23624.0,24517.0,,3210136,2026-05-24 04:35:25.086666
1811,6,386,25100.0,26961.0,25100.0,26961.0,,4677486,2026-05-24 04:35:25.086666
1812,6,387,27020.0,27974.0,26587.0,27244.0,,4315612,2026-05-24 04:35:25.090000
1813,6,388,26879.0,27333.0,26190.0,26847.0,,2490532,2026-05-24 04:35:25.090000
1814,6,389,26502.0,27442.0,26145.0,27211.0,,3959571,2026-05-24 04:35:25.090000
1815,6,390,26700.0,26898.0,26317.0,26533.0,,1695100,2026-05-24 04:35:25.090000
1816,6,391,26954.0,27752.0,26741.0,27450.0,,1532663,2026-05-24 04:35:25.090000
1817,6,392,27273.0,27998.0,26090.0,26119.0,,1678539,2026-05-24 04:35:25.090000
1818,6,393,25310.0,25623.0,24107.0,24246.0,,1614633,2026-05-24 04:35:25.093333
1819,6,394,24411.0,24699.0,23569.0,23864.0,,2790562,2026-05-24 04:35:25.093333
1820,6,395,24097.0,24210.0,22800.0,22895.0,,3574893,2026-05-24 04:35:25.096666
1821,6,396,23263.0,23453.0,22570.0,23249.0,,3498899,2026-05-24 04:35:25.096666
1822,6,397,23099.0,23140.0,22274.0,22694.0,,3835848,2026-05-24 04:35:25.100000
1823,6,398,23000.0,23120.0,21935.0,22219.0,,4297753,2026-05-24 04:35:25.100000
1824,7,191,6549.91,6715.91,6467.91,6565.91,,2660657,2026-05-24 04:35:25.626666
1825,7,192,6567.91,6674.91,6553.91,6653.91,,6657159,2026-05-24 04:35:25.630000
1826,7,193,6749.91,6749.91,6570.91,6591.91,,3087173,2026-05-24 04:35:25.630000
1827,7,194,6649.91,6838.91,6598.91,6725.91,,14435479,2026-05-24 04:35:25.630000
1828,7,195,6728.91,6947.9,6656.91,6930.9,,13177844,2026-05-24 04:35:25.630000
1829,7,196,6855.91,6961.9,6820.91,6951.9,,4296170,2026-05-24 04:35:25.633333
1830,7,197,6944.9,6944.9,6681.91,6846.91,,3373353,2026-05-24 04:35:25.633333
1831,7,198,6931.9,7030.9,6866.9,7003.9,,4830561,2026-05-24 04:35:25.633333
1832,7,199,7032.9,7116.9,6916.9,7089.9,,7125238,2026-05-24 04:35:25.636666
1833,7,200,7029.9,7066.9,6924.9,6927.9,,3416454,2026-05-24 04:35:25.636666
1834,7,201,6976.9,7037.9,6918.9,6973.9,,8949901,2026-05-24 04:35:25.636666
1835,7,202,6973.9,6995.9,6913.9,6957.9,,7125861,2026-05-24 04:35:25.636666
1836,7,203,6983.9,7109.9,6982.9,7048.9,,8425752,2026-05-24 04:35:25.640000
1837,7,204,6939.9,6978.9,6738.51,6955.9,,6630310,2026-05-24 04:35:25.640000
1838,7,205,6920.9,7035.9,6879.9,6991.9,,4569442,2026-05-24 04:35:25.640000
1839,7,206,6990.9,7031.9,6919.9,6934.9,,5291750,2026-05-24 04:35:25.640000
1840,7,207,7039.9,7039.9,6895.9,6978.9,,2951061,2026-05-24 04:35:25.640000
1841,7,208,6898.9,6967.9,6835.91,6912.9,,3951365,2026-05-24 04:35:25.643333
1842,7,209,6952.9,7039.9,6914.9,6960.9,,27489759,2026-05-24 04:35:25.643333
1843,7,210,6960.9,6960.9,6855.91,6952.9,,6882206,2026-05-24 04:35:25.643333
1844,7,211,7017.9,7069.9,6706.91,6729.91,,7487458,2026-05-24 04:35:25.643333
1845,7,212,6752.91,6814.91,6650.91,6669.91,,7536002,2026-05-24 04:35:25.646666
1846,7,213,6756.91,7079.9,6650.91,7037.9,,15709383,2026-05-24 04:35:25.646666
1847,7,214,7109.9,7138.9,6895.9,6994.9,,9278682,2026-05-24 04:35:25.646666
1848,7,215,7017.9,7072.9,6892.9,6954.9,,5090351,2026-05-24 04:35:25.646666
1849,7,216,6965.9,7041.9,6948.9,7024.9,,6572560,2026-05-24 04:35:25.650000
1850,7,217,7113.9,7392.9,7113.9,7382.9,,19143025,2026-05-24 04:35:25.650000
1851,7,218,7399.9,7455.9,7335.9,7349.9,,12187068,2026-05-24 04:35:25.650000
1852,7,219,7399.9,7399.9,7205.9,7291.9,,5029799,2026-05-24 04:35:25.650000
1853,7,220,7299.9,7321.24,7187.9,7203.9,,3254638,2026-05-24 04:35:25.650000
1854,7,221,7325.9,7456.9,7290.9,7419.9,,5528595,2026-05-24 04:35:25.650000
1855,7,222,7389.9,7389.9,7178.9,7199.9,,5046115,2026-05-24 04:35:25.653333
1856,7,223,7300.9,7551.9,7300.9,7483.9,,4069563,2026-05-24 04:35:25.653333
1857,7,224,7559.9,7585.9,7442.9,7585.9,,8170255,2026-05-24 04:35:25.653333
1858,7,225,7599.89,7650.89,7480.9,7487.9,,4362750,2026-05-24 04:35:25.653333
1859,7,226,7479.9,7532.9,7406.9,7416.9,,9450903,2026-05-24 04:35:25.656666
1860,7,227,7414.9,7481.9,7336.9,7361.9,,7528099,2026-05-24 04:35:25.656666
1861,7,228,7344.9,7459.9,7276.9,7301.9,,11861616,2026-05-24 04:35:25.656666
1862,7,229,7355.9,7388.9,7263.9,7278.9,,6527338,2026-05-24 04:35:25.656666
1863,7,230,7279.9,7565.9,7279.9,7483.9,,8160625,2026-05-24 04:35:25.660000
1864,7,231,7599.9,7731.89,7581.9,7706.89,,5451843,2026-05-24 04:35:25.660000
1865,7,232,7706.89,7835.89,7680.89,7799.89,,8786366,2026-05-24 04:35:25.660000
1866,7,233,7709.89,7824.89,7657.89,7741.89,,4360885,2026-05-24 04:35:25.660000
1867,7,234,7721.89,7721.89,7584.9,7588.9,,3789364,2026-05-24 04:35:25.660000
1868,7,235,7639.89,7639.89,7447.9,7509.9,,6925594,2026-05-24 04:35:25.660000
1869,7,236,7597.9,7597.9,7293.9,7321.9,,6114428,2026-05-24 04:35:25.663333
1870,7,237,7379.9,7481.9,7256.9,7468.9,,7961192,2026-05-24 04:35:25.663333
1871,7,238,7398.9,7398.9,7099.9,7222.9,,6251958,2026-05-24 04:35:25.663333
1872,7,239,7348.9,7389.9,7127.9,7127.9,,10629568,2026-05-24 04:35:25.663333
1873,7,240,7255.9,7255.9,7134.9,7134.9,,3068384,2026-05-24 04:35:25.663333
1874,7,241,7196.9,7277.9,7128.9,7202.9,,9453571,2026-05-24 04:35:25.666666
1875,7,242,7249.9,7249.9,6785.91,6785.91,,12926796,2026-05-24 04:35:25.666666
1876,7,243,6993.9,6993.9,6522.91,6701.91,,12361378,2026-05-24 04:35:25.666666
1877,7,244,6757.91,6890.9,6757.91,6845.91,,9073445,2026-05-24 04:35:25.666666
1878,7,245,6907.9,7018.9,6907.9,6999.9,,7056862,2026-05-24 04:35:25.666666
1879,7,246,7069.9,7069.9,6925.9,7009.9,,2804526,2026-05-24 04:35:25.666666
1880,7,247,7062.9,7074.9,6982.9,7048.9,,1674794,2026-05-24 04:35:25.670000
1881,7,248,7054.9,7088.9,7022.9,7046.9,,1575921,2026-05-24 04:35:25.670000
1882,7,249,7113.9,7269.9,7113.9,7153.9,,3680506,2026-05-24 04:35:25.670000
1883,7,250,7188.9,7188.9,6891.9,6891.9,,6034577,2026-05-24 04:35:25.670000
1884,7,251,6899.9,7089.9,6895.9,6979.9,,5075395,2026-05-24 04:35:25.670000
1885,7,252,6949.9,7041.9,6924.9,7003.9,,7458014,2026-05-24 04:35:25.670000
1886,7,253,6994.9,7039.9,6930.9,6967.9,,5993673,2026-05-24 04:35:25.673333
1887,7,254,7086.9,7086.9,6851.91,6961.9,,4175056,2026-05-24 04:35:25.673333
1888,7,255,7049.9,7143.9,6902.9,6984.9,,5563559,2026-05-24 04:35:25.673333
1889,7,256,7007.9,7039.9,6894.9,6980.9,,3068924,2026-05-24 04:35:25.673333
1890,7,257,7023.95,7023.95,6894.95,6919.95,,3116067,2026-05-24 04:35:25.673333
1891,7,258,6939.95,7117.95,6939.95,7066.95,,3281935,2026-05-24 04:35:25.676666
1892,7,259,7061.95,7071.95,6924.95,6980.95,,3358618,2026-05-24 04:35:25.676666
1893,7,260,6930.95,6973.95,6852.95,6862.95,,6658279,2026-05-24 04:35:25.676666
1894,7,261,6873.95,6873.95,6689.96,6730.96,,11895625,2026-05-24 04:35:25.676666
1895,7,262,6736.95,6920.95,6710.96,6791.95,,8563963,2026-05-24 04:35:25.676666
1896,7,263,6791.95,6932.95,6791.95,6832.95,,4445774,2026-05-24 04:35:25.676666
1897,7,264,6899.95,6935.95,6807.44,6817.95,,8357706,2026-05-24 04:35:25.680000
1898,7,265,6800.95,6840.95,6753.95,6766.95,,6612133,2026-05-24 04:35:25.680000
1899,7,266,6834.95,7266.95,6834.95,7194.95,,19818365,2026-05-24 04:35:25.680000
1900,7,267,7124.95,7155.95,6993.95,6999.95,,7155087,2026-05-24 04:35:25.680000
1901,7,268,7062.95,7063.95,6952.95,7046.95,,2549279,2026-05-24 04:35:25.680000
1902,7,269,7101.95,7337.95,7101.95,7181.95,,10532333,2026-05-24 04:35:25.680000
1903,7,270,7198.95,7244.95,7079.95,7229.95,,3498747,2026-05-24 04:35:25.680000
1904,7,271,7299.95,7432.95,7277.95,7376.95,,10232112,2026-05-24 04:35:25.680000
1905,7,272,7344.95,7386.95,7303.95,7329.95,,6404195,2026-05-24 04:35:25.683333
1906,7,273,7294.95,7399.95,7217.95,7220.95,,6213303,2026-05-24 04:35:25.683333
1907,7,274,7224.95,7344.95,7169.95,7306.95,,47963064,2026-05-24 04:35:25.683333
1908,7,275,7317.95,7536.95,7307.95,7488.95,,13981219,2026-05-24 04:35:25.683333
1909,7,276,7475.95,7628.95,7473.95,7553.95,,8965523,2026-05-24 04:35:25.683333
1910,7,277,7699.95,7899.95,7699.95,7754.95,,10375659,2026-05-24 04:35:25.683333
1911,7,278,7779.95,7825.95,7721.95,7797.95,,6092736,2026-05-24 04:35:25.686666
1912,7,279,7806.95,7982.95,7800.95,7982.95,,7738237,2026-05-24 04:35:25.686666
1913,7,280,7920.95,8011.95,7853.95,7969.95,,8816019,2026-05-24 04:35:25.686666
1914,7,281,7939.95,8026.95,7883.95,7917.95,,6940880,2026-05-24 04:35:25.686666
1915,7,282,7967.95,8019.95,7910.95,7910.95,,2265009,2026-05-24 04:35:25.690000
1916,7,283,7974.95,8053.95,7943.95,8031.95,,5099910,2026-05-24 04:35:25.690000
1917,7,284,8043.95,8241.95,8043.95,8203.95,,5025193,2026-05-24 04:35:25.690000
1918,7,285,8229.95,8266.94,8138.95,8214.95,,6644237,2026-05-24 04:35:25.690000
1919,7,286,8205.95,8327.94,8152.95,8257.95,,4476322,2026-05-24 04:35:25.690000
1920,7,287,8167.95,8341.94,8103.95,8184.95,,6151040,2026-05-24 04:35:25.690000
1921,7,288,8099.95,8160.95,8061.95,8077.95,,7164482,2026-05-24 04:35:25.693333
1922,7,289,8123.95,8299.95,7998.95,8263.95,,3805498,2026-05-24 04:35:25.693333
1923,7,290,8128.95,8152.95,8021.95,8131.95,,9268511,2026-05-24 04:35:25.693333
1924,7,291,8262.94,8272.94,8099.95,8181.95,,2670662,2026-05-24 04:35:25.693333
1925,7,292,8234.94,8242.94,8099.95,8157.95,,2737106,2026-05-24 04:35:25.693333
1926,7,293,8101.95,8185.95,8049.95,8070.95,,2187465,2026-05-24 04:35:25.696666
1927,7,294,8079.95,8107.95,8041.95,8085.95,,3645373,2026-05-24 04:35:25.696666
1928,7,295,8057.95,8109.95,7952.95,7997.95,,3325348,2026-05-24 04:35:25.696666
1929,7,296,8048.95,8096.95,7937.95,7940.95,,2675868,2026-05-24 04:35:25.696666
1930,7,297,7910.95,8018.95,7909.95,8005.95,,3475094,2026-05-24 04:35:25.700000
1931,7,298,7939.95,7999.95,7853.95,7893.95,,3815885,2026-05-24 04:35:25.700000
1932,7,299,7910.95,8138.95,7910.95,8025.95,,4584209,2026-05-24 04:35:25.700000
1933,7,300,8041.95,8071.95,7849.95,8036.95,,4555706,2026-05-24 04:35:25.700000
1934,7,301,8043.95,8529.94,8043.95,8483.94,,8957056,2026-05-24 04:35:25.700000
1935,7,302,8493.94,8493.94,8236.94,8304.94,,4143320,2026-05-24 04:35:25.700000
1936,7,303,8371.94,8371.94,8200.95,8307.94,,3575598,2026-05-24 04:35:25.700000
1937,7,304,8348.94,8365.94,8112.95,8162.95,,5048145,2026-05-24 04:35:25.700000
1938,7,305,8132.95,8132.95,7917.95,7997.95,,4075065,2026-05-24 04:35:25.703333
1939,7,306,7997.95,8043.95,7904.95,8043.95,,5054758,2026-05-24 04:35:25.703333
1940,7,307,8003.95,8304.94,8003.95,8220.95,,4149461,2026-05-24 04:35:25.703333
1941,7,308,8250.94,8254.94,8082.95,8193.95,,2833471,2026-05-24 04:35:25.706666
1942,7,309,8268.95,8407.94,8183.58,8245.95,,6516448,2026-05-24 04:35:25.706666
1943,7,310,8244.94,8361.94,8188.95,8335.94,,7191517,2026-05-24 04:35:25.706666
1944,7,311,8199.95,8377.94,8199.95,8377.94,,1813075,2026-05-24 04:35:25.706666
1945,7,312,8279.94,8425.94,8279.94,8372.94,,3857530,2026-05-24 04:35:25.706666
1946,7,313,8399.94,8399.94,8090.95,8198.95,,2474501,2026-05-24 04:35:25.706666
1947,7,314,8198.95,8235.94,8128.95,8185.95,,2458007,2026-05-24 04:35:25.710000
1948,7,315,8138.95,8163.95,7963.95,7976.95,,7603849,2026-05-24 04:35:25.710000
1949,7,316,8217.95,8217.95,7911.95,7957.95,,10318882,2026-05-24 04:35:25.710000
1950,7,317,8198.95,8198.95,7878.95,7926.95,,3138716,2026-05-24 04:35:25.710000
1951,7,318,7871.95,7871.95,7613.95,7643.95,,3235044,2026-05-24 04:35:25.710000
1952,7,319,7651.95,7826.95,7651.95,7749.95,,5329927,2026-05-24 04:35:25.710000
1953,7,320,7749.95,7938.95,7747.95,7898.95,,2779597,2026-05-24 04:35:25.713333
1954,7,321,7898.95,7984.95,7821.95,7874.95,,6989347,2026-05-24 04:35:25.713333
1955,7,322,7898.95,8260.94,7869.95,8158.95,,19893113,2026-05-24 04:35:25.713333
1956,7,323,8204.94,8204.94,8056.95,8156.95,,6217104,2026-05-24 04:35:25.713333
1957,7,324,8043.95,8386.94,8043.95,8349.94,,6646457,2026-05-24 04:35:25.713333
1958,7,325,8339.94,8339.94,8166.95,8227.95,,3502649,2026-05-24 04:35:25.713333
1959,7,326,8247.95,8691.94,8173.95,8672.94,,8578154,2026-05-24 04:35:25.716666
1960,7,327,8714.94,8810.94,8542.94,8610.94,,7222028,2026-05-24 04:35:25.716666
1961,7,328,8777.94,8863.94,8609.94,8648.94,,10348303,2026-05-24 04:35:25.716666
1962,7,329,8623.94,8647.94,8524.94,8645.94,,4795792,2026-05-24 04:35:25.716666
1963,7,330,8503.94,8669.94,8458.94,8618.94,,4054184,2026-05-24 04:35:25.716666
1964,7,331,8466.94,8749.94,8466.94,8662.94,,4847655,2026-05-24 04:35:25.720000
1965,7,332,8739.94,8739.94,8576.94,8715.94,,8559245,2026-05-24 04:35:25.720000
1966,7,333,8715.94,8741.94,8549.94,8640.94,,2408028,2026-05-24 04:35:25.720000
1967,7,334,8637.94,8637.94,8489.94,8574.94,,6526271,2026-05-24 04:35:25.720000
1968,7,335,8484.94,8799.94,8382.94,8556.94,,9312255,2026-05-24 04:35:25.720000
1969,7,336,8571.94,8691.94,8477.94,8691.94,,9269564,2026-05-24 04:35:25.720000
1970,7,337,8684.94,8790.94,8628.94,8779.94,,13846982,2026-05-24 04:35:25.720000
1971,7,338,8601.94,8948.94,8601.94,8783.94,,3013697,2026-05-24 04:35:25.723333
1972,7,339,8707.94,8903.94,8707.94,8891.94,,3952432,2026-05-24 04:35:25.723333
1973,7,340,8891.94,8988.94,8864.94,8891.94,,1146143,2026-05-24 04:35:25.723333
1974,7,341,8984.94,9107.94,8862.94,9040.94,,3960771,2026-05-24 04:35:25.723333
1975,7,342,9126.94,9135.94,8978.94,9094.94,,3113166,2026-05-24 04:35:25.723333
1976,7,343,9094.94,9127.94,9063.94,9114.94,,1159911,2026-05-24 04:35:25.726666
1977,7,344,9251.94,9294.94,9114.94,9252.94,,5490956,2026-05-24 04:35:25.726666
1978,7,345,9199.94,9354.94,9155.94,9329.94,,3143601,2026-05-24 04:35:25.726666
1979,7,346,9329.94,9483.94,9299.94,9439.94,,6745483,2026-05-24 04:35:25.726666
1980,7,347,9439.94,9558.94,9373.94,9438.94,,3451819,2026-05-24 04:35:25.726666
1981,7,348,9435.94,9435.94,9107.94,9118.94,,5532881,2026-05-24 04:35:25.726666
1982,7,349,10199.93,10385.93,9759.93,10081.93,,12347726,2026-05-24 04:35:25.730000
1983,7,350,10089.93,10604.93,9999.03,10380.93,,8218788,2026-05-24 04:35:25.730000
1984,7,351,10356.93,10523.93,10222.93,10312.93,,5409895,2026-05-24 04:35:25.730000
1985,7,352,10295.93,10699.93,10283.93,10695.93,,14183452,2026-05-24 04:35:25.730000
1986,7,353,10699.93,10848.93,10595.93,10731.93,,10762193,2026-05-24 04:35:25.730000
1987,7,354,10897.93,10897.93,10480.93,10539.93,,7219937,2026-05-24 04:35:25.730000
1988,7,355,10768.93,10768.93,10438.93,10599.93,,3926647,2026-05-24 04:35:25.730000
1989,7,356,10785.93,10785.93,10480.93,10629.93,,8001914,2026-05-24 04:35:25.730000
1990,7,357,10552.93,10999.93,10552.93,10930.93,,7857380,2026-05-24 04:35:25.733333
1991,7,112,10983.93,11020.93,10649.93,10692.93,,4983542,2026-05-24 04:35:25.733333
1992,7,113,10771.93,10951.93,10551.93,10951.93,,3600919,2026-05-24 04:35:25.733333
1993,7,114,10999.93,11098.93,10676.22,11049.93,,3841935,2026-05-24 04:35:25.733333
1994,7,115,11121.93,11121.93,10852.93,11005.93,,3340929,2026-05-24 04:35:25.733333
1995,7,116,11129.93,11169.93,10921.93,11169.93,,4006811,2026-05-24 04:35:25.736666
1996,7,117,11199.93,11596.92,11101.93,11430.92,,13286055,2026-05-24 04:35:25.736666
1997,7,118,11064.93,11345.92,10715.93,10994.93,,11552713,2026-05-24 04:35:25.736666
1998,7,119,10698.93,11007.93,10188.93,10943.93,,9724533,2026-05-24 04:35:25.736666
1999,7,120,11024.93,11258.92,10933.75,11139.93,,16814153,2026-05-24 04:35:25.736666
2000,7,121,11254.92,11635.92,11254.92,11413.92,,10233042,2026-05-24 04:35:25.740000
2001,7,122,11497.92,11497.92,10252.47,10812.93,,9507695,2026-05-24 04:35:25.740000
2002,7,123,10393.93,10661.93,10128.93,10549.93,,12507392,2026-05-24 04:35:25.740000
2003,7,124,10499.93,10790.93,10390.93,10781.93,,3340874,2026-05-24 04:35:25.740000
2004,7,125,10825.93,10900.93,10755.93,10783.93,,4595998,2026-05-24 04:35:25.740000
2005,7,126,10729.93,11063.93,10729.93,10988.93,,8308876,2026-05-24 04:35:25.740000
2006,7,127,10988.93,11053.93,10791.93,10811.93,,5501245,2026-05-24 04:35:25.740000
2007,7,128,10799.93,10949.93,10578.93,10749.93,,2512198,2026-05-24 04:35:25.743333
2008,7,129,10832.93,10832.93,10508.93,10632.93,,2803848,2026-05-24 04:35:25.743333
2009,7,93,10561.93,10774.93,10357.93,10357.93,,4688694,2026-05-24 04:35:25.743333
2010,7,74,10594.93,11052.93,10549.93,11019.93,,5351709,2026-05-24 04:35:25.743333
2011,7,53,11095.93,11095.93,10696.93,10849.93,,3182579,2026-05-24 04:35:25.743333
2012,7,54,10859.93,11036.93,10858.93,10991.93,,3137191,2026-05-24 04:35:25.746666
2013,7,3,10979.93,11219.92,10906.93,11199.92,,5278098,2026-05-24 04:35:25.746666
2014,7,4,10983.93,11181.93,10983.93,11149.93,,2044199,2026-05-24 04:35:25.746666
2015,7,5,11003.93,11488.92,11003.93,11434.92,,2831030,2026-05-24 04:35:25.746666
2016,7,6,11434.92,11479.92,11221.92,11221.92,,2451792,2026-05-24 04:35:25.746666
2017,7,7,11399.92,11579.92,11287.92,11449.92,,3984101,2026-05-24 04:35:25.750000
2018,7,10,11699.92,11775.92,11461.92,11509.92,,3410015,2026-05-24 04:35:25.750000
2019,7,11,11499.92,11506.92,11167.93,11414.92,,13084748,2026-05-24 04:35:25.750000
2020,7,12,11403.92,11788.92,11403.92,11592.92,,6122398,2026-05-24 04:35:25.750000
2021,7,13,11696.92,11776.92,11446.92,11555.92,,4766104,2026-05-24 04:35:25.750000
2022,7,14,11415.92,11546.92,10946.93,10960.93,,6274246,2026-05-24 04:35:25.750000
2023,7,17,10966.93,11444.92,10852.93,11095.93,,11568057,2026-05-24 04:35:25.750000
2024,7,18,11114.93,11496.92,11114.93,11467.92,,3752445,2026-05-24 04:35:25.753333
2025,7,19,11479.92,11534.92,11141.93,11521.92,,6137456,2026-05-24 04:35:25.753333
2026,7,20,11459.92,11857.92,11384.92,11719.92,,7498277,2026-05-24 04:35:25.753333
2027,7,21,11862.92,11862.92,11631.92,11631.92,,9993037,2026-05-24 04:35:25.753333
2028,7,24,11688.92,11693.92,11479.92,11631.92,,3886100,2026-05-24 04:35:25.753333
2029,7,25,11593.92,11809.92,11473.92,11772.92,,5814820,2026-05-24 04:35:25.753333
2030,7,26,11754.92,11918.92,11647.92,11739.92,,7335092,2026-05-24 04:35:25.756666
2031,7,27,11631.92,11713.92,11351.92,11671.92,,20598299,2026-05-24 04:35:25.756666
2032,7,28,11549.92,11901.92,11549.92,11611.92,,10556595,2026-05-24 04:35:25.756666
2033,7,358,11499.92,11875.92,11172.93,11754.92,,12929514,2026-05-24 04:35:25.756666
2034,7,359,11624.92,11953.92,11513.92,11953.92,,5164295,2026-05-24 04:35:25.756666
2035,7,360,11969.92,12319.92,11969.92,12319.92,,5056214,2026-05-24 04:35:25.756666
2036,7,361,12075.92,12368.92,11906.92,12070.92,,9983887,2026-05-24 04:35:25.760000
2037,7,362,12012.92,12199.92,11851.92,12189.92,,10967796,2026-05-24 04:35:25.760000
2038,7,363,12261.92,12686.92,12213.92,12568.92,,7103145,2026-05-24 04:35:25.760000
2039,7,364,12499.92,12867.91,12499.92,12798.92,,6563799,2026-05-24 04:35:25.760000
2040,7,365,12899.91,12901.91,12498.92,12583.92,,11171829,2026-05-24 04:35:25.763333
2041,7,366,12536.92,12674.92,12432.92,12651.92,,4852052,2026-05-24 04:35:25.763333
2042,7,367,12607.92,12645.92,12382.92,12525.92,,6447941,2026-05-24 04:35:25.763333
2043,7,368,12789.91,12789.91,12114.92,12332.92,,4617342,2026-05-24 04:35:25.763333
2044,7,369,12443.92,12640.92,12430.92,12466.92,,5515162,2026-05-24 04:35:25.766666
2045,7,370,12409.92,12522.92,12331.92,12505.92,,3186412,2026-05-24 04:35:25.766666
2046,7,371,12549.92,12717.91,12492.92,12544.92,,3321259,2026-05-24 04:35:25.766666
2047,7,372,12721.91,12793.91,12388.92,12409.92,,5599607,2026-05-24 04:35:25.766666
2048,7,373,12700.92,12700.92,12409.92,12439.92,,3667042,2026-05-24 04:35:25.766666
2049,7,374,12431.92,12458.92,12317.03,12420.92,,4184880,2026-05-24 04:35:25.770000
2050,7,375,12420.92,12598.92,11937.92,11937.92,,5861414,2026-05-24 04:35:25.770000
2051,7,376,12080.92,12238.92,12053.92,12088.92,,4323143,2026-05-24 04:35:25.770000
2052,7,377,12249.92,12249.92,12074.92,12169.92,,3145484,2026-05-24 04:35:25.770000
2053,7,378,11999.92,12483.92,11999.92,12430.92,,2738625,2026-05-24 04:35:25.770000
2054,7,379,12499.92,12577.92,12327.92,12539.92,,1763784,2026-05-24 04:35:25.770000
2055,7,380,12387.92,12543.92,12364.92,12482.92,,1275473,2026-05-24 04:35:25.773333
2056,7,381,12299.92,12516.92,12275.92,12305.92,,2899412,2026-05-24 04:35:25.773333
2057,7,382,12330.92,12690.92,12330.92,12570.92,,4591084,2026-05-24 04:35:25.773333
2058,7,383,12199.92,12860.91,12199.92,12849.91,,3923426,2026-05-24 04:35:25.773333
2059,7,384,12749.92,12994.91,12749.92,12771.92,,1937772,2026-05-24 04:35:25.776666
2060,7,385,12929.91,12929.91,12535.92,12691.92,,2698477,2026-05-24 04:35:25.776666
2061,7,386,12797.0,12797.0,12370.0,12567.0,,5483091,2026-05-24 04:35:25.776666
2062,7,387,12538.0,12670.0,12472.0,12551.0,,4700916,2026-05-24 04:35:25.776666
2063,7,388,12541.0,12630.0,12506.0,12600.0,,3134329,2026-05-24 04:35:25.780000
2064,7,389,12560.0,12880.0,12560.0,12839.0,,8198571,2026-05-24 04:35:25.780000
2065,7,390,12771.0,12943.0,12659.0,12836.0,,4565551,2026-05-24 04:35:25.780000
2066,7,391,12916.0,13204.0,12916.0,13200.0,,3284642,2026-05-24 04:35:25.780000
2067,7,392,13115.0,13259.0,13012.0,13183.0,,1272515,2026-05-24 04:35:25.780000
2068,7,393,12910.0,12940.0,12656.0,12750.0,,2059241,2026-05-24 04:35:25.780000
2069,7,394,12635.0,12883.0,12610.0,12755.0,,3436021,2026-05-24 04:35:25.780000
2070,7,395,12586.0,12697.0,12435.0,12525.0,,2281621,2026-05-24 04:35:25.783333
2071,7,396,12582.0,12706.0,12470.0,12470.0,,1627921,2026-05-24 04:35:25.783333
2072,7,397,12542.0,12835.0,12450.0,12747.0,,2451229,2026-05-24 04:35:25.783333
2073,7,398,12607.0,12780.0,12500.0,12587.0,,3152007,2026-05-24 04:35:25.783333
2074,8,191,7196.65,7384.53,7141.68,7364.55,,6547245,2026-05-24 04:35:26.810000
2075,8,192,7296.59,7475.48,7296.59,7372.54,,9493598,2026-05-24 04:35:26.813333
2076,8,193,7358.55,7475.48,7352.55,7426.51,,8265382,2026-05-24 04:35:26.813333
2077,8,194,7426.51,7573.42,7398.52,7532.44,,7942069,2026-05-24 04:35:26.813333
2078,8,195,7504.46,7635.38,7446.5,7446.5,,29052821,2026-05-24 04:35:26.816666
2079,8,196,7446.5,7486.47,7268.6,7407.52,,7520777,2026-05-24 04:35:26.816666
2080,8,197,7418.51,7499.46,7343.56,7401.52,,5485492,2026-05-24 04:35:26.816666
2081,8,198,7326.57,7510.46,7326.57,7445.5,,5148867,2026-05-24 04:35:26.820000
2082,8,199,7531.44,7552.43,7383.53,7515.45,,13250520,2026-05-24 04:35:26.820000
2083,8,200,7514.45,7672.36,7494.47,7619.39,,7259548,2026-05-24 04:35:26.820000
2084,8,201,7595.41,7700.34,7531.44,7546.44,,7551552,2026-05-24 04:35:26.820000
2085,8,202,7504.46,7694.35,7504.46,7667.36,,8979755,2026-05-24 04:35:26.823333
2086,8,203,7635.38,7697.34,7468.48,7468.48,,8766196,2026-05-24 04:35:26.823333
2087,8,204,7485.47,7529.45,7407.52,7494.47,,6323929,2026-05-24 04:35:26.823333
2088,8,205,7370.54,7437.5,7220.63,7220.63,,10419828,2026-05-24 04:35:26.826666
2089,8,206,7199.64,7433.5,7151.67,7181.66,,12031843,2026-05-24 04:35:26.826666
2090,8,207,7215.64,7256.61,7113.7,7221.63,,8806580,2026-05-24 04:35:26.830000
2091,8,208,7225.63,7263.61,7126.69,7255.61,,26196354,2026-05-24 04:35:26.830000
2092,8,209,7256.61,7377.54,7255.61,7255.61,,32514277,2026-05-24 04:35:26.830000
2093,8,210,7225.63,7286.59,7087.71,7115.7,,5884338,2026-05-24 04:35:26.830000
2094,8,211,7225.63,7457.49,7225.63,7431.5,,10037032,2026-05-24 04:35:26.830000
2095,8,212,7431.5,7522.45,7163.67,7485.47,,29572957,2026-05-24 04:35:26.833333
2096,8,213,7527.45,7732.32,7420.51,7498.46,,16748491,2026-05-24 04:35:26.833333
2097,8,214,7533.44,7576.42,7479.48,7574.42,,7763017,2026-05-24 04:35:26.833333
2098,8,215,7574.42,7668.36,7497.46,7564.42,,12130911,2026-05-24 04:35:26.833333
2099,8,216,7596.4,7661.37,7532.44,7615.39,,6117958,2026-05-24 04:35:26.836666
2100,8,217,7575.42,7620.39,7399.52,7492.47,,10361840,2026-05-24 04:35:26.836666
2101,8,218,7471.48,7593.41,7436.5,7555.43,,6592267,2026-05-24 04:35:26.836666
2102,8,219,7534.44,7583.41,7445.5,7476.48,,5549965,2026-05-24 04:35:26.836666
2103,8,220,7445.5,7491.47,7369.54,7416.51,,6513404,2026-05-24 04:35:26.840000
2104,8,221,7395.53,7520.45,7360.55,7520.45,,8520574,2026-05-24 04:35:26.840000
2105,8,222,7499.46,7650.37,7499.46,7559.43,,9262960,2026-05-24 04:35:26.840000
2106,8,223,7565.42,7623.39,7465.48,7505.46,,30261683,2026-05-24 04:35:26.840000
2107,8,224,7500.46,7517.45,7261.61,7270.6,,12361622,2026-05-24 04:35:26.840000
2108,8,225,7246.62,7262.61,7175.66,7204.64,,9315192,2026-05-24 04:35:26.843333
2109,8,226,7264.61,7323.57,7219.63,7323.57,,12478090,2026-05-24 04:35:26.843333
2110,8,227,7323.57,7458.49,7237.62,7445.5,,11348106,2026-05-24 04:35:26.843333
2111,8,228,7438.5,7486.47,7384.53,7486.47,,9005286,2026-05-24 04:35:26.846666
2112,8,229,7496.47,7691.35,7420.51,7662.37,,9905379,2026-05-24 04:35:26.846666
2113,8,230,7655.37,7754.31,7537.44,7578.42,,12320956,2026-05-24 04:35:26.846666
2114,8,231,7640.38,7640.38,7504.46,7530.44,,6786910,2026-05-24 04:35:26.846666
2115,8,232,7545.44,7568.42,7410.52,7433.5,,8746071,2026-05-24 04:35:26.846666
2116,8,233,7449.49,7525.45,7433.5,7494.47,,7422312,2026-05-24 04:35:26.850000
2117,8,234,7510.46,7665.36,7409.52,7494.47,,10368808,2026-05-24 04:35:26.850000
2118,8,235,7524.45,7576.42,7473.48,7525.45,,5259301,2026-05-24 04:35:26.850000
2119,8,236,7522.45,7600.4,7501.46,7519.45,,5664589,2026-05-24 04:35:26.850000
2120,8,237,7495.47,7671.36,7477.48,7650.37,,10869791,2026-05-24 04:35:26.850000
2121,8,238,7699.34,7820.27,7650.37,7741.32,,25259073,2026-05-24 04:35:26.853333
2122,8,239,7678.36,7719.33,7562.43,7576.42,,16480383,2026-05-24 04:35:26.853333
2123,8,240,7965.18,8097.1,7612.4,7761.31,,33406437,2026-05-24 04:35:26.853333
2124,8,241,7775.3,7818.27,7572.42,7587.41,,27058045,2026-05-24 04:35:26.853333
2125,8,242,7562.43,7706.34,7562.43,7645.38,,7712227,2026-05-24 04:35:26.856666
2126,8,243,7570.42,7665.36,7570.42,7640.38,,14190056,2026-05-24 04:35:26.856666
2127,8,244,7695.35,7695.35,7563.42,7563.42,,14554763,2026-05-24 04:35:26.856666
2128,8,245,7564.42,7735.32,7564.42,7615.39,,8611109,2026-05-24 04:35:26.860000
2129,8,246,7630.38,7708.34,7630.38,7708.34,,13117543,2026-05-24 04:35:26.860000
2130,8,247,7674.36,7795.28,7674.36,7754.31,,20658404,2026-05-24 04:35:26.860000
2131,8,248,7722.33,7885.23,7705.34,7817.27,,11197673,2026-05-24 04:35:26.860000
2132,8,249,7795.28,7881.23,7785.29,7813.27,,3812660,2026-05-24 04:35:26.860000
2133,8,250,7765.3,7823.27,7715.33,7730.32,,6113646,2026-05-24 04:35:26.860000
2134,8,251,7678.36,7782.29,7669.36,7777.3,,6573548,2026-05-24 04:35:26.860000
2135,8,252,7739.32,7780.29,7635.38,7668.36,,9071924,2026-05-24 04:35:26.863333
2136,8,253,7645.38,7734.32,7633.38,7677.36,,6499097,2026-05-24 04:35:26.863333
2137,8,254,7680.35,7802.28,7680.35,7802.28,,8069610,2026-05-24 04:35:26.863333
2138,8,255,7805.28,7835.26,7683.35,7700.34,,5647606,2026-05-24 04:35:26.863333
2139,8,256,7645.37,7712.33,7477.48,7477.48,,20643370,2026-05-24 04:35:26.863333
2140,8,257,7477.48,7536.44,7428.51,7526.45,,8220421,2026-05-24 04:35:26.863333
2141,8,258,7495.47,7640.38,7495.47,7612.4,,8669315,2026-05-24 04:35:26.866666
2142,8,259,7560.43,7655.37,7436.5,7436.5,,12572486,2026-05-24 04:35:26.866666
2143,8,260,7468.48,7555.43,7414.52,7431.5,,7809300,2026-05-24 04:35:26.866666
2144,8,261,7474.48,7474.48,7325.57,7381.53,,12553177,2026-05-24 04:35:26.866666
2145,8,262,7435.5,7440.5,7195.65,7246.62,,13393829,2026-05-24 04:35:26.866666
2146,8,263,7245.62,7339.56,7186.65,7186.65,,20507071,2026-05-24 04:35:26.866666
2147,8,264,7268.6,7399.52,7230.63,7355.55,,12169138,2026-05-24 04:35:26.870000
2148,8,265,7417.51,7428.51,7320.57,7408.52,,16920807,2026-05-24 04:35:26.870000
2149,8,266,7408.52,7459.49,7393.53,7406.52,,12206927,2026-05-24 04:35:26.870000
2150,8,267,7395.53,7469.48,7394.53,7428.51,,7411747,2026-05-24 04:35:26.870000
2151,8,268,7525.45,7973.18,7521.45,7902.22,,20815991,2026-05-24 04:35:26.870000
2152,8,269,7910.22,8140.08,7825.27,8095.1,,22193729,2026-05-24 04:35:26.873333
2153,8,270,8086.11,8130.08,7932.2,7932.2,,9798214,2026-05-24 04:35:26.873333
2154,8,271,7920.21,8030.14,7846.25,8024.15,,10353366,2026-05-24 04:35:26.873333
2155,8,272,8021.15,8021.15,7919.21,8001.16,,8993811,2026-05-24 04:35:26.873333
2156,8,273,7955.19,8167.06,7955.19,8135.08,,37969491,2026-05-24 04:35:26.876666
2157,8,274,8172.06,8193.04,7957.19,8094.1,,22453062,2026-05-24 04:35:26.876666
2158,8,275,8085.11,8090.11,7882.23,7961.18,,13537549,2026-05-24 04:35:26.876666
2159,8,276,7928.2,8052.86,7928.2,8021.15,,24059450,2026-05-24 04:35:26.876666
2160,8,277,8008.16,8045.13,7842.26,7870.24,,17636946,2026-05-24 04:35:26.876666
2161,8,278,7861.24,7923.21,7757.31,7827.27,,9992960,2026-05-24 04:35:26.876666
2162,8,279,7805.28,7826.27,7723.33,7766.3,,12500279,2026-05-24 04:35:26.880000
2163,8,280,7750.31,7799.28,7691.35,7761.31,,20445573,2026-05-24 04:35:26.880000
2164,8,281,7761.31,7832.26,7711.34,7770.3,,13239328,2026-05-24 04:35:26.880000
2165,8,282,7776.3,7869.24,7764.3,7805.28,,11640952,2026-05-24 04:35:26.880000
2166,8,283,7805.28,7959.19,7793.29,7959.19,,8795800,2026-05-24 04:35:26.880000
2167,8,284,7973.18,8174.06,7900.22,8091.11,,17094686,2026-05-24 04:35:26.880000
2168,8,285,8125.09,8144.07,7998.16,8105.1,,26263641,2026-05-24 04:35:26.880000
2169,8,286,7922.62,8008.6,7706.69,7816.65,,27707515,2026-05-24 04:35:26.880000
2170,8,287,7757.67,8097.57,7714.68,8075.58,,17755577,2026-05-24 04:35:26.883333
2171,8,288,8030.59,8197.54,8010.6,8126.56,,19969361,2026-05-24 04:35:26.883333
2172,8,289,8147.55,8147.55,7989.6,8097.57,,9485507,2026-05-24 04:35:26.883333
2173,8,290,8017.59,8107.57,7977.61,8031.59,,17262731,2026-05-24 04:35:26.883333
2174,8,291,8060.58,8097.57,7974.61,7985.6,,13167459,2026-05-24 04:35:26.883333
2175,8,292,7979.61,8068.58,7937.62,7955.61,,8809220,2026-05-24 04:35:26.883333
2176,8,293,7897.63,8056.58,7852.64,7992.6,,12700422,2026-05-24 04:35:26.886666
2177,8,294,8002.6,8182.54,7992.6,8165.55,,16435061,2026-05-24 04:35:26.886666
2178,8,295,8112.56,8273.52,8112.56,8217.53,,26835342,2026-05-24 04:35:26.886666
2179,8,296,8147.56,8368.49,8147.56,8337.5,,27625636,2026-05-24 04:35:26.886666
2180,8,297,8292.51,8319.5,8172.55,8311.51,,15931521,2026-05-24 04:35:26.886666
2181,8,298,8287.51,8378.49,8197.54,8291.51,,11568965,2026-05-24 04:35:26.890000
2182,8,299,8302.51,8361.49,8114.56,8161.55,,12324773,2026-05-24 04:35:26.890000
2183,8,300,8161.55,8397.48,8124.56,8327.5,,20246837,2026-05-24 04:35:26.890000
2184,8,301,8396.48,8471.46,8264.52,8345.5,,18116755,2026-05-24 04:35:26.890000
2185,8,302,8437.47,8437.47,8192.54,8225.53,,10551687,2026-05-24 04:35:26.890000
2186,8,303,8228.53,8272.52,8098.57,8220.53,,10445128,2026-05-24 04:35:26.890000
2187,8,304,8227.53,8300.51,8212.53,8246.52,,6075034,2026-05-24 04:35:26.893333
2188,8,305,8197.54,8232.53,8031.59,8151.55,,7471187,2026-05-24 04:35:26.893333
2189,8,306,8132.56,8240.53,8047.58,8240.53,,10193089,2026-05-24 04:35:26.893333
2190,8,307,8247.52,8247.52,7912.63,8103.57,,28520492,2026-05-24 04:35:26.893333
2191,8,308,8040.59,8100.57,7830.65,8037.59,,13765923,2026-05-24 04:35:26.893333
2192,8,309,8052.58,8140.56,8024.59,8088.57,,11134834,2026-05-24 04:35:26.896666
2193,8,310,8073.58,8171.55,8023.59,8023.59,,14775436,2026-05-24 04:35:26.896666
2194,8,311,8017.59,8195.54,7966.61,8152.55,,12835765,2026-05-24 04:35:26.896666
2195,8,312,8197.54,8546.44,8145.56,8411.48,,17136608,2026-05-24 04:35:26.896666
2196,8,313,8312.5,8461.46,8288.51,8344.5,,10541401,2026-05-24 04:35:26.896666
2197,8,314,8390.48,8492.45,8384.48,8447.46,,11322621,2026-05-24 04:35:26.900000
2198,8,315,8397.48,8433.47,8207.54,8207.54,,11235318,2026-05-24 04:35:26.900000
2199,8,316,8208.54,8280.51,8194.54,8212.54,,7178993,2026-05-24 04:35:26.900000
2200,8,317,8247.52,8426.47,8197.54,8220.53,,12918554,2026-05-24 04:35:26.900000
2201,8,318,8155.55,8175.55,8037.59,8149.55,,17018518,2026-05-24 04:35:26.900000
2202,8,319,8247.52,8247.52,8065.58,8162.55,,20965151,2026-05-24 04:35:26.900000
2203,8,320,8191.54,8197.54,8056.58,8107.57,,11486637,2026-05-24 04:35:26.900000
2204,8,321,8190.54,8346.5,8158.55,8262.52,,9909578,2026-05-24 04:35:26.903333
2205,8,322,8172.55,8346.5,8073.58,8097.57,,7435354,2026-05-24 04:35:26.903333
2206,8,323,8122.56,8163.55,8086.57,8144.56,,21046493,2026-05-24 04:35:26.903333
2207,8,324,8119.56,8211.54,8049.58,8197.54,,14057777,2026-05-24 04:35:26.903333
2208,8,325,8144.56,8434.47,8144.56,8332.5,,8703735,2026-05-24 04:35:26.906666
2209,8,326,8218.53,8547.43,8218.53,8520.44,,11161510,2026-05-24 04:35:26.906666
2210,8,327,8534.44,8620.41,8478.46,8616.41,,13155726,2026-05-24 04:35:26.906666
2211,8,328,8647.4,8727.38,8587.42,8671.4,,9148433,2026-05-24 04:35:26.910000
2212,8,329,8683.39,8685.39,8533.44,8557.43,,6585156,2026-05-24 04:35:26.910000
2213,8,330,8557.43,8684.39,8548.43,8639.41,,10322811,2026-05-24 04:35:26.910000
2214,8,331,8610.42,8685.39,8596.42,8685.39,,6355145,2026-05-24 04:35:26.910000
2215,8,332,8692.39,8852.34,8658.4,8683.39,,11973149,2026-05-24 04:35:26.913333
2216,8,333,8636.41,8778.37,8586.42,8586.42,,13628763,2026-05-24 04:35:26.913333
2217,8,334,8568.43,8774.37,8568.43,8746.38,,9747466,2026-05-24 04:35:26.913333
2218,8,335,8789.36,8947.31,8668.4,8925.32,,17889492,2026-05-24 04:35:26.916666
2219,8,336,8925.32,9091.27,8893.33,8933.32,,48273594,2026-05-24 04:35:26.916666
2220,8,337,8857.34,8984.3,8815.35,8959.31,,32246020,2026-05-24 04:35:26.916666
2221,8,338,8937.32,8948.31,8755.37,8806.36,,5983605,2026-05-24 04:35:26.920000
2222,8,339,8748.37,8985.3,8748.37,8964.31,,3708795,2026-05-24 04:35:26.920000
2223,8,340,8997.3,9074.28,8918.32,9060.28,,2101417,2026-05-24 04:35:26.920000
2224,8,341,9012.3,9159.25,8997.3,9058.28,,3766421,2026-05-24 04:35:26.923333
2225,8,342,9097.27,9139.26,9041.29,9047.28,,5335766,2026-05-24 04:35:26.923333
2226,8,343,9097.27,9097.27,9013.3,9072.28,,2563485,2026-05-24 04:35:26.926666
2227,8,344,9008.3,9095.27,8923.32,9060.28,,4313592,2026-05-24 04:35:26.926666
2228,8,345,9022.29,9089.27,8915.32,8996.3,,6458550,2026-05-24 04:35:26.926666
2229,8,346,8952.31,9261.22,8952.31,9200.24,,10624878,2026-05-24 04:35:26.930000
2230,8,347,9227.23,9274.22,9132.26,9155.25,,14669483,2026-05-24 04:35:26.930000
2231,8,348,9155.25,9257.22,9107.27,9214.23,,8011132,2026-05-24 04:35:26.930000
2232,8,349,9157.25,9261.22,9097.27,9097.27,,11842591,2026-05-24 04:35:26.930000
2233,8,350,9071.28,9116.26,8882.33,9097.27,,9573665,2026-05-24 04:35:26.933333
2234,8,351,9068.28,9113.26,8997.3,9036.29,,9350618,2026-05-24 04:35:26.933333
2235,8,352,9001.3,9092.27,8908.33,9007.3,,8769470,2026-05-24 04:35:26.933333
2236,8,353,8928.32,9130.26,8928.32,9130.26,,13599928,2026-05-24 04:35:26.936666
2237,8,354,9147.25,9195.24,9056.28,9113.26,,18527004,2026-05-24 04:35:26.936666
2238,8,355,8973.31,9112.27,8973.31,9084.27,,2850015,2026-05-24 04:35:26.936666
2239,8,356,9096.27,9096.27,8974.31,9027.29,,9224480,2026-05-24 04:35:26.936666
2240,8,357,9031.29,9071.28,8932.32,9043.29,,11612568,2026-05-24 04:35:26.940000
2241,8,112,9047.28,9345.2,9047.28,9283.21,,11947769,2026-05-24 04:35:26.940000
2242,8,113,9387.18,9387.18,9078.27,9141.26,,11501587,2026-05-24 04:35:26.940000
2243,8,114,9107.27,9179.25,9008.3,9118.26,,7927113,2026-05-24 04:35:26.943333
2244,8,115,9188.24,9289.21,9147.25,9289.21,,13048896,2026-05-24 04:35:26.943333
2245,8,116,9313.2,9320.2,9097.27,9182.24,,13302702,2026-05-24 04:35:26.943333
2246,8,117,9272.22,9421.17,9181.24,9300.21,,10064158,2026-05-24 04:35:26.946666
2247,8,118,9247.22,9435.17,9187.24,9251.22,,31115812,2026-05-24 04:35:26.946666
2248,8,119,9103.27,9456.16,8948.31,9400.18,,17402356,2026-05-24 04:35:26.946666
2249,8,120,9414.17,9546.13,9227.23,9410.18,,18012430,2026-05-24 04:35:26.946666
2250,8,121,9410.18,9467.16,9269.22,9343.2,,11148003,2026-05-24 04:35:26.950000
2251,8,122,9396.18,9433.17,9285.21,9340.2,,8172111,2026-05-24 04:35:26.950000
2252,8,123,9298.21,9449.16,9298.21,9422.17,,10617680,2026-05-24 04:35:26.950000
2253,8,124,9447.16,9537.14,9302.21,9358.19,,11072653,2026-05-24 04:35:26.950000
2254,8,125,9417.17,9518.14,9307.21,9469.16,,14289461,2026-05-24 04:35:26.953333
2255,8,126,9422.17,9548.13,9368.19,9507.15,,15948770,2026-05-24 04:35:26.953333
2256,8,127,9497.15,9547.13,9437.17,9539.14,,14694434,2026-05-24 04:35:26.953333
2257,8,128,9516.14,9669.1,9426.17,9497.15,,22418453,2026-05-24 04:35:26.956666
2258,8,129,9497.15,9635.11,9461.16,9585.12,,8504173,2026-05-24 04:35:26.956666
2259,8,93,9517.14,9593.12,9471.16,9528.14,,10109941,2026-05-24 04:35:26.956666
2260,8,74,9532.14,9864.04,9532.14,9804.06,,12601879,2026-05-24 04:35:26.960000
2261,8,53,9824.05,9865.04,9657.1,9770.07,,12746258,2026-05-24 04:35:26.960000
2262,8,54,9759.07,9844.05,9738.08,9801.06,,8863813,2026-05-24 04:35:26.960000
2263,8,3,9782.06,9951.01,9708.09,9740.08,,9024307,2026-05-24 04:35:26.963333
2264,8,4,9892.03,9892.03,9629.11,9868.04,,8586623,2026-05-24 04:35:26.963333
2265,8,5,9872.04,9917.02,9705.09,9724.08,,8247287,2026-05-24 04:35:26.963333
2266,8,6,9697.09,9999.0,9497.15,9949.01,,14893909,2026-05-24 04:35:26.966666
2267,8,7,10008.0,10080.97,9833.05,9916.02,,19527514,2026-05-24 04:35:26.966666
2268,8,10,9712.08,9779.06,9520.14,9587.12,,14600340,2026-05-24 04:35:26.966666
2269,8,11,9605.12,9644.11,9169.25,9169.25,,16123071,2026-05-24 04:35:26.970000
2270,8,12,9169.25,9341.2,9107.27,9261.22,,16377366,2026-05-24 04:35:26.970000
2271,8,13,9496.15,9523.14,9203.24,9271.22,,16358795,2026-05-24 04:35:26.970000
2272,8,14,9271.22,9297.21,8617.41,8693.39,,20484170,2026-05-24 04:35:26.970000
2273,8,17,8593.42,8834.35,8503.45,8834.35,,20419107,2026-05-24 04:35:26.973333
2274,8,18,8968.31,9162.25,8960.31,9075.28,,26100205,2026-05-24 04:35:26.973333
2275,8,19,9076.28,9175.25,8859.34,9015.29,,20635545,2026-05-24 04:35:26.976666
2276,8,20,8964.31,8964.31,8768.37,8798.36,,11398124,2026-05-24 04:35:26.976666
2277,8,21,8792.36,8882.33,8677.4,8797.36,,12511709,2026-05-24 04:35:26.976666
2278,8,24,8762.37,8939.32,8747.37,8912.33,,16145096,2026-05-24 04:35:26.980000
2279,8,25,8927.32,9014.29,8822.35,9014.29,,21626643,2026-05-24 04:35:26.980000
2280,8,26,8982.3,9182.24,8769.37,8856.34,,12921998,2026-05-24 04:35:26.980000
2281,8,27,8847.34,8896.33,8573.43,8718.38,,35134817,2026-05-24 04:35:26.980000
2282,8,28,8702.39,8991.3,8700.39,8723.38,,26988445,2026-05-24 04:35:26.983333
2283,8,358,8597.42,9024.29,8472.46,8782.36,,14351512,2026-05-24 04:35:26.983333
2284,8,359,8745.38,8768.37,8578.43,8646.41,,11193881,2026-05-24 04:35:26.983333
2285,8,360,8772.37,9008.3,8705.39,9008.3,,14157301,2026-05-24 04:35:26.983333
2286,8,361,8937.32,8959.31,8768.37,8801.36,,16891463,2026-05-24 04:35:26.986666
2287,8,362,8877.34,8877.34,8609.42,8771.37,,14039279,2026-05-24 04:35:26.986666
2288,8,363,8847.34,8847.34,8555.43,8629.41,,22313185,2026-05-24 04:35:26.986666
2289,8,364,8449.0,8700.0,8396.0,8614.0,,22126558,2026-05-24 04:35:26.986666
2290,8,365,8800.0,8956.0,8616.0,8694.0,,21722097,2026-05-24 04:35:26.990000
2291,8,366,8588.0,8700.0,8461.0,8664.0,,14076445,2026-05-24 04:35:26.990000
2292,8,367,8763.0,8861.0,8579.0,8700.0,,23550354,2026-05-24 04:35:26.990000
2293,8,368,8939.0,9350.0,8935.0,9123.0,,41621405,2026-05-24 04:35:26.990000
2294,8,369,9089.0,9089.0,8785.0,8800.0,,23430956,2026-05-24 04:35:26.993333
2295,8,370,8830.0,8938.0,8766.0,8839.0,,9311402,2026-05-24 04:35:26.993333
2296,8,371,8730.0,8813.0,8673.0,8753.0,,10299803,2026-05-24 04:35:26.993333
2297,8,372,8806.0,9000.0,8806.0,8973.0,,17846163,2026-05-24 04:35:26.993333
2298,8,373,8990.0,9069.0,8975.0,9025.0,,28112091,2026-05-24 04:35:26.996666
2299,8,374,9075.0,9075.0,8925.0,8949.0,,18345433,2026-05-24 04:35:26.996666
2300,8,375,8901.0,9216.0,8901.0,9178.0,,32941955,2026-05-24 04:35:26.996666
2301,8,376,9076.0,9109.0,8953.0,8953.0,,12811467,2026-05-24 04:35:27.000000
2302,8,377,8970.0,8999.0,8883.0,8886.0,,10701751,2026-05-24 04:35:27.000000
2303,8,378,8884.0,8983.0,8824.0,8827.0,,10206004,2026-05-24 04:35:27.000000
2304,8,379,8800.0,8909.0,8753.0,8871.0,,14595460,2026-05-24 04:35:27.000000
2305,8,380,8850.0,8928.0,8768.0,8800.0,,11722295,2026-05-24 04:35:27.003333
2306,8,381,8860.0,8950.0,8765.0,8800.0,,17086060,2026-05-24 04:35:27.003333
2307,8,382,8804.0,8887.0,8786.0,8816.0,,18388191,2026-05-24 04:35:27.003333
2308,8,383,8750.0,8900.0,8701.0,8823.0,,16947202,2026-05-24 04:35:27.003333
2309,8,384,8815.0,8887.0,8692.0,8715.0,,13085071,2026-05-24 04:35:27.006666
2310,8,385,8729.0,8876.0,8678.0,8800.0,,19898953,2026-05-24 04:35:27.006666
2311,8,386,8835.0,9262.0,8835.0,9091.0,,24907078,2026-05-24 04:35:27.006666
2312,8,387,9159.0,9276.0,9110.0,9193.0,,21144941,2026-05-24 04:35:27.006666
2313,8,388,9176.0,9187.0,8953.0,8953.0,,12364284,2026-05-24 04:35:27.010000
2314,8,389,8947.0,8996.0,8853.0,8853.0,,13492935,2026-05-24 04:35:27.010000
2315,8,390,8850.0,8850.0,8724.0,8795.0,,9816356,2026-05-24 04:35:27.010000
2316,8,391,8861.0,9112.0,8755.0,8806.0,,11746386,2026-05-24 04:35:27.010000
2317,8,392,8834.0,8972.0,8820.0,8950.0,,4703768,2026-05-24 04:35:27.013333
2318,8,393,8832.0,8935.0,8764.0,8776.0,,10351116,2026-05-24 04:35:27.013333
2319,8,394,8799.0,8910.0,8720.0,8856.0,,8007433,2026-05-24 04:35:27.013333
2320,8,395,8856.0,8889.0,8730.0,8789.0,,9986962,2026-05-24 04:35:27.013333
2321,8,396,8840.0,8986.0,8765.0,8980.0,,7793931,2026-05-24 04:35:27.016666
2322,8,397,8963.0,9082.0,8905.0,8982.0,,11526988,2026-05-24 04:35:27.016666
2323,8,398,9125.0,9125.0,8900.0,8963.0,,7233551,2026-05-24 04:35:27.016666
2324,9,191,8680.27,8775.21,8537.34,8719.25,,2404165,2026-05-24 04:35:27.596666
2325,9,192,8778.21,8809.2,8649.28,8704.25,,1940271,2026-05-24 04:35:27.596666
2326,9,193,8783.21,8783.21,8668.27,8712.25,,1401434,2026-05-24 04:35:27.596666
2327,9,194,8745.23,8885.15,8717.25,8869.16,,2721708,2026-05-24 04:35:27.600000
2328,9,195,8895.15,8970.11,8789.21,8857.17,,10398801,2026-05-24 04:35:27.600000
2329,9,196,8895.15,8936.13,8672.27,8807.2,,3874568,2026-05-24 04:35:27.600000
2330,9,197,8885.15,8924.13,8760.22,8838.18,,3078230,2026-05-24 04:35:27.600000
2331,9,198,8915.14,8980.1,8863.17,8968.11,,2837967,2026-05-24 04:35:27.603333
2332,9,199,8983.1,9103.04,8870.16,8925.13,,5914681,2026-05-24 04:35:27.603333
2333,9,200,8925.13,9053.06,8893.15,9053.06,,4710884,2026-05-24 04:35:27.603333
2334,9,201,8945.12,9091.04,8711.25,8905.14,,7286887,2026-05-24 04:35:27.603333
2335,9,202,8995.09,9101.04,8950.12,9037.07,,5934221,2026-05-24 04:35:27.606666
2336,9,203,9069.05,9069.05,8921.13,8947.12,,2191441,2026-05-24 04:35:27.606666
2337,9,204,9065.06,9065.06,8834.18,8921.13,,3180414,2026-05-24 04:35:27.606666
2338,9,205,8970.11,8970.11,8636.29,8670.27,,3945430,2026-05-24 04:35:27.610000
2339,9,206,8555.33,8787.21,8555.33,8641.29,,3087900,2026-05-24 04:35:27.610000
2340,9,207,8944.12,8944.12,8490.37,8638.29,,2274247,2026-05-24 04:35:27.610000
2341,9,208,8638.29,8710.25,8508.36,8704.25,,7768031,2026-05-24 04:35:27.610000
2342,9,209,8795.2,8868.16,8691.26,8797.2,,15412098,2026-05-24 04:35:27.613333
2343,9,210,8837.18,8837.18,8583.32,8690.26,,1812124,2026-05-24 04:35:27.613333
2344,9,211,8740.23,9020.08,8740.23,8953.12,,2701190,2026-05-24 04:35:27.613333
2345,9,212,8928.13,9035.07,8720.24,8813.19,,2858350,2026-05-24 04:35:27.613333
2346,9,213,8913.14,8913.14,8720.24,8720.24,,2286240,2026-05-24 04:35:27.616666
2347,9,214,8732.24,8824.19,8706.25,8823.19,,2966450,2026-05-24 04:35:27.616666
2348,9,215,8860.17,8928.13,8797.2,8862.17,,2414179,2026-05-24 04:35:27.616666
2349,9,216,8795.2,8992.1,8795.2,8966.11,,2463350,2026-05-24 04:35:27.616666
2350,9,217,8851.17,8983.1,8632.29,8824.19,,3235161,2026-05-24 04:35:27.620000
2351,9,218,8745.23,8961.11,8717.25,8948.12,,2301393,2026-05-24 04:35:27.620000
2352,9,219,8885.15,8959.11,8793.2,8876.16,,1226749,2026-05-24 04:35:27.620000
2353,9,220,8915.14,8920.14,8761.22,8842.18,,932454,2026-05-24 04:35:27.620000
2354,9,221,8770.22,8863.17,8691.26,8861.17,,2363811,2026-05-24 04:35:27.620000
2355,9,222,8735.24,8983.1,8735.24,8797.2,,2985116,2026-05-24 04:35:27.623333
2356,9,223,8737.24,8851.17,8726.24,8785.21,,1938360,2026-05-24 04:35:27.623333
2357,9,224,8647.28,8785.21,8562.33,8605.31,,2927256,2026-05-24 04:35:27.623333
2358,9,225,8669.27,8669.27,8533.35,8566.33,,2449169,2026-05-24 04:35:27.626666
2359,9,226,8552.34,8626.3,8486.37,8528.35,,2965131,2026-05-24 04:35:27.626666
2360,9,227,8545.34,8683.26,8421.41,8683.26,,2020620,2026-05-24 04:35:27.626666
2361,9,228,8589.32,8890.15,8569.33,8640.29,,2543121,2026-05-24 04:35:27.626666
2362,9,229,8715.25,8876.16,8586.32,8849.17,,2623123,2026-05-24 04:35:27.630000
2363,9,230,8782.21,8895.15,8719.24,8782.21,,1852955,2026-05-24 04:35:27.630000
2364,9,231,8839.18,8839.18,8650.28,8665.27,,1479066,2026-05-24 04:35:27.630000
2365,9,232,8655.28,8725.24,8620.3,8700.25,,2356555,2026-05-24 04:35:27.630000
2366,9,233,8598.31,8781.21,8598.31,8720.24,,1995276,2026-05-24 04:35:27.630000
2367,9,234,8604.31,8770.22,8571.33,8580.32,,3885134,2026-05-24 04:35:27.633333
2368,9,235,8566.33,8621.3,8545.34,8620.3,,3377558,2026-05-24 04:35:27.633333
2369,9,236,8618.3,8682.27,8572.33,8615.3,,4627756,2026-05-24 04:35:27.633333
2370,9,237,8610.3,8670.27,8535.35,8629.29,,2298526,2026-05-24 04:35:27.633333
2371,9,238,8638.29,8807.2,8628.29,8759.22,,6090566,2026-05-24 04:35:27.633333
2372,9,239,8820.19,8820.19,8559.33,8634.29,,2721019,2026-05-24 04:35:27.636666
2373,9,240,8706.25,8706.25,8451.39,8544.34,,5557912,2026-05-24 04:35:27.636666
2374,9,241,8544.34,8564.33,8412.41,8421.41,,5878204,2026-05-24 04:35:27.636666
2375,9,242,8395.42,8542.34,8395.42,8514.36,,4005237,2026-05-24 04:35:27.636666
2376,9,243,8535.35,8593.31,8465.38,8556.33,,2893055,2026-05-24 04:35:27.640000
2377,9,244,8510.36,8605.31,8445.39,8578.32,,1869226,2026-05-24 04:35:27.640000
2378,9,245,8615.3,8709.25,8534.35,8594.31,,1761787,2026-05-24 04:35:27.640000
2379,9,246,8545.34,8671.27,8545.34,8649.28,,2354125,2026-05-24 04:35:27.640000
2380,9,247,8623.3,8799.2,8623.3,8796.2,,2299693,2026-05-24 04:35:27.640000
2381,9,248,8650.28,8862.17,8650.28,8780.21,,2182870,2026-05-24 04:35:27.643333
2382,9,249,8862.17,8862.17,8690.26,8804.2,,1569736,2026-05-24 04:35:27.643333
2383,9,250,8779.21,8835.18,8721.24,8727.24,,2129893,2026-05-24 04:35:27.643333
2384,9,251,8744.23,8788.21,8702.25,8733.24,,2191271,2026-05-24 04:35:27.646666
2385,9,252,8723.24,8829.19,8701.25,8771.22,,1866770,2026-05-24 04:35:27.646666
2386,9,253,8725.24,8833.18,8718.25,8788.21,,2251388,2026-05-24 04:35:27.646666
2387,9,254,8845.18,9070.05,8754.23,9070.05,,4208862,2026-05-24 04:35:27.646666
2388,9,255,9074.05,9085.04,8900.15,8970.11,,2521296,2026-05-24 04:35:27.650000
2389,9,256,8910.14,9029.08,8875.16,8929.13,,10811355,2026-05-24 04:35:27.650000
2390,9,257,9069.05,9069.05,8846.18,9026.08,,3663148,2026-05-24 04:35:27.650000
2391,9,258,8945.12,9234.96,8945.12,9191.99,,3378764,2026-05-24 04:35:27.650000
2392,9,259,9194.99,9251.95,9115.03,9115.03,,6402409,2026-05-24 04:35:27.650000
2393,9,260,9163.0,9184.99,8959.11,8959.11,,3440949,2026-05-24 04:35:27.653333
2394,9,261,9020.08,9020.08,8687.26,8716.25,,4858038,2026-05-24 04:35:27.653333
2395,9,262,8845.18,8846.18,8561.33,8595.31,,3991369,2026-05-24 04:35:27.653333
2396,9,263,8595.31,8937.13,8295.48,8295.48,,7644785,2026-05-24 04:35:27.656666
2397,9,264,8395.42,8463.38,8308.47,8372.43,,4591130,2026-05-24 04:35:27.656666
2398,9,265,8395.42,8449.39,8316.46,8384.43,,4351964,2026-05-24 04:35:27.656666
2399,9,266,8385.43,8511.36,8376.43,8488.37,,6851237,2026-05-24 04:35:27.656666
2400,9,267,8460.39,8631.29,8459.39,8589.32,,4148601,2026-05-24 04:35:27.660000
2401,9,268,8495.37,8614.3,8462.38,8525.35,,3421474,2026-05-24 04:35:27.660000
2402,9,269,8620.3,8714.25,8491.37,8612.3,,3612302,2026-05-24 04:35:27.660000
2403,9,270,8655.28,8687.26,8569.33,8617.3,,2139253,2026-05-24 04:35:27.660000
2404,9,271,8690.26,8690.26,8496.37,8518.35,,4254320,2026-05-24 04:35:27.663333
2405,9,272,8534.35,8660.28,8473.38,8632.29,,3762592,2026-05-24 04:35:27.663333
2406,9,273,8654.28,8734.24,8591.31,8685.26,,10856121,2026-05-24 04:35:27.663333
2407,9,274,8682.26,8744.23,8068.6,8605.31,,7463293,2026-05-24 04:35:27.663333
2408,9,275,8605.31,8627.3,8395.42,8486.37,,2614988,2026-05-24 04:35:27.666666
2409,9,276,8445.39,8560.33,8396.42,8447.39,,2838237,2026-05-24 04:35:27.666666
2410,9,277,8440.4,8440.4,8299.47,8341.45,,5183754,2026-05-24 04:35:27.666666
2411,9,278,8395.42,8395.42,8221.52,8292.48,,2138757,2026-05-24 04:35:27.666666
2412,9,279,8394.42,8394.42,8230.51,8292.48,,2541077,2026-05-24 04:35:27.670000
2413,9,280,8349.45,8354.44,8192.53,8354.44,,4806876,2026-05-24 04:35:27.670000
2414,9,281,8395.42,8405.42,8264.49,8362.44,,5083663,2026-05-24 04:35:27.670000
2415,9,282,8362.44,8495.37,8346.45,8395.42,,4387347,2026-05-24 04:35:27.673333
2416,9,283,8495.37,8557.33,8400.42,8557.33,,4837171,2026-05-24 04:35:27.673333
2417,9,284,8450.39,8633.29,8450.39,8606.31,,3704023,2026-05-24 04:35:27.673333
2418,9,285,8640.29,8661.28,8526.35,8546.34,,3278951,2026-05-24 04:35:27.673333
2419,9,286,8594.31,8683.26,8453.39,8683.26,,3047699,2026-05-24 04:35:27.676666
2420,9,287,8683.26,8827.19,8535.35,8737.24,,4859170,2026-05-24 04:35:27.676666
2421,9,288,8698.26,8995.09,8698.26,8958.11,,4836804,2026-05-24 04:35:27.676666
2422,9,289,8945.12,8995.09,8806.2,8969.11,,3473689,2026-05-24 04:35:27.680000
2423,9,290,8870.16,8995.09,8870.16,8927.13,,3147237,2026-05-24 04:35:27.680000
2424,9,291,8875.16,9062.06,8875.16,9022.08,,4284919,2026-05-24 04:35:27.680000
2425,9,292,9022.08,9128.02,8981.1,8981.1,,3504387,2026-05-24 04:35:27.680000
2426,9,293,8985.1,9034.07,8824.19,8911.14,,4715672,2026-05-24 04:35:27.680000
2427,9,294,8945.12,9131.02,8945.12,9128.02,,4956199,2026-05-24 04:35:27.683333
2428,9,295,9097.04,9307.92,9074.05,9204.98,,6246799,2026-05-24 04:35:27.683333
2429,9,296,9095.04,9358.9,9095.04,9310.92,,6622663,2026-05-24 04:35:27.683333
2430,9,297,9264.95,9454.84,9264.95,9393.88,,3182883,2026-05-24 04:35:27.683333
2431,9,298,9469.84,9647.74,9344.9,9413.87,,3965931,2026-05-24 04:35:27.686666
2432,9,299,9484.83,9484.83,9231.97,9286.94,,2896812,2026-05-24 04:35:27.686666
2433,9,300,9232.96,9520.81,9232.96,9419.86,,4846414,2026-05-24 04:35:27.686666
2434,9,301,9419.86,9438.85,9241.96,9307.92,,2511731,2026-05-24 04:35:27.690000
2435,9,302,9324.91,9333.91,9054.06,9097.04,,3097945,2026-05-24 04:35:27.690000
2436,9,303,9097.04,9236.96,8946.12,9092.04,,3657540,2026-05-24 04:35:27.690000
2437,9,304,9092.04,9234.96,9070.05,9123.02,,1748107,2026-05-24 04:35:27.690000
2438,9,305,9094.04,9122.03,8930.13,9066.06,,2693730,2026-05-24 04:35:27.690000
2439,9,306,9194.98,9194.98,8896.15,9176.0,,3624421,2026-05-24 04:35:27.693333
2440,9,307,9115.03,9207.98,9031.07,9184.99,,3477739,2026-05-24 04:35:27.693333
2441,9,308,9095.04,9178.99,9020.08,9137.02,,1643420,2026-05-24 04:35:27.693333
2442,9,309,9214.97,9258.95,9111.03,9177.0,,1992868,2026-05-24 04:35:27.693333
2443,9,310,9211.98,9264.95,9168.0,9210.98,,2951983,2026-05-24 04:35:27.696666
2444,9,311,9170.0,9554.79,9170.0,9497.82,,4685722,2026-05-24 04:35:27.696666
2445,9,312,9494.82,9720.7,9471.83,9556.79,,5170692,2026-05-24 04:35:27.696666
2446,9,313,9494.82,9544.79,9313.92,9477.83,,3252086,2026-05-24 04:35:27.696666
2447,9,314,9467.84,9619.75,9369.89,9543.79,,2265765,2026-05-24 04:35:27.696666
2448,9,315,9494.82,9552.79,9317.92,9317.92,,2608024,2026-05-24 04:35:27.700000
2449,9,316,9274.94,9368.89,9256.95,9342.9,,2030713,2026-05-24 04:35:27.700000
2450,9,317,9344.9,9509.81,9300.93,9348.9,,3974690,2026-05-24 04:35:27.700000
2451,9,318,9319.92,9343.9,9107.03,9150.01,,2658061,2026-05-24 04:35:27.700000
2452,9,319,9150.01,9234.96,9094.04,9206.98,,8759022,2026-05-24 04:35:27.700000
2453,9,320,9295.93,9295.93,9075.05,9265.95,,1941513,2026-05-24 04:35:27.703333
2454,9,321,9264.95,9430.86,9263.95,9355.9,,1475122,2026-05-24 04:35:27.703333
2455,9,322,9316.92,9340.91,8932.13,9168.0,,1881158,2026-05-24 04:35:27.703333
2456,9,323,9294.93,9295.93,9079.05,9170.0,,4267455,2026-05-24 04:35:27.703333
2457,9,324,9232.96,9239.96,8980.1,9239.96,,2526722,2026-05-24 04:35:27.706666
2458,9,325,9170.0,9380.38,9140.02,9289.93,,2302032,2026-05-24 04:35:27.706666
2459,9,326,9379.88,9379.88,9194.98,9349.9,,2127195,2026-05-24 04:35:27.706666
2460,9,327,9379.88,9489.82,9316.92,9489.82,,3536339,2026-05-24 04:35:27.710000
2461,9,328,9413.87,9649.74,9413.87,9649.74,,4296079,2026-05-24 04:35:27.710000
2462,9,329,9684.72,9684.72,9547.79,9632.75,,3258004,2026-05-24 04:35:27.710000
2463,9,330,9494.82,9729.69,9494.82,9701.71,,3377387,2026-05-24 04:35:27.710000
2464,9,331,9617.75,9719.7,9606.76,9708.71,,2039080,2026-05-24 04:35:27.710000
2465,9,332,9708.71,9870.62,9651.74,9651.74,,4011471,2026-05-24 04:35:27.713333
2466,9,333,9551.79,9807.65,9551.79,9598.76,,3393886,2026-05-24 04:35:27.713333
2467,9,334,9602.76,9799.66,9574.78,9789.66,,3283973,2026-05-24 04:35:27.713333
2468,9,335,9789.66,9939.58,9677.72,9923.59,,3654705,2026-05-24 04:35:27.716666
2469,9,336,9942.58,10150.46,9816.65,10048.52,,11915608,2026-05-24 04:35:27.716666
2470,9,337,10033.53,10104.49,9428.86,9911.59,,7986315,2026-05-24 04:35:27.716666
2471,9,338,9497.82,9899.6,9497.82,9742.69,,1731209,2026-05-24 04:35:27.716666
2472,9,339,9674.72,9862.62,9674.72,9855.63,,1309934,2026-05-24 04:35:27.720000
2473,9,340,9522.81,9971.56,9522.81,9854.63,,578965,2026-05-24 04:35:27.720000
2474,9,341,9794.66,9976.56,9741.69,9944.58,,1001533,2026-05-24 04:35:27.720000
2475,9,342,9944.58,10016.54,9819.64,9919.59,,1135425,2026-05-24 04:35:27.720000
2476,9,343,9931.58,9946.58,9843.63,9843.63,,966713,2026-05-24 04:35:27.720000
2477,9,344,9894.6,9948.57,9739.69,9915.59,,1354710,2026-05-24 04:35:27.723333
2478,9,345,9909.6,10017.54,9725.7,9849.63,,1546856,2026-05-24 04:35:27.723333
2479,9,346,9944.58,10301.38,9854.63,10226.42,,3186383,2026-05-24 04:35:27.723333
2480,9,347,10194.44,10285.39,10041.52,10244.41,,3752117,2026-05-24 04:35:27.726666
2481,9,348,10214.43,10328.37,10194.44,10194.44,,2161929,2026-05-24 04:35:27.726666
2482,9,349,10324.37,10324.37,10176.45,10229.42,,2122013,2026-05-24 04:35:27.726666
2483,9,350,10312.38,10312.38,9947.57,10055.52,,2977333,2026-05-24 04:35:27.726666
2484,9,351,9945.58,10107.49,9888.61,9888.61,,3306933,2026-05-24 04:35:27.730000
2485,9,352,9916.59,9919.59,9648.74,9741.69,,3374246,2026-05-24 04:35:27.730000
2486,9,353,9794.66,9962.57,9753.68,9962.57,,3198778,2026-05-24 04:35:27.730000
2487,9,354,9964.57,10011.54,9870.62,9934.58,,3126701,2026-05-24 04:35:27.730000
2488,9,355,9868.62,9887.61,9702.71,9862.62,,1426572,2026-05-24 04:35:27.730000
2489,9,356,9764.67,9882.61,9656.73,9848.63,,1891704,2026-05-24 04:35:27.733333
2490,9,357,9669.73,9886.61,9660.73,9886.61,,2384041,2026-05-24 04:35:27.733333
2491,9,112,9885.61,10374.34,9855.62,10276.4,,5781070,2026-05-24 04:35:27.733333
2492,9,113,10264.4,10334.36,10104.49,10243.41,,4266799,2026-05-24 04:35:27.736666
2493,9,114,10349.36,10425.31,10138.47,10382.34,,3921739,2026-05-24 04:35:27.736666
2494,9,115,10444.3,10570.23,10335.36,10361.35,,7252923,2026-05-24 04:35:27.736666
2495,9,116,10444.3,10447.3,10144.47,10200.44,,4040906,2026-05-24 04:35:27.736666
2496,9,117,10144.47,10513.27,10144.47,10435.31,,3852350,2026-05-24 04:35:27.740000
2497,9,118,10394.33,10569.24,10094.5,10094.5,,8081167,2026-05-24 04:35:27.740000
2498,9,119,10082.5,10508.27,9944.58,10433.31,,4060725,2026-05-24 04:35:27.740000
2499,9,120,10529.26,10638.2,10399.33,10472.29,,3274527,2026-05-24 04:35:27.740000
2500,9,121,10444.3,10533.25,10076.5,10121.48,,3962402,2026-05-24 04:35:27.743333
2501,9,122,10291.39,10291.39,10005.54,10050.52,,3156696,2026-05-24 04:35:27.743333
2502,9,123,10228.42,10228.42,9972.56,10067.51,,3546442,2026-05-24 04:35:27.743333
2503,9,124,10143.47,10176.45,9963.57,10050.52,,3238429,2026-05-24 04:35:27.743333
2504,9,125,10051.52,10269.4,9929.58,10237.42,,2629253,2026-05-24 04:35:27.746666
2505,9,126,10290.39,10290.39,10033.53,10125.48,,2224783,2026-05-24 04:35:27.746666
2506,9,127,10194.44,10253.41,10019.54,10234.42,,2125773,2026-05-24 04:35:27.746666
2507,9,128,10233.42,10324.37,10098.49,10157.46,,3024260,2026-05-24 04:35:27.746666
2508,9,129,10157.46,10381.34,10157.46,10327.37,,1769607,2026-05-24 04:35:27.750000
2509,9,93,10294.39,10457.3,10203.43,10365.35,,2291660,2026-05-24 04:35:27.750000
2510,9,74,10444.3,10681.17,10394.33,10605.22,,3326497,2026-05-24 04:35:27.750000
2511,9,53,10538.25,10817.1,10538.25,10575.23,,3857141,2026-05-24 04:35:27.750000
2512,9,54,10571.23,10724.15,10561.24,10616.21,,2457623,2026-05-24 04:35:27.753333
2513,9,3,10617.21,10841.09,10585.23,10614.21,,2325623,2026-05-24 04:35:27.753333
2514,9,4,10614.21,10677.18,10427.31,10651.19,,2927961,2026-05-24 04:35:27.753333
2515,9,5,10679.18,10679.18,10417.32,10545.25,,2852259,2026-05-24 04:35:27.753333
2516,9,6,10559.24,10814.1,10559.24,10683.17,,2579375,2026-05-24 04:35:27.753333
2517,9,7,10567.24,10773.12,10509.27,10612.21,,6949154,2026-05-24 04:35:27.756666
2518,9,10,10449.3,10532.26,10169.45,10379.34,,3742151,2026-05-24 04:35:27.756666
2519,9,11,10469.29,10469.29,9869.62,9966.56,,4780528,2026-05-24 04:35:27.756666
2520,9,12,9965.56,10234.42,9802.65,10060.51,,3835450,2026-05-24 04:35:27.760000
2521,9,13,10244.41,10244.41,9335.91,9542.8,,6826495,2026-05-24 04:35:27.760000
2522,9,14,9694.71,9694.71,9188.99,9203.98,,9089330,2026-05-24 04:35:27.760000
2523,9,17,9219.97,9395.88,9085.05,9266.95,,5031907,2026-05-24 04:35:27.760000
2524,9,18,9539.8,9697.71,9341.9,9611.76,,6211310,2026-05-24 04:35:27.760000
2525,9,19,9694.71,9727.69,9342.9,9534.8,,4399260,2026-05-24 04:35:27.763333
2526,9,20,9727.69,9727.69,9181.99,9181.99,,5753483,2026-05-24 04:35:27.763333
2527,9,21,9194.99,9229.97,8995.09,8995.09,,7928132,2026-05-24 04:35:27.763333
2528,9,24,9072.05,9179.99,8857.17,8933.13,,9011593,2026-05-24 04:35:27.763333
2529,9,25,8994.1,8994.1,8726.24,8909.14,,7627691,2026-05-24 04:35:27.766666
2530,9,26,8967.11,9053.06,8726.24,8755.22,,5782504,2026-05-24 04:35:27.766666
2531,9,27,8645.28,9002.09,8580.32,8816.19,,11920336,2026-05-24 04:35:27.766666
2532,9,28,8828.19,9036.07,8775.21,8808.2,,9366673,2026-05-24 04:35:27.766666
2533,9,358,8772.22,9108.03,8516.36,8766.22,,5528100,2026-05-24 04:35:27.770000
2534,9,359,8832.18,8855.17,8635.29,8748.23,,4453756,2026-05-24 04:35:27.770000
2535,9,360,8765.22,9138.02,8765.22,9138.02,,4510029,2026-05-24 04:35:27.770000
2536,9,361,9055.06,9093.04,8927.13,9027.08,,2544716,2026-05-24 04:35:27.770000
2537,9,362,9053.06,9087.04,8760.22,8889.15,,3108918,2026-05-24 04:35:27.773333
2538,9,363,8815.19,8880.16,8673.27,8740.23,,4143833,2026-05-24 04:35:27.773333
2539,9,364,8789.21,8953.12,8730.24,8893.15,,5446998,2026-05-24 04:35:27.773333
2540,9,365,9057.06,9255.95,8942.12,9154.01,,6315645,2026-05-24 04:35:27.773333
2541,9,366,9095.04,9225.97,8861.17,9077.05,,3394066,2026-05-24 04:35:27.776666
2542,9,367,9221.97,9234.96,8881.16,8893.15,,6221281,2026-05-24 04:35:27.776666
2543,9,368,8889.0,9180.0,8855.0,8957.0,,6830600,2026-05-24 04:35:27.776666
2544,9,369,9049.0,9050.0,8760.0,8770.0,,3764733,2026-05-24 04:35:27.780000
2545,9,370,8801.0,8928.0,8756.0,8860.0,,2563853,2026-05-24 04:35:27.780000
2546,9,371,8855.0,8856.0,8650.0,8740.0,,3187529,2026-05-24 04:35:27.780000
2547,9,372,8841.0,8934.0,8800.0,8850.0,,3865728,2026-05-24 04:35:27.780000
2548,9,373,8901.0,8987.0,8852.0,8916.0,,3383043,2026-05-24 04:35:27.780000
2549,9,374,8998.0,9022.0,8894.0,8894.0,,4732548,2026-05-24 04:35:27.783333
2550,9,375,9000.0,9111.0,8881.0,9025.0,,3648040,2026-05-24 04:35:27.783333
2551,9,376,9000.0,9071.0,8878.0,8891.0,,2965900,2026-05-24 04:35:27.783333
2552,9,377,8882.0,8964.0,8800.0,8800.0,,6735388,2026-05-24 04:35:27.783333
2553,9,378,8844.0,8898.0,8676.0,8700.0,,4273135,2026-05-24 04:35:27.786666
2554,9,379,8848.0,8848.0,8610.0,8636.0,,3530879,2026-05-24 04:35:27.786666
2555,9,380,8750.0,8750.0,8499.0,8499.0,,5171847,2026-05-24 04:35:27.786666
2556,9,381,8460.0,8579.0,8402.0,8535.0,,5714466,2026-05-24 04:35:27.786666
2557,9,382,8500.0,8579.0,8463.0,8490.0,,4487354,2026-05-24 04:35:27.790000
2558,9,383,8573.0,8621.0,8469.0,8557.0,,8230905,2026-05-24 04:35:27.790000
2559,9,384,8567.0,8721.0,8504.0,8597.0,,2605595,2026-05-24 04:35:27.790000
2560,9,385,8699.0,8743.0,8509.0,8608.0,,2887280,2026-05-24 04:35:27.790000
2561,9,386,8664.0,9044.0,8653.0,8785.0,,5104479,2026-05-24 04:35:27.790000
2562,9,387,8875.0,8891.0,8671.0,8745.0,,4313397,2026-05-24 04:35:27.793333
2563,9,388,8785.0,8785.0,8615.0,8656.0,,1905051,2026-05-24 04:35:27.793333
2564,9,389,8679.0,8767.0,8627.0,8708.0,,3717354,2026-05-24 04:35:27.793333
2565,9,390,8750.0,8750.0,8509.0,8652.0,,4413227,2026-05-24 04:35:27.796666
2566,9,391,8647.0,8710.0,8465.0,8550.0,,5204499,2026-05-24 04:35:27.796666
2567,9,392,8640.0,8729.0,8586.0,8690.0,,2526715,2026-05-24 04:35:27.796666
2568,9,393,8650.0,8709.0,8507.0,8560.0,,5474387,2026-05-24 04:35:27.796666
2569,9,394,8596.0,8665.0,8543.0,8629.0,,3452696,2026-05-24 04:35:27.800000
2570,9,395,8630.0,8733.0,8564.0,8704.0,,5387910,2026-05-24 04:35:27.800000
2571,9,396,8723.0,8847.0,8662.0,8818.0,,6308957,2026-05-24 04:35:27.800000
2572,9,397,8850.0,8949.0,8605.0,8722.0,,11481237,2026-05-24 04:35:27.800000
2573,9,398,8900.0,8900.0,8451.0,8451.0,,5937472,2026-05-24 04:35:27.800000
2574,10,191,21047.09,21376.04,20793.12,21342.04,,1202157,2026-05-24 04:35:28.356666
2575,10,192,21297.05,21458.03,21130.07,21458.03,,2073171,2026-05-24 04:35:28.360000
2576,10,193,21356.04,21817.98,21345.05,21679.0,,1175823,2026-05-24 04:35:28.360000
2577,10,194,21836.98,22173.93,21606.01,21936.96,,1366390,2026-05-24 04:35:28.360000
2578,10,195,21936.96,22246.92,21720.99,21804.98,,4650269,2026-05-24 04:35:28.363333
2579,10,196,22080.94,22135.93,21580.01,22046.95,,1267698,2026-05-24 04:35:28.363333
2580,10,197,22102.94,22346.91,21957.96,22185.93,,1275707,2026-05-24 04:35:28.363333
2581,10,198,22396.9,22456.89,22101.94,22151.93,,1103795,2026-05-24 04:35:28.363333
2582,10,199,22106.94,22250.92,21738.99,21806.98,,2665346,2026-05-24 04:35:28.366666
2583,10,200,21897.97,21976.96,21459.03,21841.98,,1594698,2026-05-24 04:35:28.366666
2584,10,201,22015.95,22015.95,21547.02,21736.99,,1306003,2026-05-24 04:35:28.366666
2585,10,202,22095.94,22096.94,21721.99,22006.95,,1346144,2026-05-24 04:35:28.366666
2586,10,203,21814.98,22285.92,21814.98,21991.96,,1973505,2026-05-24 04:35:28.370000
2587,10,204,21747.99,22061.95,21703.0,21900.97,,1744069,2026-05-24 04:35:28.370000
2588,10,205,21900.97,21900.97,21401.04,21593.01,,1492503,2026-05-24 04:35:28.370000
2589,10,206,21397.04,21851.97,21372.04,21544.02,,1533836,2026-05-24 04:35:28.370000
2590,10,207,21945.96,21945.96,21115.08,21391.04,,1044554,2026-05-24 04:35:28.370000
2591,10,208,21147.07,21525.02,21099.08,21463.03,,2918750,2026-05-24 04:35:28.370000
2592,10,209,21866.97,21866.97,21370.04,21517.02,,3253792,2026-05-24 04:35:28.373333
2593,10,210,21147.07,21595.01,21026.09,21080.08,,1150965,2026-05-24 04:35:28.373333
2594,10,211,21896.97,21896.97,21354.04,21523.02,,1497230,2026-05-24 04:35:28.373333
2595,10,212,20998.09,21712.99,20998.09,21522.02,,1761951,2026-05-24 04:35:28.376666
2596,10,213,21352.04,21702.0,21107.08,21175.07,,1041589,2026-05-24 04:35:28.376666
2597,10,214,21052.09,21335.05,21031.09,21317.05,,1479803,2026-05-24 04:35:28.376666
2598,10,215,21327.05,21583.01,21223.06,21477.03,,1342223,2026-05-24 04:35:28.380000
2599,10,216,21746.99,21762.99,21270.06,21727.99,,1053393,2026-05-24 04:35:28.380000
2600,10,217,21597.01,21771.99,21029.09,21707.99,,1762082,2026-05-24 04:35:28.380000
2601,10,218,21796.98,22076.94,21488.03,22050.95,,1158239,2026-05-24 04:35:28.380000
2602,10,219,21896.97,22099.94,21884.97,22041.95,,404536,2026-05-24 04:35:28.383333
2603,10,220,22105.94,22161.93,21769.99,21839.98,,359916,2026-05-24 04:35:28.383333
2604,10,221,22095.94,22158.93,21623.01,22113.94,,893895,2026-05-24 04:35:28.383333
2605,10,222,21876.97,22395.9,21876.97,22076.95,,788954,2026-05-24 04:35:28.386666
2606,10,223,22390.9,22390.9,21534.02,21534.02,,896182,2026-05-24 04:35:28.386666
2607,10,224,21597.01,22157.93,20995.09,21098.08,,1731807,2026-05-24 04:35:28.386666
2608,10,225,21548.02,21548.02,20906.11,21244.06,,912699,2026-05-24 04:35:28.390000
2609,10,226,21009.09,21478.03,21009.09,21216.06,,1358276,2026-05-24 04:35:28.390000
2610,10,227,21009.09,21502.02,20929.1,21442.03,,1130644,2026-05-24 04:35:28.390000
2611,10,228,21198.07,21633.01,21197.07,21460.03,,1146086,2026-05-24 04:35:28.390000
2612,10,229,21397.04,21929.96,21390.04,21834.98,,1004945,2026-05-24 04:35:28.393333
2613,10,230,21468.03,22015.95,21468.03,22015.95,,837296,2026-05-24 04:35:28.393333
2614,10,231,21872.97,22059.95,21415.04,21558.02,,1126228,2026-05-24 04:35:28.393333
2615,10,232,21812.98,21812.98,21440.03,21454.03,,1426200,2026-05-24 04:35:28.396666
2616,10,233,21489.03,21645.01,21365.04,21470.03,,644460,2026-05-24 04:35:28.396666
2617,10,234,21677.0,21677.0,21178.07,21219.06,,937028,2026-05-24 04:35:28.396666
2618,10,235,21593.01,21593.01,21007.09,21139.07,,572857,2026-05-24 04:35:28.400000
2619,10,236,21128.08,21370.04,21016.09,21072.08,,907985,2026-05-24 04:35:28.400000
2620,10,237,21072.08,21187.07,20870.11,21030.09,,576469,2026-05-24 04:35:28.400000
2621,10,238,21471.03,21679.0,21041.09,21591.01,,1747934,2026-05-24 04:35:28.400000
2622,10,239,21591.01,21591.01,20970.1,21036.09,,1592640,2026-05-24 04:35:28.403333
2623,10,240,21036.09,21288.05,20977.1,21185.07,,1101315,2026-05-24 04:35:28.403333
2624,10,241,20798.12,21404.04,20798.12,21254.06,,1024691,2026-05-24 04:35:28.403333
2625,10,242,20799.12,21547.02,20799.12,21330.05,,894633,2026-05-24 04:35:28.406666
2626,10,243,20847.11,21463.03,20847.11,21297.05,,838551,2026-05-24 04:35:28.406666
2627,10,244,20927.1,21497.02,20927.1,21313.05,,669047,2026-05-24 04:35:28.406666
2628,10,245,21277.05,21563.02,21090.08,21193.07,,579371,2026-05-24 04:35:28.410000
2629,10,246,20830.12,21468.03,20830.12,21356.04,,1522473,2026-05-24 04:35:28.410000
2630,10,247,21356.04,21684.0,21118.08,21347.04,,1137201,2026-05-24 04:35:28.410000
2631,10,248,21846.98,21846.98,21075.08,21219.06,,1155363,2026-05-24 04:35:28.413333
2632,10,249,21619.01,21619.01,21187.07,21254.06,,1185526,2026-05-24 04:35:28.413333
2633,10,250,21346.04,21385.04,21134.07,21147.07,,721331,2026-05-24 04:35:28.413333
2634,10,251,20798.12,21332.05,20798.12,21097.08,,1397595,2026-05-24 04:35:28.413333
2635,10,252,20997.1,21222.06,20957.1,21204.07,,3482075,2026-05-24 04:35:28.416666
2636,10,253,21297.05,21523.02,21144.07,21329.05,,872321,2026-05-24 04:35:28.416666
2637,10,254,21497.03,21826.98,21334.05,21810.98,,1260490,2026-05-24 04:35:28.416666
2638,10,255,21895.97,22121.94,21667.0,21757.99,,916859,2026-05-24 04:35:28.420000
2639,10,256,21673.0,21782.99,21517.02,21689.0,,1311572,2026-05-24 04:35:28.420000
2640,10,257,21689.0,21689.0,21325.05,21653.0,,574936,2026-05-24 04:35:28.420000
2641,10,258,21647.0,22006.95,21647.0,21712.99,,750337,2026-05-24 04:35:28.423333
2642,10,259,21597.01,21839.98,21597.01,21697.0,,838078,2026-05-24 04:35:28.423333
2643,10,260,21896.97,21896.97,21285.05,21385.04,,881494,2026-05-24 04:35:28.423333
2644,10,261,21508.02,21508.02,20997.09,21243.06,,2109309,2026-05-24 04:35:28.426666
2645,10,262,22017.95,22676.86,21427.03,22196.93,,3174101,2026-05-24 04:35:28.426666
2646,10,263,22196.93,22551.88,21901.97,22007.95,,1925333,2026-05-24 04:35:28.426666
2647,10,264,22586.87,22586.87,21677.0,22220.92,,1514531,2026-05-24 04:35:28.430000
2648,10,265,22220.92,22403.9,22028.95,22356.9,,877284,2026-05-24 04:35:28.430000
2649,10,266,22296.91,22696.86,22296.91,22646.87,,1654171,2026-05-24 04:35:28.430000
2650,10,267,22608.87,22882.83,22351.91,22612.87,,997746,2026-05-24 04:35:28.430000
2651,10,268,21598.01,22888.83,20428.17,20450.17,,4453365,2026-05-24 04:35:28.430000
2652,10,269,20594.15,21163.07,20211.2,20914.11,,3482000,2026-05-24 04:35:28.433333
2653,10,270,20997.09,21409.04,20853.11,20943.1,,1235529,2026-05-24 04:35:28.433333
2654,10,271,20997.09,20997.09,20265.2,20310.19,,1909652,2026-05-24 04:35:28.433333
2655,10,272,20304.19,20481.16,20040.23,20103.22,,1812388,2026-05-24 04:35:28.433333
2656,10,273,20054.22,20306.19,19860.25,20113.22,,5579328,2026-05-24 04:35:28.436666
2657,10,274,19997.23,20191.2,19431.31,19906.24,,2952183,2026-05-24 04:35:28.436666
2658,10,275,19906.24,19906.24,19276.33,19559.29,,2016424,2026-05-24 04:35:28.436666
2659,10,276,19597.29,19697.27,19428.31,19606.29,,1393795,2026-05-24 04:35:28.440000
2660,10,277,19606.29,19607.29,18956.38,18980.37,,2522228,2026-05-24 04:35:28.440000
2661,10,278,19140.35,19446.31,18698.41,19207.34,,1868896,2026-05-24 04:35:28.440000
2662,10,279,19597.29,19597.29,18980.37,19480.3,,1158644,2026-05-24 04:35:28.440000
2663,10,280,19664.28,19937.24,19465.31,19697.27,,3040700,2026-05-24 04:35:28.440000
2664,10,281,19797.26,19911.25,19326.33,19892.25,,2118362,2026-05-24 04:35:28.443333
2665,10,282,19947.24,20187.21,19761.27,19871.25,,2295065,2026-05-24 04:35:28.443333
2666,10,283,19428.31,20165.21,19428.31,20097.22,,2363593,2026-05-24 04:35:28.443333
2667,10,284,20176.21,20296.19,19976.23,20207.2,,1311373,2026-05-24 04:35:28.443333
2668,10,285,20447.17,20447.17,19965.24,20062.22,,1605947,2026-05-24 04:35:28.443333
2669,10,286,20447.17,20447.17,19651.28,20068.22,,1068526,2026-05-24 04:35:28.446666
2670,10,287,20003.23,20759.13,19831.25,20696.13,,2330185,2026-05-24 04:35:28.446666
2671,10,288,20797.12,21412.04,20751.13,21097.08,,1837621,2026-05-24 04:35:28.446666
2672,10,289,21095.08,21347.05,20667.14,21287.05,,1348719,2026-05-24 04:35:28.446666
2673,10,290,21197.07,21549.02,21091.08,21443.03,,1711296,2026-05-24 04:35:28.450000
2674,10,291,21398.04,21668.03,21232.05,21624.03,,1839402,2026-05-24 04:35:28.450000
2675,10,292,21624.03,21917.02,21556.04,21784.03,,1294654,2026-05-24 04:35:28.450000
2676,10,293,21720.03,21720.03,21095.06,21448.04,,1291892,2026-05-24 04:35:28.450000
2677,10,294,21684.03,21857.02,21460.04,21575.04,,880062,2026-05-24 04:35:28.450000
2678,10,295,21299.05,21964.02,21299.05,21778.03,,1315405,2026-05-24 04:35:28.453333
2679,10,296,21528.04,22279.0,21528.04,22188.01,,1389717,2026-05-24 04:35:28.453333
2680,10,297,22149.01,22411.0,22036.02,22344.0,,1034764,2026-05-24 04:35:28.453333
2681,10,298,22010.02,22665.99,22010.02,22210.01,,1081912,2026-05-24 04:35:28.453333
2682,10,299,22678.99,22678.99,22050.01,22150.01,,976691,2026-05-24 04:35:28.456666
2683,10,300,21801.02,22859.98,21801.02,22574.99,,1770578,2026-05-24 04:35:28.456666
2684,10,301,22683.99,22683.99,22153.01,22235.01,,899273,2026-05-24 04:35:28.456666
2685,10,302,22497.99,22497.99,21845.02,22113.01,,706859,2026-05-24 04:35:28.460000
2686,10,303,21900.02,22199.01,21730.03,21778.03,,1006466,2026-05-24 04:35:28.460000
2687,10,304,21699.03,22240.01,21667.03,21938.02,,883395,2026-05-24 04:35:28.460000
2688,10,305,21883.02,21989.02,21511.04,21922.02,,744613,2026-05-24 04:35:28.460000
2689,10,306,21499.04,22075.01,21499.04,21954.02,,1154639,2026-05-24 04:35:28.460000
2690,10,307,22199.01,22199.01,21584.04,21820.03,,1690294,2026-05-24 04:35:28.463333
2691,10,308,21819.03,21919.02,21535.04,21857.02,,852723,2026-05-24 04:35:28.463333
2692,10,309,21857.02,22148.01,21758.03,22015.02,,637082,2026-05-24 04:35:28.463333
2693,10,310,22009.02,22275.0,21853.02,22010.02,,950739,2026-05-24 04:35:28.463333
2694,10,311,22008.02,22648.99,21938.02,22548.99,,1066436,2026-05-24 04:35:28.466666
2695,10,312,22597.99,23130.97,22433.0,22973.97,,1197039,2026-05-24 04:35:28.466666
2696,10,313,22974.97,22974.97,22438.0,22711.98,,931815,2026-05-24 04:35:28.466666
2697,10,314,23027.97,23173.96,22692.99,23173.96,,1364516,2026-05-24 04:35:28.470000
2698,10,315,22858.98,23184.96,22723.98,22723.98,,843007,2026-05-24 04:35:28.470000
2699,10,316,22748.98,22837.98,22605.99,22778.98,,947660,2026-05-24 04:35:28.470000
2700,10,317,22548.99,23180.96,22499.0,22826.98,,1351338,2026-05-24 04:35:28.470000
2701,10,318,22998.97,22998.97,22154.01,22496.99,,1513051,2026-05-24 04:35:28.470000
2702,10,319,23018.97,23018.97,22152.01,22152.01,,4946068,2026-05-24 04:35:28.473333
2703,10,320,22199.01,22273.0,21685.53,22000.02,,1806194,2026-05-24 04:35:28.473333
2704,10,321,21600.03,22361.0,21600.03,22142.01,,733899,2026-05-24 04:35:28.473333
2705,10,322,22142.01,22142.01,21491.04,21750.03,,1375959,2026-05-24 04:35:28.473333
2706,10,323,22099.01,22099.01,21604.04,21951.02,,2394566,2026-05-24 04:35:28.476666
2707,10,324,21899.02,22156.01,21433.04,22156.01,,1303010,2026-05-24 04:35:28.476666
2708,10,325,22125.01,22291.0,21875.02,22177.01,,918848,2026-05-24 04:35:28.476666
2709,10,326,22577.99,22577.99,21951.02,22465.0,,1307313,2026-05-24 04:35:28.480000
2710,10,327,21999.02,22618.99,21999.02,22416.0,,1591836,2026-05-24 04:35:28.480000
2711,10,328,22678.99,22911.98,22429.0,22884.98,,1680598,2026-05-24 04:35:28.480000
2712,10,329,23047.97,23047.97,22814.98,22814.98,,1302208,2026-05-24 04:35:28.480000
2713,10,330,22871.98,23168.96,22742.98,23023.97,,1498506,2026-05-24 04:35:28.480000
2714,10,331,23095.97,23259.96,22720.99,22866.98,,1256232,2026-05-24 04:35:28.480000
2715,10,332,23196.96,23196.96,22605.99,22692.99,,1764816,2026-05-24 04:35:28.483333
2716,10,333,23198.96,23198.96,22324.0,22425.0,,1572624,2026-05-24 04:35:28.483333
2717,10,334,22434.0,22898.98,22429.0,22772.98,,1035680,2026-05-24 04:35:28.483333
2718,10,335,23196.96,23216.96,22480.0,22938.97,,1946425,2026-05-24 04:35:28.483333
2719,10,336,22444.0,23278.96,22444.0,23189.96,,5806767,2026-05-24 04:35:28.486666
2720,10,337,23172.96,23484.95,22523.99,22983.97,,2459659,2026-05-24 04:35:28.486666
2721,10,338,22983.97,23018.97,22580.99,22893.98,,600527,2026-05-24 04:35:28.486666
2722,10,339,22898.98,23105.97,22536.99,22689.99,,1266118,2026-05-24 04:35:28.490000
2723,10,340,22656.99,23102.97,22639.99,22809.98,,336166,2026-05-24 04:35:28.490000
2724,10,341,22777.98,23020.97,22485.0,22899.98,,636521,2026-05-24 04:35:28.490000
2725,10,342,22993.97,23061.97,22712.99,22865.98,,456677,2026-05-24 04:35:28.490000
2726,10,343,22649.99,22869.98,22622.99,22756.98,,473019,2026-05-24 04:35:28.490000
2727,10,344,22648.99,22854.98,22319.0,22698.98,,844971,2026-05-24 04:35:28.493333
2728,10,345,22748.98,22753.98,22344.0,22658.99,,504100,2026-05-24 04:35:28.493333
2729,10,346,22869.98,23181.96,22657.99,23048.97,,1151123,2026-05-24 04:35:28.493333
2730,10,347,23377.95,23377.95,22422.0,22884.98,,1374979,2026-05-24 04:35:28.493333
2731,10,348,22449.0,23179.96,22449.0,22918.97,,586777,2026-05-24 04:35:28.496666
2732,10,349,22824.98,22910.98,22295.0,22586.99,,1778369,2026-05-24 04:35:28.496666
2733,10,350,22586.99,22586.99,21964.02,22484.99,,879783,2026-05-24 04:35:28.496666
2734,10,351,22451.0,22451.0,22048.01,22338.0,,875949,2026-05-24 04:35:28.496666
2735,10,352,22337.0,22408.0,22017.02,22310.0,,901348,2026-05-24 04:35:28.500000
2736,10,353,21999.02,22587.99,21999.02,22399.0,,1654804,2026-05-24 04:35:28.500000
2737,10,354,22362.0,22893.98,22278.0,22783.98,,2081453,2026-05-24 04:35:28.500000
2738,10,355,22748.98,22859.98,22461.0,22656.99,,494905,2026-05-24 04:35:28.500000
2739,10,356,22601.99,22628.99,22326.0,22616.99,,1363822,2026-05-24 04:35:28.503333
2740,10,357,22400.0,22763.98,22178.01,22595.99,,1143176,2026-05-24 04:35:28.503333
2741,10,112,22641.99,23406.95,22633.99,23066.97,,1518989,2026-05-24 04:35:28.503333
2742,10,113,23202.96,23202.96,22549.99,23052.97,,1864317,2026-05-24 04:35:28.503333
2743,10,114,23003.97,23141.96,22652.99,22831.98,,759226,2026-05-24 04:35:28.506666
2744,10,115,23198.96,23198.96,22841.98,22993.97,,1560345,2026-05-24 04:35:28.506666
2745,10,116,22952.97,23247.96,22624.99,22909.98,,1593350,2026-05-24 04:35:28.506666
2746,10,117,23112.97,23659.94,22820.98,23398.95,,1392451,2026-05-24 04:35:28.506666
2747,10,118,23098.97,23938.93,23058.97,23519.95,,2652271,2026-05-24 04:35:28.510000
2748,10,119,23102.97,23947.93,22777.98,23812.94,,1643419,2026-05-24 04:35:28.510000
2749,10,120,23871.93,24030.93,23520.95,23929.93,,2149984,2026-05-24 04:35:28.510000
2750,10,121,23549.95,23951.93,23393.95,23685.94,,1027643,2026-05-24 04:35:28.510000
2751,10,122,23168.96,23855.93,23168.96,23635.94,,1003620,2026-05-24 04:35:28.510000
2752,10,123,23499.95,23798.94,23251.96,23798.94,,1772774,2026-05-24 04:35:28.510000
2753,10,124,24097.92,24097.92,23380.96,23605.95,,2787865,2026-05-24 04:35:28.513333
2754,10,125,23698.94,24278.91,23502.95,24278.91,,1803280,2026-05-24 04:35:28.513333
2755,10,126,24358.91,24358.91,23932.93,24037.93,,543899,2026-05-24 04:35:28.513333
2756,10,127,24098.92,24098.92,23735.94,23938.93,,1160293,2026-05-24 04:35:28.513333
2757,10,128,24098.92,24098.92,23320.96,23395.95,,1528713,2026-05-24 04:35:28.516666
2758,10,129,23198.96,23798.94,23198.96,23704.94,,513815,2026-05-24 04:35:28.516666
2759,10,93,23498.95,23846.93,23420.95,23697.94,,677372,2026-05-24 04:35:28.516666
2760,10,74,23555.95,24252.92,23555.95,24207.92,,1098954,2026-05-24 04:35:28.516666
2761,10,53,24021.93,24408.91,23906.93,24021.93,,1705144,2026-05-24 04:35:28.520000
2762,10,54,24158.92,24217.92,23794.94,24091.92,,798177,2026-05-24 04:35:28.520000
2763,10,3,24069.92,24753.89,23962.93,24126.92,,668984,2026-05-24 04:35:28.520000
2764,10,4,23860.93,24498.91,23823.94,24430.91,,825644,2026-05-24 04:35:28.520000
2765,10,5,24230.92,24532.9,24024.93,24366.91,,970407,2026-05-24 04:35:28.523333
2766,10,6,24948.89,26579.81,24779.89,26228.83,,2760751,2026-05-24 04:35:28.523333
2767,10,7,26298.82,26494.82,25818.85,26134.83,,2623634,2026-05-24 04:35:28.523333
2768,10,10,26297.82,26297.82,25448.86,25803.85,,1493692,2026-05-24 04:35:28.523333
2769,10,11,25803.85,26503.82,25586.86,25922.84,,3333779,2026-05-24 04:35:28.526666
2770,10,12,25919.84,26099.83,25300.87,25810.85,,2504852,2026-05-24 04:35:28.526666
2771,10,13,25926.84,26627.81,25842.85,25961.84,,2153256,2026-05-24 04:35:28.526666
2772,10,14,26067.84,26287.83,24981.88,25350.87,,2009260,2026-05-24 04:35:28.526666
2773,10,17,25497.86,25497.86,24474.91,24744.89,,1535125,2026-05-24 04:35:28.530000
2774,10,18,25198.87,25594.86,25028.88,25272.87,,2264172,2026-05-24 04:35:28.530000
2775,10,19,25498.86,25498.86,24848.89,25333.87,,1610284,2026-05-24 04:35:28.530000
2776,10,20,25497.86,25497.86,24880.89,24926.88,,1738835,2026-05-24 04:35:28.530000
2777,10,21,24300.91,25057.88,24300.91,24728.89,,1811668,2026-05-24 04:35:28.530000
2778,10,24,24728.89,24998.88,24428.91,24598.9,,1643604,2026-05-24 04:35:28.533333
2779,10,25,24254.92,24798.89,24222.92,24719.89,,1754973,2026-05-24 04:35:28.533333
2780,10,26,24719.9,24996.88,24304.91,24748.89,,2124537,2026-05-24 04:35:28.533333
2781,10,27,24678.9,25555.86,24297.91,25202.87,,6901922,2026-05-24 04:35:28.536666
2782,10,28,25298.87,25711.85,24932.88,24932.88,,3443702,2026-05-24 04:35:28.536666
2783,10,358,25117.88,25295.87,24281.91,24911.89,,1409115,2026-05-24 04:35:28.536666
2784,10,359,25722.85,25722.85,24572.9,24929.88,,2161075,2026-05-24 04:35:28.536666
2785,10,360,24611.9,25654.85,24610.9,25654.85,,1411606,2026-05-24 04:35:28.540000
2786,10,361,25597.86,25597.86,25141.88,25403.87,,929383,2026-05-24 04:35:28.540000
2787,10,362,25327.87,25433.86,24676.9,25044.88,,1221057,2026-05-24 04:35:28.540000
2788,10,363,25266.87,25266.87,24428.91,24843.89,,1559470,2026-05-24 04:35:28.540000
2789,10,364,24618.0,25260.0,24333.0,24830.0,,1561597,2026-05-24 04:35:28.540000
2790,10,365,25175.0,25564.0,24642.0,24980.0,,1986614,2026-05-24 04:35:28.543333
2791,10,366,24944.0,24944.0,24136.0,24629.0,,1252419,2026-05-24 04:35:28.543333
2792,10,367,24999.0,24999.0,24074.0,24628.0,,921046,2026-05-24 04:35:28.543333
2793,10,368,24902.0,25925.0,24902.0,25292.0,,1966084,2026-05-24 04:35:28.543333
2794,10,369,25200.0,25491.0,24841.0,25231.0,,1040756,2026-05-24 04:35:28.546666
2795,10,370,25231.0,25500.0,24988.0,25350.0,,554277,2026-05-24 04:35:28.546666
2796,10,371,24801.0,25320.0,24700.0,25284.0,,646815,2026-05-24 04:35:28.546666
2797,10,372,25690.0,25758.0,25184.0,25323.0,,938358,2026-05-24 04:35:28.550000
2798,10,373,25500.0,26078.0,25378.0,25972.0,,2272699,2026-05-24 04:35:28.550000
2799,10,374,26200.0,26221.0,25989.0,26110.0,,798443,2026-05-24 04:35:28.550000
2800,10,375,26090.0,26588.0,25972.0,26142.0,,1246401,2026-05-24 04:35:28.550000
2801,10,376,26066.0,26482.0,25918.0,26133.0,,488714,2026-05-24 04:35:28.550000
2802,10,377,26441.0,26441.0,25906.0,26029.0,,778314,2026-05-24 04:35:28.550000
2803,10,378,26399.0,26399.0,25825.0,26073.0,,846454,2026-05-24 04:35:28.553333
2804,10,379,25999.0,26642.0,25917.0,26153.0,,968878,2026-05-24 04:35:28.553333
2805,10,380,26300.0,26300.0,25907.0,26030.0,,1010177,2026-05-24 04:35:28.553333
2806,10,381,26007.0,26425.0,25992.0,26251.0,,1174653,2026-05-24 04:35:28.553333
2807,10,382,26299.0,26688.0,26111.0,26248.0,,708842,2026-05-24 04:35:28.553333
2808,10,383,25848.0,26390.0,25679.0,25842.0,,2048386,2026-05-24 04:35:28.556666
2809,10,384,25842.0,26236.0,25740.0,25881.0,,1123232,2026-05-24 04:35:28.556666
2810,10,385,26199.0,26199.0,25557.0,26115.0,,1253513,2026-05-24 04:35:28.556666
2811,10,386,26400.0,26873.0,26282.0,26800.0,,2088189,2026-05-24 04:35:28.556666
2812,10,387,27100.0,27435.0,26788.0,27141.0,,1786528,2026-05-24 04:35:28.560000
2813,10,388,27299.0,27501.0,26798.0,27350.0,,1923971,2026-05-24 04:35:28.560000
2814,10,389,27490.0,27894.0,27366.0,27366.0,,1846022,2026-05-24 04:35:28.560000
2815,10,390,27100.0,27319.0,26619.0,26800.0,,1839510,2026-05-24 04:35:28.560000
2816,10,391,27199.0,27199.0,26332.0,26436.0,,1340180,2026-05-24 04:35:28.563333
2817,10,392,26600.0,26920.0,26392.0,26577.0,,1289649,2026-05-24 04:35:28.563333
2818,10,393,26454.0,26817.0,26200.0,26500.0,,1259596,2026-05-24 04:35:28.563333
2819,10,394,26580.0,26789.0,26328.0,26679.0,,1160386,2026-05-24 04:35:28.563333
2820,10,395,26990.0,26990.0,26398.0,26505.0,,1433309,2026-05-24 04:35:28.566666
2821,10,396,26375.0,26901.0,26100.0,26414.0,,2061084,2026-05-24 04:35:28.566666
2822,10,397,26001.0,26696.0,26001.0,26511.0,,1585801,2026-05-24 04:35:28.566666
2823,10,398,27000.0,27000.0,26470.0,26805.0,,1472521,2026-05-24 04:35:28.566666
2824,11,191,337196.53,348418.42,337196.53,346142.84,,107792,2026-05-24 04:35:29.140000
2825,11,192,343935.25,347911.5,339662.05,341585.69,,186331,2026-05-24 04:35:29.140000
2826,11,193,338558.25,350552.99,338558.25,345514.94,,257366,2026-05-24 04:35:29.143333
2827,11,194,345506.93,347435.57,341224.74,342981.41,,273666,2026-05-24 04:35:29.143333
2828,11,195,342492.52,347872.5,341500.7,344576.13,,502944,2026-05-24 04:35:29.143333
2829,11,196,343649.31,350400.04,337167.53,344796.09,,199463,2026-05-24 04:35:29.143333
2830,11,197,347933.5,348463.4,338746.23,342599.5,,163034,2026-05-24 04:35:29.146666
2831,11,198,344808.09,347886.51,340977.81,344631.13,,118902,2026-05-24 04:35:29.146666
2832,11,199,344599.12,352364.66,342670.48,350039.09,,274509,2026-05-24 04:35:29.146666
2833,11,200,347057.66,354083.33,347057.66,351376.84,,125373,2026-05-24 04:35:29.150000
2834,11,201,350035.13,355434.11,347215.66,347215.66,,187863,2026-05-24 04:35:29.150000
2835,11,202,351332.86,358391.53,346805.72,352433.66,,229756,2026-05-24 04:35:29.150000
2836,11,203,349934.1,356343.89,347982.46,349283.22,,186550,2026-05-24 04:35:29.150000
2837,11,204,357431.71,357431.71,346296.81,351434.84,,122591,2026-05-24 04:35:29.150000
2838,11,205,348984.3,351434.83,343536.32,345078.03,,231103,2026-05-24 04:35:29.153333
2839,11,206,338436.27,350459.01,335937.74,342031.59,,267392,2026-05-24 04:35:29.153333
2840,11,207,341932.66,345830.92,336103.75,342924.47,,183164,2026-05-24 04:35:29.153333
2841,11,208,340007.98,347902.49,338715.22,345035.03,,407994,2026-05-24 04:35:29.156666
2842,11,209,345932.88,352018.73,345065.04,347953.5,,740074,2026-05-24 04:35:29.156666
2843,11,210,347952.48,348525.37,339252.12,342031.59,,170185,2026-05-24 04:35:29.156666
2844,11,211,343436.33,359780.25,343436.33,357958.59,,214688,2026-05-24 04:35:29.156666
2845,11,212,354933.17,358171.56,347446.58,350376.03,,220309,2026-05-24 04:35:29.160000
2846,11,213,351680.79,355073.15,342314.56,347760.53,,194068,2026-05-24 04:35:29.160000
2847,11,214,352032.73,355433.09,345434.97,355071.16,,193949,2026-05-24 04:35:29.160000
2848,11,215,354205.31,358361.53,351343.85,355029.16,,273323,2026-05-24 04:35:29.160000
2849,11,216,359931.25,359931.25,353168.53,355959.0,,143374,2026-05-24 04:35:29.160000
2850,11,217,359931.25,359931.25,348305.44,355463.09,,186257,2026-05-24 04:35:29.163333
2851,11,218,352434.65,359704.28,351171.89,359704.28,,120694,2026-05-24 04:35:29.163333
2852,11,219,355195.14,359521.32,355195.14,357742.66,,64665,2026-05-24 04:35:29.163333
2853,11,220,359932.23,359961.22,350853.94,355666.03,,62558,2026-05-24 04:35:29.163333
2854,11,221,351745.8,357123.79,351064.93,354526.28,,172070,2026-05-24 04:35:29.166666
2855,11,222,352044.73,358607.5,350050.11,352780.59,,226760,2026-05-24 04:35:29.166666
2856,11,223,351933.72,353704.39,348049.46,349309.22,,126181,2026-05-24 04:35:29.166666
2857,11,224,349079.28,350325.05,340071.98,341938.63,,348801,2026-05-24 04:35:29.170000
2858,11,225,345434.98,345434.98,334952.95,340348.94,,125580,2026-05-24 04:35:29.170000
2859,11,226,341331.74,341955.62,337081.54,339275.13,,220748,2026-05-24 04:35:29.170000
2860,11,227,339936.03,340408.94,334293.09,340408.94,,217695,2026-05-24 04:35:29.170000
2861,11,228,338150.34,341382.73,337292.5,340446.91,,140123,2026-05-24 04:35:29.173333
2862,11,229,343860.25,350115.07,340549.87,349330.22,,168683,2026-05-24 04:35:29.173333
2863,11,230,344936.05,352893.56,344936.05,347878.5,,104588,2026-05-24 04:35:29.173333
2864,11,231,352932.56,352932.56,342489.52,345937.88,,155063,2026-05-24 04:35:29.176666
2865,11,232,345935.86,353147.5,345153.01,353147.5,,147303,2026-05-24 04:35:29.176666
2866,11,233,351962.74,353709.41,348729.35,349934.13,,153833,2026-05-24 04:35:29.176666
2867,11,234,347935.49,353579.42,346402.78,348863.31,,143357,2026-05-24 04:35:29.180000
2868,11,235,349234.24,350290.04,345087.02,346020.84,,114501,2026-05-24 04:35:29.180000
2869,11,236,346195.83,354886.19,345242.01,347934.5,,155926,2026-05-24 04:35:29.180000
2870,11,237,348344.43,351748.79,345351.0,350149.09,,119108,2026-05-24 04:35:29.180000
2871,11,238,354932.16,355892.98,345890.87,353140.5,,153867,2026-05-24 04:35:29.180000
2872,11,239,352932.55,352932.55,345192.0,348037.47,,141030,2026-05-24 04:35:29.183333
2873,11,240,355931.98,355931.98,345407.96,349336.22,,154673,2026-05-24 04:35:29.183333
2874,11,241,351990.72,353408.45,343851.25,345533.94,,149795,2026-05-24 04:35:29.183333
2875,11,242,343349.38,347732.55,343314.39,345198.03,,92608,2026-05-24 04:35:29.186666
2876,11,243,341936.63,346939.69,341936.63,345632.94,,132478,2026-05-24 04:35:29.186666
2877,11,244,345534.96,350958.94,345303.0,350958.94,,138690,2026-05-24 04:35:29.186666
2878,11,245,352932.53,360388.13,348534.36,357432.69,,198650,2026-05-24 04:35:29.190000
2879,11,246,358432.53,364131.45,356910.81,362065.84,,172844,2026-05-24 04:35:29.190000
2880,11,247,360933.06,371811.01,360933.06,369233.5,,231960,2026-05-24 04:35:29.190000
2881,11,248,370107.33,371007.16,364691.35,367713.78,,107300,2026-05-24 04:35:29.190000
2882,11,249,371511.07,371511.07,364296.43,364931.31,,78980,2026-05-24 04:35:29.190000
2883,11,250,369429.47,369429.47,362631.75,362631.75,,114452,2026-05-24 04:35:29.193333
2884,11,251,360732.07,364458.37,360732.07,361773.88,,87947,2026-05-24 04:35:29.193333
2885,11,252,362252.81,369931.36,359760.28,362559.75,,122479,2026-05-24 04:35:29.193333
2886,11,253,371129.16,371129.16,361957.89,362679.75,,109022,2026-05-24 04:35:29.196666
2887,11,254,364931.3,371075.15,362620.74,367876.75,,151060,2026-05-24 04:35:29.196666
2888,11,255,367831.76,373438.7,359982.24,364888.31,,106055,2026-05-24 04:35:29.196666
2889,11,256,364496.4,369639.43,359242.39,365130.28,,307955,2026-05-24 04:35:29.196666
2890,11,257,362632.72,365130.25,356787.82,360973.03,,167438,2026-05-24 04:35:29.200000
2891,11,258,363131.63,364763.33,357003.79,359032.41,,194622,2026-05-24 04:35:29.200000
2892,11,259,358432.54,360561.14,356431.91,356799.84,,137416,2026-05-24 04:35:29.200000
2893,11,260,357448.73,357720.68,348832.35,351545.84,,170993,2026-05-24 04:35:29.200000
2894,11,261,355383.08,355383.08,344238.18,347848.5,,190381,2026-05-24 04:35:29.200000
2895,11,262,348868.34,354277.33,335936.78,344385.19,,270112,2026-05-24 04:35:29.203333
2896,11,263,348333.41,348333.41,337536.44,340230.94,,337834,2026-05-24 04:35:29.203333
2897,11,264,346105.85,346105.85,341404.73,342315.56,,210563,2026-05-24 04:35:29.203333
2898,11,265,343150.39,347898.5,341040.79,346393.78,,191143,2026-05-24 04:35:29.206666
2899,11,266,346343.8,351703.79,346343.8,350605.0,,244300,2026-05-24 04:35:29.206666
2900,11,267,352345.66,352521.13,345578.94,350561.0,,113218,2026-05-24 04:35:29.206666
2901,11,268,350634.01,354115.35,346139.86,352013.75,,128780,2026-05-24 04:35:29.206666
2902,11,269,358172.56,359476.31,348829.32,354344.28,,189947,2026-05-24 04:35:29.210000
2903,11,270,353445.48,358678.5,353349.5,355834.03,,159302,2026-05-24 04:35:29.210000
2904,11,271,355688.02,358494.5,352048.71,356145.94,,166707,2026-05-24 04:35:29.210000
2905,11,272,356672.84,360483.12,354876.18,357979.59,,128615,2026-05-24 04:35:29.210000
2906,11,273,354234.32,362574.75,354234.32,361885.88,,444966,2026-05-24 04:35:29.210000
2907,11,274,362058.83,363414.57,349934.11,358646.47,,288902,2026-05-24 04:35:29.213333
2908,11,275,358374.53,358476.52,350342.05,357062.78,,173174,2026-05-24 04:35:29.213333
2909,11,276,356932.8,361787.89,351934.74,361517.94,,163979,2026-05-24 04:35:29.213333
2910,11,277,355934.99,363131.64,352468.65,355905.0,,329739,2026-05-24 04:35:29.216666
2911,11,278,356057.96,358064.58,350996.91,352833.56,,129722,2026-05-24 04:35:29.216666
2912,11,279,355452.1,355452.1,348622.38,348653.38,,174629,2026-05-24 04:35:29.216666
2913,11,280,349445.2,351026.9,345304.98,347334.59,,257941,2026-05-24 04:35:29.216666
2914,11,281,355933.02,359932.27,347339.64,353058.56,,333947,2026-05-24 04:35:29.220000
2915,11,282,356643.86,363931.49,340412.92,342638.5,,298603,2026-05-24 04:35:29.220000
2916,11,283,342811.47,348903.32,341983.62,347621.56,,280028,2026-05-24 04:35:29.220000
2917,11,284,348933.32,355055.17,346357.81,351976.75,,311021,2026-05-24 04:35:29.220000
2918,11,285,352684.62,360932.07,350246.08,358818.47,,303511,2026-05-24 04:35:29.220000
2919,11,286,360418.18,368989.56,356632.89,368989.56,,564427,2026-05-24 04:35:29.223333
2920,11,287,369830.37,377425.94,366465.0,377425.94,,392705,2026-05-24 04:35:29.223333
2921,11,288,367931.75,382054.09,367931.75,377544.94,,199331,2026-05-24 04:35:29.223333
2922,11,289,375371.32,376928.03,370954.15,376398.13,,160541,2026-05-24 04:35:29.223333
2923,11,290,376929.04,383440.81,371590.04,383440.81,,422545,2026-05-24 04:35:29.226666
2924,11,291,385638.38,396425.35,385031.49,395608.5,,472112,2026-05-24 04:35:29.226666
2925,11,292,395924.45,397296.19,389664.63,392326.13,,461100,2026-05-24 04:35:29.226666
2926,11,293,389317.72,394789.69,385035.53,392996.03,,266036,2026-05-24 04:35:29.226666
2927,11,294,393294.95,402935.14,393294.95,402003.31,,290566,2026-05-24 04:35:29.226666
2928,11,295,401687.38,409482.91,399950.71,404532.84,,362608,2026-05-24 04:35:29.230000
2929,11,296,402695.25,404105.08,396631.0,402218.31,,412013,2026-05-24 04:35:29.230000
2930,11,297,396190.07,405511.92,396051.09,405133.97,,196862,2026-05-24 04:35:29.230000
2931,11,298,398950.71,410257.32,398950.71,402955.22,,176999,2026-05-24 04:35:29.230000
2932,11,299,409948.37,409948.37,398113.83,402795.25,,212303,2026-05-24 04:35:29.233333
2933,11,300,408449.56,409490.44,402913.25,403408.19,,339721,2026-05-24 04:35:29.233333
2934,11,301,408941.49,408941.49,393101.45,394951.22,,288333,2026-05-24 04:35:29.233333
2935,11,302,391176.68,392420.53,382113.8,385832.34,,316633,2026-05-24 04:35:29.233333
2936,11,303,384902.45,388748.97,382432.75,383209.66,,238043,2026-05-24 04:35:29.236666
2937,11,304,384691.49,390361.79,383268.67,386652.25,,138229,2026-05-24 04:35:29.236666
2938,11,305,386051.31,386051.31,378983.18,382738.72,,165439,2026-05-24 04:35:29.236666
2939,11,306,384917.47,393311.43,377654.36,393243.44,,354014,2026-05-24 04:35:29.240000
2940,11,307,396155.08,399817.63,393286.43,398050.84,,383804,2026-05-24 04:35:29.240000
2941,11,308,398949.72,398949.72,390238.8,394151.31,,168256,2026-05-24 04:35:29.240000
2942,11,309,393058.46,398639.77,390130.82,390675.75,,192558,2026-05-24 04:35:29.240000
2943,11,310,392450.52,393451.4,389214.92,390859.72,,187154,2026-05-24 04:35:29.240000
2944,11,311,388263.03,398145.81,388263.03,395611.13,,177005,2026-05-24 04:35:29.243333
2945,11,312,399450.65,403377.16,392454.51,397853.84,,198954,2026-05-24 04:35:29.243333
2946,11,313,388951.94,397145.93,388456.0,395068.19,,161462,2026-05-24 04:35:29.243333
2947,11,314,395848.12,405607.91,392051.59,404655.03,,279418,2026-05-24 04:35:29.246666
2948,11,315,401542.4,407926.61,396216.06,399714.63,,239129,2026-05-24 04:35:29.246666
2949,11,316,397886.87,399582.66,387700.12,398823.75,,135466,2026-05-24 04:35:29.246666
2950,11,317,398562.77,407957.61,398012.84,401991.34,,251948,2026-05-24 04:35:29.250000
2951,11,318,398751.75,399627.64,387455.15,395721.13,,169076,2026-05-24 04:35:29.250000
2952,11,319,399215.68,401888.35,390610.75,392355.53,,382109,2026-05-24 04:35:29.250000
2953,11,320,398250.81,398333.8,386070.32,392955.47,,156339,2026-05-24 04:35:29.250000
2954,11,321,393151.45,400795.51,391452.66,397341.94,,164941,2026-05-24 04:35:29.250000
2955,11,322,395451.14,398216.8,387206.16,390035.81,,227512,2026-05-24 04:35:29.253333
2956,11,323,391199.67,393942.33,386588.24,388285.03,,266742,2026-05-24 04:35:29.253333
2957,11,324,388166.06,392703.5,381879.84,392703.5,,193727,2026-05-24 04:35:29.253333
2958,11,325,390663.73,403650.13,389053.93,393057.44,,154057,2026-05-24 04:35:29.253333
2959,11,326,390063.83,401296.45,390063.83,398076.84,,179301,2026-05-24 04:35:29.256666
2960,11,327,396477.04,403416.18,396477.04,399061.72,,95380,2026-05-24 04:35:29.256666
2961,11,328,399061.7,405270.93,395036.2,402450.28,,146804,2026-05-24 04:35:29.256666
2962,11,329,402561.26,405653.88,397720.86,398863.72,,133025,2026-05-24 04:35:29.260000
2963,11,330,396521.02,401268.44,391951.59,394933.22,,182777,2026-05-24 04:35:29.260000
2964,11,331,394634.27,395316.18,387586.14,394775.25,,117121,2026-05-24 04:35:29.260000
2965,11,332,396392.05,401918.37,394310.31,397069.97,,154886,2026-05-24 04:35:29.260000
2966,11,333,391952.59,405729.88,391952.59,398723.75,,194822,2026-05-24 04:35:29.260000
2967,11,334,395005.22,407631.66,395005.22,406678.78,,237849,2026-05-24 04:35:29.263333
2968,11,335,407949.62,416404.57,403445.17,412949.0,,472207,2026-05-24 04:35:29.263333
2969,11,336,414947.74,422467.81,406455.79,417138.47,,799330,2026-05-24 04:35:29.263333
2970,11,337,417698.41,420685.04,399849.62,414198.84,,496529,2026-05-24 04:35:29.263333
2971,11,338,410160.33,416343.56,407690.63,414324.81,,119507,2026-05-24 04:35:29.266666
2972,11,339,416047.62,420184.11,415048.75,417542.44,,95335,2026-05-24 04:35:29.266666
2973,11,340,416512.56,424131.62,414077.86,421018.0,,50506,2026-05-24 04:35:29.266666
2974,11,341,422947.75,426905.26,419250.2,420633.03,,82913,2026-05-24 04:35:29.266666
2975,11,342,423580.67,425342.46,419233.21,420678.03,,94354,2026-05-24 04:35:29.266666
2976,11,343,420678.05,422624.81,415062.75,415528.69,,99512,2026-05-24 04:35:29.270000
2977,11,344,420947.0,420947.0,413014.98,418898.25,,73165,2026-05-24 04:35:29.270000
2978,11,345,418568.3,421507.93,412720.02,414647.78,,138360,2026-05-24 04:35:29.270000
2979,11,346,411266.2,423190.73,411137.21,419195.22,,255954,2026-05-24 04:35:29.270000
2980,11,347,413959.88,421446.95,401316.44,418027.38,,278014,2026-05-24 04:35:29.270000
2981,11,348,417255.46,422615.8,413093.97,420223.09,,134478,2026-05-24 04:35:29.270000
2982,11,349,420948.01,425733.42,416185.6,418537.31,,117964,2026-05-24 04:35:29.273333
2983,11,350,420024.13,427216.24,415828.65,419535.19,,200493,2026-05-24 04:35:29.273333
2984,11,351,419273.2,419586.17,413329.94,417137.47,,236881,2026-05-24 04:35:29.273333
2985,11,352,415964.62,419522.18,413471.92,418668.28,,210793,2026-05-24 04:35:29.276666
2986,11,353,419886.14,430010.88,417808.39,427305.22,,353859,2026-05-24 04:35:29.276666
2987,11,354,424955.53,437712.95,424955.53,431235.75,,276077,2026-05-24 04:35:29.276666
2988,11,355,431646.7,433257.5,422947.77,425166.5,,176967,2026-05-24 04:35:29.276666
2989,11,356,426591.32,427299.23,421679.93,424638.56,,187778,2026-05-24 04:35:29.280000
2990,11,357,422650.78,431157.73,419961.12,428240.09,,212667,2026-05-24 04:35:29.280000
2991,11,112,428994.03,438507.85,426072.39,434775.31,,280997,2026-05-24 04:35:29.280000
2992,11,113,434775.28,439882.65,430084.86,435804.16,,230747,2026-05-24 04:35:29.280000
2993,11,114,439944.66,439951.66,429595.94,432893.53,,205724,2026-05-24 04:35:29.280000
2994,11,115,430046.88,442410.35,430046.88,439939.66,,255012,2026-05-24 04:35:29.280000
2995,11,116,444007.17,444007.17,434561.34,439085.78,,191251,2026-05-24 04:35:29.283333
2996,11,117,443052.29,448545.61,440472.6,443845.19,,193427,2026-05-24 04:35:29.283333
2997,11,118,443845.17,446080.89,433341.46,435068.25,,323171,2026-05-24 04:35:29.283333
2998,11,119,428853.03,444755.06,424108.61,444755.06,,219027,2026-05-24 04:35:29.283333
2999,11,120,449944.43,449969.43,443680.2,445339.0,,252620,2026-05-24 04:35:29.286666
3000,11,121,447602.72,447602.72,438175.89,442570.34,,188117,2026-05-24 04:35:29.286666
3001,11,122,440433.6,445027.03,435063.26,442263.38,,166753,2026-05-24 04:35:29.286666
3002,11,123,438486.83,446859.79,438103.88,445190.0,,157827,2026-05-24 04:35:29.286666
3003,11,124,449776.46,452211.16,442858.31,452211.16,,231059,2026-05-24 04:35:29.290000
3004,11,125,457443.51,460410.14,450746.34,457765.47,,214975,2026-05-24 04:35:29.290000
3005,11,126,459942.2,462409.9,451744.21,460043.19,,345553,2026-05-24 04:35:29.290000
3006,11,127,460943.06,468524.13,456827.57,467270.28,,231434,2026-05-24 04:35:29.290000
3007,11,128,469292.03,474870.34,463952.69,464753.59,,275054,2026-05-24 04:35:29.290000
3008,11,129,468355.17,471680.75,464946.59,467416.28,,151711,2026-05-24 04:35:29.290000
3009,11,93,467391.28,469893.97,462420.89,467133.31,,114689,2026-05-24 04:35:29.293333
3010,11,74,467061.32,479049.84,464946.58,478762.88,,196469,2026-05-24 04:35:29.293333
3011,11,53,483040.35,483272.32,470885.85,474954.34,,224360,2026-05-24 04:35:29.293333
3012,11,54,480202.7,480202.7,471201.81,472728.63,,156876,2026-05-24 04:35:29.293333
3013,11,3,472727.62,478830.86,469479.02,472661.63,,136162,2026-05-24 04:35:29.296666
3014,11,4,469288.04,478145.94,464947.57,474141.44,,165564,2026-05-24 04:35:29.296666
3015,11,5,473687.48,479037.82,465470.49,467442.25,,238612,2026-05-24 04:35:29.296666
3016,11,6,469039.06,477525.01,467342.27,474813.34,,244047,2026-05-24 04:35:29.296666
3017,11,7,482339.41,482339.41,470438.88,474295.41,,253171,2026-05-24 04:35:29.300000
3018,11,10,470940.83,470940.83,459965.19,464788.59,,278925,2026-05-24 04:35:29.300000
3019,11,11,467441.26,467441.26,443543.21,447293.75,,378510,2026-05-24 04:35:29.300000
3020,11,12,443971.17,453166.04,440771.57,450179.41,,221287,2026-05-24 04:35:29.300000
3021,11,13,456843.57,457733.46,445197.01,447304.75,,211394,2026-05-24 04:35:29.300000
3022,11,14,453843.94,453843.94,420745.03,420948.0,,527256,2026-05-24 04:35:29.300000
3023,11,17,418259.34,429835.91,413348.95,427116.25,,272704,2026-05-24 04:35:29.303333
3024,11,18,431390.72,441301.5,430078.88,433946.41,,320104,2026-05-24 04:35:29.303333
3025,11,19,433946.4,433956.4,419730.16,429097.0,,315589,2026-05-24 04:35:29.303333
3026,11,20,426513.3,427941.13,418163.34,419863.13,,156448,2026-05-24 04:35:29.303333
3027,11,21,421134.0,421134.0,413450.95,413533.94,,297172,2026-05-24 04:35:29.306666
3028,11,24,416259.58,420698.04,409951.36,419970.13,,347349,2026-05-24 04:35:29.306666
3029,11,25,421945.87,422097.85,412451.04,420385.06,,353805,2026-05-24 04:35:29.306666
3030,11,26,420385.07,429946.89,414951.74,418948.25,,266477,2026-05-24 04:35:29.306666
3031,11,27,418948.25,418948.25,405949.86,413912.88,,664950,2026-05-24 04:35:29.310000
3032,11,28,410149.34,427296.23,410149.34,411155.22,,471844,2026-05-24 04:35:29.310000
3033,11,358,404950.99,419612.18,399632.64,410160.34,,247274,2026-05-24 04:35:29.310000
3034,11,359,408660.52,410049.34,403047.21,410049.34,,214072,2026-05-24 04:35:29.310000
3035,11,360,416947.49,424707.53,412178.08,424677.53,,225308,2026-05-24 04:35:29.310000
3036,11,361,423945.64,427123.24,416261.59,426060.38,,238100,2026-05-24 04:35:29.310000
3037,11,362,427297.21,427297.21,409949.35,418113.34,,315080,2026-05-24 04:35:29.310000
3038,11,363,419843.14,419843.14,406005.85,408111.59,,483835,2026-05-24 04:35:29.313333
3039,11,364,407949.62,415758.65,406460.8,412184.09,,392462,2026-05-24 04:35:29.313333
3040,11,365,421810.89,427273.21,413705.89,423939.63,,305077,2026-05-24 04:35:29.313333
3041,11,366,420958.01,422336.84,411096.23,422336.84,,161240,2026-05-24 04:35:29.313333
3042,11,367,424247.6,426034.38,415612.67,421530.94,,134224,2026-05-24 04:35:29.313333
3043,11,368,444389.11,449213.52,434946.28,440506.59,,401640,2026-05-24 04:35:29.316666
3044,11,369,439215.75,439215.75,428871.02,429313.97,,224151,2026-05-24 04:35:29.316666
3045,11,370,434446.33,434852.28,427705.16,434082.38,,173813,2026-05-24 04:35:29.316666
3046,11,371,428377.09,434538.33,422259.84,426808.28,,298361,2026-05-24 04:35:29.316666
3047,11,372,427947.14,435568.2,426302.35,431379.72,,212497,2026-05-24 04:35:29.316666
3048,11,373,433845.41,437294.98,427910.14,435135.25,,162173,2026-05-24 04:35:29.316666
3049,11,374,435797.17,437046.02,431634.69,431872.66,,136040,2026-05-24 04:35:29.320000
3050,11,375,431946.64,445696.94,427982.13,442460.34,,247409,2026-05-24 04:35:29.320000
3051,11,376,438014.89,440726.55,431420.7,436604.06,,199093,2026-05-24 04:35:29.320000
3052,11,377,437226.01,441584.47,434937.29,438073.91,,155917,2026-05-24 04:35:29.320000
3053,11,378,438245.88,446944.81,436590.09,440341.63,,314525,2026-05-24 04:35:29.320000
3054,11,379,435939.16,444813.06,435939.16,442009.41,,206102,2026-05-24 04:35:29.320000
3055,11,380,447943.68,447943.68,439207.76,440017.66,,246403,2026-05-24 04:35:29.320000
3056,11,381,438067.9,451973.19,437735.95,449444.5,,329683,2026-05-24 04:35:29.320000
3057,11,382,451544.23,453826.95,438323.87,442058.41,,270248,2026-05-24 04:35:29.323333
3058,11,383,438767.82,445754.95,432463.59,432463.59,,341172,2026-05-24 04:35:29.323333
3059,11,384,434086.4,437030.03,427252.24,429206.0,,171658,2026-05-24 04:35:29.323333
3060,11,385,431944.65,434140.38,425172.49,429889.91,,199010,2026-05-24 04:35:29.323333
3061,11,386,434316.37,447999.68,432880.55,438325.88,,307060,2026-05-24 04:35:29.323333
3062,11,387,440417.61,447837.7,437662.95,440578.59,,206859,2026-05-24 04:35:29.326666
3063,11,388,436503.09,438112.89,431732.68,434946.28,,192626,2026-05-24 04:35:29.326666
3064,11,389,434946.29,437721.95,431346.73,433243.5,,223123,2026-05-24 04:35:29.326666
3065,11,390,434945.28,434946.28,425946.4,433953.41,,210637,2026-05-24 04:35:29.326666
3066,11,391,429365.0,431870.0,421699.0,424158.0,,161951,2026-05-24 04:35:29.326666
3067,11,392,425484.0,433938.0,424420.0,433417.0,,142265,2026-05-24 04:35:29.326666
3068,11,393,428396.0,434505.0,426844.0,428500.0,,157400,2026-05-24 04:35:29.330000
3069,11,394,426500.0,438839.0,421698.0,434000.0,,247140,2026-05-24 04:35:29.330000
3070,11,395,436999.0,436999.0,426777.0,430032.0,,286396,2026-05-24 04:35:29.330000
3071,11,396,434849.0,438365.0,426800.0,433205.0,,411034,2026-05-24 04:35:29.330000
3072,11,397,433001.0,438003.0,431311.0,437042.0,,171605,2026-05-24 04:35:29.330000
3073,11,398,438001.0,443307.0,435701.0,440467.0,,177384,2026-05-24 04:35:29.330000
3074,12,191,91964.84,92850.84,91710.84,92039.84,,550098,2026-05-24 04:35:30.356666
3075,12,192,91999.85,93512.84,91999.85,93229.84,,572750,2026-05-24 04:35:30.356666
3076,12,193,91999.84,92827.84,91763.84,91976.84,,695776,2026-05-24 04:35:30.356666
3077,12,194,93482.84,93732.84,92183.84,92621.84,,603009,2026-05-24 04:35:30.360000
3078,12,195,91040.85,92176.84,90956.85,92003.84,,1312140,2026-05-24 04:35:30.360000
3079,12,196,92295.84,92912.84,91455.85,92268.84,,608140,2026-05-24 04:35:30.360000
3080,12,197,91769.84,92148.84,90891.85,91641.84,,397710,2026-05-24 04:35:30.360000
3081,12,198,92159.85,94673.84,91926.85,94250.84,,628122,2026-05-24 04:35:30.360000
3082,12,199,95364.84,96275.84,94250.85,95894.84,,1275069,2026-05-24 04:35:30.363333
3083,12,200,94715.84,96228.84,94715.84,95458.84,,659460,2026-05-24 04:35:30.363333
3084,12,201,95752.84,97306.83,95595.84,96381.84,,1479680,2026-05-24 04:35:30.363333
3085,12,202,96087.84,96602.83,95723.84,95968.84,,642323,2026-05-24 04:35:30.366666
3086,12,203,95701.84,97421.83,95701.84,96648.84,,687973,2026-05-24 04:35:30.366666
3087,12,204,96648.84,98174.83,95716.84,97599.84,,1168531,2026-05-24 04:35:30.366666
3088,12,205,97327.84,114181.41,95265.84,95499.84,,1609629,2026-05-24 04:35:30.366666
3089,12,206,96323.84,96405.84,95185.84,96023.84,,1149833,2026-05-24 04:35:30.370000
3090,12,207,95499.84,96946.84,95499.84,96596.84,,1163787,2026-05-24 04:35:30.370000
3091,12,208,96082.84,96082.84,94660.84,95079.84,,1907435,2026-05-24 04:35:30.370000
3092,12,209,95849.84,96684.84,95078.84,95347.84,,1925523,2026-05-24 04:35:30.370000
3093,12,210,95699.84,99726.83,95509.84,98339.84,,1407770,2026-05-24 04:35:30.370000
3094,12,211,101192.83,101423.83,98701.84,99299.84,,1958119,2026-05-24 04:35:30.373333
3095,12,212,99517.84,100723.83,98250.84,99122.84,,1213459,2026-05-24 04:35:30.373333
3096,12,213,99251.84,100065.83,98412.84,99242.84,,982258,2026-05-24 04:35:30.373333
3097,12,214,99249.84,99904.83,98433.84,98867.84,,742285,2026-05-24 04:35:30.376666
3098,12,215,98867.84,99251.84,98316.84,99160.84,,735041,2026-05-24 04:35:30.376666
3099,12,216,99199.83,99274.83,97499.84,97509.84,,460646,2026-05-24 04:35:30.376666
3100,12,217,97685.83,97907.83,95925.84,96333.84,,781229,2026-05-24 04:35:30.376666
3101,12,218,95762.84,96397.84,95659.84,96339.84,,348642,2026-05-24 04:35:30.376666
3102,12,219,96196.84,96613.84,95841.84,96167.84,,362846,2026-05-24 04:35:30.380000
3103,12,220,97117.84,98992.84,97022.84,98696.84,,420562,2026-05-24 04:35:30.380000
3104,12,221,99102.84,100112.84,98672.84,99911.84,,277193,2026-05-24 04:35:30.380000
3105,12,222,99498.83,99933.83,98541.84,98842.84,,312590,2026-05-24 04:35:30.380000
3106,12,223,99523.84,100295.83,99286.84,99286.84,,462784,2026-05-24 04:35:30.380000
3107,12,224,100681.84,101193.83,99809.84,100599.84,,721637,2026-05-24 04:35:30.380000
3108,12,225,101299.83,101544.83,98499.84,99199.84,,913499,2026-05-24 04:35:30.383333
3109,12,226,100877.83,102124.83,100761.83,101198.83,,636041,2026-05-24 04:35:30.383333
3110,12,227,101617.83,102342.83,100199.84,100199.84,,379385,2026-05-24 04:35:30.383333
3111,12,228,100775.83,101580.83,100628.83,100882.83,,771831,2026-05-24 04:35:30.383333
3112,12,229,101735.83,102926.83,101734.83,102705.83,,741976,2026-05-24 04:35:30.386666
3113,12,230,102704.83,103699.83,102232.83,103399.83,,414941,2026-05-24 04:35:30.386666
3114,12,231,102626.83,103150.83,102074.83,102787.83,,502653,2026-05-24 04:35:30.386666
3115,12,232,106190.82,108391.82,105984.82,106619.82,,1218364,2026-05-24 04:35:30.390000
3116,12,233,108542.82,108745.82,107199.82,107520.82,,1101473,2026-05-24 04:35:30.390000
3117,12,234,107123.82,107846.82,106965.82,107599.82,,1093609,2026-05-24 04:35:30.390000
3118,12,235,107999.82,108478.82,105401.82,105551.82,,720834,2026-05-24 04:35:30.390000
3119,12,236,105707.82,106699.82,105471.82,105728.82,,892310,2026-05-24 04:35:30.390000
3120,12,237,105629.83,105716.83,103653.83,104600.83,,759835,2026-05-24 04:35:30.393333
3121,12,238,104611.83,106199.82,103391.83,104161.83,,851004,2026-05-24 04:35:30.393333
3122,12,239,103800.83,103800.83,100264.84,100557.84,,1429358,2026-05-24 04:35:30.393333
3123,12,240,102080.83,103569.83,101793.83,103096.83,,1033868,2026-05-24 04:35:30.393333
3124,12,241,104161.83,104399.83,102805.83,103119.83,,1297326,2026-05-24 04:35:30.393333
3125,12,242,103987.83,105277.83,103814.83,104340.83,,647112,2026-05-24 04:35:30.396666
3126,12,243,103527.83,105673.83,103527.83,104643.83,,862995,2026-05-24 04:35:30.396666
3127,12,244,104267.83,104526.83,103417.83,104249.83,,715216,2026-05-24 04:35:30.396666
3128,12,245,105151.83,105151.83,103767.83,104149.83,,407216,2026-05-24 04:35:30.396666
3129,12,246,104916.83,105099.83,103518.83,103986.83,,556598,2026-05-24 04:35:30.400000
3130,12,247,106814.82,109526.82,104039.8,108076.82,,1013882,2026-05-24 04:35:30.400000
3131,12,248,108498.82,109559.82,107729.82,108470.82,,625281,2026-05-24 04:35:30.400000
3132,12,249,109256.82,109803.82,108263.82,108699.82,,1293507,2026-05-24 04:35:30.400000
3133,12,250,109316.82,109386.82,108053.82,108676.82,,889668,2026-05-24 04:35:30.400000
3134,12,251,109299.82,109535.82,108455.82,108455.82,,851558,2026-05-24 04:35:30.403333
3135,12,252,108299.82,108977.82,107404.82,107979.82,,705440,2026-05-24 04:35:30.403333
3136,12,253,108506.82,109004.82,106999.82,107911.82,,984843,2026-05-24 04:35:30.403333
3137,12,254,108424.82,109778.82,108075.82,109661.82,,1201695,2026-05-24 04:35:30.403333
3138,12,255,110549.81,111651.81,110424.81,110771.81,,1034762,2026-05-24 04:35:30.406666
3139,12,256,110500.81,111070.81,109819.81,110726.81,,580216,2026-05-24 04:35:30.406666
3140,12,257,109498.82,110299.61,107514.82,108082.82,,1131900,2026-05-24 04:35:30.406666
3141,12,258,107609.82,108152.82,106811.82,107854.82,,578872,2026-05-24 04:35:30.410000
3142,12,259,107989.82,109635.82,107611.82,109220.82,,819492,2026-05-24 04:35:30.410000
3143,12,260,109259.82,109849.82,108143.82,108158.82,,1097676,2026-05-24 04:35:30.410000
3144,12,261,107594.82,107594.82,105399.82,106070.82,,1016740,2026-05-24 04:35:30.410000
3145,12,262,106364.82,107364.82,105856.82,107244.82,,1076530,2026-05-24 04:35:30.410000
3146,12,263,106980.82,107889.82,105744.6,107719.82,,1800940,2026-05-24 04:35:30.413333
3147,12,264,109099.82,109578.82,107922.82,107970.82,,871245,2026-05-24 04:35:30.413333
3148,12,265,109320.82,109447.82,107944.82,108699.82,,456896,2026-05-24 04:35:30.413333
3149,12,266,108999.82,110041.82,108661.82,109652.82,,734708,2026-05-24 04:35:30.416666
3150,12,267,110504.82,111860.82,109191.82,109332.82,,569826,2026-05-24 04:35:30.416666
3151,12,268,109313.81,111736.81,109023.82,110568.81,,630867,2026-05-24 04:35:30.416666
3152,12,269,111283.81,112540.81,110676.81,111304.81,,624261,2026-05-24 04:35:30.416666
3153,12,270,111253.81,112997.02,110711.82,112436.81,,1020446,2026-05-24 04:35:30.420000
3154,12,271,113344.81,113955.81,112209.81,112285.81,,1625577,2026-05-24 04:35:30.420000
3155,12,272,114199.81,115851.8,113994.81,115249.8,,1479638,2026-05-24 04:35:30.420000
3156,12,273,113749.81,116417.8,113714.81,115682.8,,3525000,2026-05-24 04:35:30.420000
3157,12,274,115582.81,116350.78,115346.81,115899.8,,2649871,2026-05-24 04:35:30.420000
3158,12,275,114999.81,116903.8,114196.81,116633.8,,1304876,2026-05-24 04:35:30.423333
3159,12,276,116467.8,117317.8,115617.81,115879.8,,1508059,2026-05-24 04:35:30.423333
3160,12,277,118450.8,119031.8,117170.81,117696.8,,1461019,2026-05-24 04:35:30.423333
3161,12,278,118351.8,118833.8,117232.81,118053.8,,2183026,2026-05-24 04:35:30.423333
3162,12,279,120199.8,121120.8,119750.8,120836.8,,1214187,2026-05-24 04:35:30.426666
3163,12,280,121148.8,122739.79,119984.8,121070.8,,1805208,2026-05-24 04:35:30.426666
3164,12,281,122248.8,122293.8,119397.8,122023.8,,1514786,2026-05-24 04:35:30.426666
3165,12,282,124129.8,125005.79,123050.8,123527.8,,788957,2026-05-24 04:35:30.430000
3166,12,283,124308.79,125491.79,123449.79,125315.79,,742987,2026-05-24 04:35:30.430000
3167,12,284,125580.79,125580.79,122858.8,123899.8,,1173572,2026-05-24 04:35:30.430000
3168,12,285,123918.8,123918.8,122582.8,123217.8,,1146842,2026-05-24 04:35:30.430000
3169,12,286,123599.8,124599.8,122880.8,123945.8,,1178104,2026-05-24 04:35:30.430000
3170,12,287,123999.79,124749.79,122774.8,122774.8,,867751,2026-05-24 04:35:30.433333
3171,12,288,120675.8,121435.8,119781.8,120844.8,,883947,2026-05-24 04:35:30.433333
3172,12,289,119599.8,120176.8,118616.81,118882.8,,956887,2026-05-24 04:35:30.433333
3173,12,290,118825.8,118951.8,116829.81,117968.8,,1672479,2026-05-24 04:35:30.433333
3174,12,291,119613.8,120244.8,118314.81,119048.8,,764110,2026-05-24 04:35:30.436666
3175,12,292,118076.8,118602.8,117195.81,118074.8,,734549,2026-05-24 04:35:30.436666
3176,12,293,117000.8,117238.8,115277.81,116853.8,,880437,2026-05-24 04:35:30.436666
3177,12,294,118637.8,118820.8,117448.8,117624.8,,1314700,2026-05-24 04:35:30.440000
3178,12,295,118336.81,118802.8,117496.81,118768.8,,1338001,2026-05-24 04:35:30.440000
3179,12,296,118319.8,119300.8,117838.81,118125.8,,920776,2026-05-24 04:35:30.440000
3180,12,297,118314.81,118878.8,117514.81,118878.8,,642908,2026-05-24 04:35:30.440000
3181,12,298,118948.8,119801.8,118128.81,119049.8,,692769,2026-05-24 04:35:30.440000
3182,12,299,120999.8,124007.8,120361.8,123194.8,,677357,2026-05-24 04:35:30.440000
3183,12,300,121949.8,123192.79,121018.8,121148.8,,692889,2026-05-24 04:35:30.443333
3184,12,301,121149.8,122815.79,120454.8,121549.8,,329901,2026-05-24 04:35:30.443333
3185,12,302,121550.0,122289.0,120079.0,121532.0,,627240,2026-05-24 04:35:30.443333
3186,12,303,119990.0,120710.0,118407.0,119640.0,,691280,2026-05-24 04:35:30.443333
3187,12,304,120900.0,120900.0,118698.0,119645.0,,317990,2026-05-24 04:35:30.446666
3188,12,305,118050.0,120185.0,117899.0,120065.0,,483798,2026-05-24 04:35:30.446666
3189,12,306,120700.0,120700.0,118779.0,120200.0,,382022,2026-05-24 04:35:30.446666
3190,12,307,121070.0,122499.0,120889.0,122251.0,,521586,2026-05-24 04:35:30.446666
3191,12,308,120700.0,121390.0,117986.0,118589.0,,527457,2026-05-24 04:35:30.446666
3192,12,309,119450.0,123150.0,119450.0,122429.0,,485324,2026-05-24 04:35:30.450000
3193,12,310,122426.0,122482.0,120812.0,121150.0,,550298,2026-05-24 04:35:30.450000
3194,12,311,121512.0,123190.0,121282.0,121980.0,,498363,2026-05-24 04:35:30.450000
3195,12,312,121893.0,126450.0,121222.0,124091.0,,1262770,2026-05-24 04:35:30.450000
3196,12,313,123000.0,123000.0,118880.0,120300.0,,1221876,2026-05-24 04:35:30.450000
3197,12,314,120300.0,121551.0,117938.0,118730.0,,739481,2026-05-24 04:35:30.453333
3198,12,315,117699.0,117699.0,116047.0,116874.0,,572979,2026-05-24 04:35:30.453333
3199,12,316,118341.0,118341.0,115198.0,116211.0,,669564,2026-05-24 04:35:30.453333
3200,12,317,116593.0,117838.0,114676.0,115249.0,,718558,2026-05-24 04:35:30.453333
3201,12,318,113850.0,113850.0,111413.0,113335.0,,785679,2026-05-24 04:35:30.453333
3202,12,319,116800.0,116857.0,109417.0,111126.0,,1899345,2026-05-24 04:35:30.456666
3203,12,320,111130.0,111467.0,108907.0,109985.0,,865351,2026-05-24 04:35:30.456666
3204,12,321,110821.0,111270.0,109672.0,109740.0,,652169,2026-05-24 04:35:30.456666
3205,12,322,109599.0,109660.0,106767.0,107472.0,,1300957,2026-05-24 04:35:30.456666
3206,12,323,107472.0,108142.0,106069.0,106283.0,,1080611,2026-05-24 04:35:30.460000
3207,12,324,107500.0,107688.0,105397.0,106938.0,,1809403,2026-05-24 04:35:30.460000
3208,12,325,106500.0,106998.0,104363.0,104481.0,,976174,2026-05-24 04:35:30.460000
3209,12,326,104700.0,104700.0,102917.0,103481.0,,937064,2026-05-24 04:35:30.460000
3210,12,327,103002.0,105199.0,103002.0,103753.0,,1099169,2026-05-24 04:35:30.460000
3211,12,328,103501.0,104603.0,103001.0,103343.0,,651185,2026-05-24 04:35:30.460000
3212,12,329,103011.0,103811.0,101947.0,102241.0,,673398,2026-05-24 04:35:30.460000
3213,12,330,102348.0,102859.0,100857.0,101796.0,,779722,2026-05-24 04:35:30.460000
3214,12,331,102001.0,103010.0,101377.0,102319.0,,656985,2026-05-24 04:35:30.463333
3215,12,332,103649.0,105560.0,102701.0,104662.0,,847583,2026-05-24 04:35:30.463333
3216,12,333,105299.0,107629.0,105001.0,106213.0,,1379394,2026-05-24 04:35:30.463333
3217,12,334,104900.0,105773.0,103693.0,104100.0,,1051928,2026-05-24 04:35:30.463333
3218,12,335,103600.0,104569.0,102729.0,102762.0,,1128410,2026-05-24 04:35:30.463333
3219,12,336,102247.0,102449.0,100616.0,102322.0,,3596384,2026-05-24 04:35:30.463333
3220,12,337,103556.0,105344.0,103542.0,105344.0,,4161358,2026-05-24 04:35:30.466666
3221,12,338,105400.0,105400.0,103263.0,103828.0,,317919,2026-05-24 04:35:30.466666
3222,12,339,102098.0,104262.0,102098.0,103440.0,,445505,2026-05-24 04:35:30.466666
3223,12,340,104300.0,105000.0,103262.0,103700.0,,154018,2026-05-24 04:35:30.466666
3224,12,341,103400.0,104003.0,102600.0,103739.0,,521115,2026-05-24 04:35:30.470000
3225,12,342,104500.0,104500.0,103154.0,103810.0,,404032,2026-05-24 04:35:30.470000
3226,12,343,103421.0,104037.0,102352.0,102352.0,,162715,2026-05-24 04:35:30.470000
3227,12,344,105067.0,106998.0,104384.0,105000.0,,538094,2026-05-24 04:35:30.470000
3228,12,345,106900.0,106900.0,103782.0,104136.0,,589864,2026-05-24 04:35:30.470000
3229,12,346,104551.0,106200.0,104550.0,105482.0,,1010683,2026-05-24 04:35:30.470000
3230,12,347,104580.0,106348.0,103401.0,105312.0,,644651,2026-05-24 04:35:30.470000
3231,12,348,104000.0,104827.0,103315.0,103411.0,,473035,2026-05-24 04:35:30.473333
3232,12,349,102300.0,103491.0,101772.0,102495.0,,524635,2026-05-24 04:35:30.473333
3233,12,350,103480.0,105009.0,103196.34,104997.0,,596463,2026-05-24 04:35:30.473333
3234,12,351,105700.0,107149.0,105411.0,106412.0,,656490,2026-05-24 04:35:30.473333
3235,12,352,107200.0,107202.0,105334.0,105525.0,,936925,2026-05-24 04:35:30.473333
3236,12,353,105000.0,105297.0,101085.0,101420.0,,994054,2026-05-24 04:35:30.476666
3237,12,354,101611.0,102833.0,101112.0,101420.0,,822053,2026-05-24 04:35:30.476666
3238,12,355,101150.0,101851.0,99792.0,100047.0,,550792,2026-05-24 04:35:30.476666
3239,12,356,99647.0,99647.0,97291.0,98452.0,,756693,2026-05-24 04:35:30.476666
3240,12,357,98523.0,98906.0,96442.0,97200.0,,1800574,2026-05-24 04:35:30.476666
3241,12,112,97998.0,97998.0,96000.0,96700.0,,1237936,2026-05-24 04:35:30.480000
3242,12,113,96587.0,96587.0,94800.0,95691.0,,1114114,2026-05-24 04:35:30.480000
3243,12,114,97000.0,97000.0,94460.0,94687.0,,975503,2026-05-24 04:35:30.480000
3244,12,115,95137.0,96450.0,94893.0,96155.0,,765174,2026-05-24 04:35:30.480000
3245,12,116,97800.0,97800.0,95701.0,95900.0,,781669,2026-05-24 04:35:30.480000
3246,12,117,95601.0,96084.0,94629.0,94629.0,,776136,2026-05-24 04:35:30.480000
3247,12,118,93700.0,94295.0,92200.0,93017.0,,1352169,2026-05-24 04:35:30.483333
3248,12,119,92000.0,92824.0,89498.0,91700.0,,1244930,2026-05-24 04:35:30.483333
3249,12,120,90340.0,91307.0,89100.0,90051.0,,1231435,2026-05-24 04:35:30.483333
3250,12,121,88480.0,88800.0,85900.0,85900.0,,2363112,2026-05-24 04:35:30.483333
3251,12,122,86500.0,88457.0,86240.0,86995.0,,1500390,2026-05-24 04:35:30.483333
3252,12,123,86500.0,88462.0,86111.0,87612.0,,1347440,2026-05-24 04:35:30.486666
3253,12,124,89150.0,89270.0,87133.0,87500.0,,1491486,2026-05-24 04:35:30.486666
3254,12,125,87000.0,87000.0,84230.0,84912.0,,1579854,2026-05-24 04:35:30.486666
3255,12,126,85000.0,85000.0,83225.0,83633.0,,1567832,2026-05-24 04:35:30.486666
3256,12,127,81880.0,84020.0,81502.0,82338.0,,1476094,2026-05-24 04:35:30.486666
3257,12,128,82000.0,82676.0,80228.0,80800.0,,1416116,2026-05-24 04:35:30.490000
3258,12,129,80800.0,81785.0,80409.0,81222.0,,1579070,2026-05-24 04:35:30.490000
3259,12,93,80400.0,81794.0,80135.0,81500.0,,1537296,2026-05-24 04:35:30.490000
3260,12,74,81900.0,84289.0,81859.0,84225.0,,2343930,2026-05-24 04:35:30.490000
3261,12,53,84680.0,84721.0,83480.0,83903.0,,2741074,2026-05-24 04:35:30.490000
3262,12,54,82700.0,83239.0,82225.0,82880.0,,1425154,2026-05-24 04:35:30.490000
3263,12,3,84900.0,85699.0,83388.0,83968.0,,2968528,2026-05-24 04:35:30.490000
3264,12,4,82725.0,83192.0,82010.0,82984.0,,2604322,2026-05-24 04:35:30.493333
3265,12,5,83399.0,83995.0,82500.0,83500.0,,907695,2026-05-24 04:35:30.493333
3266,12,6,82599.0,82599.0,81323.0,82351.0,,1983009,2026-05-24 04:35:30.493333
3267,12,7,83800.0,83800.0,81794.0,82200.0,,1866119,2026-05-24 04:35:30.493333
3268,12,10,80841.0,81668.0,78953.0,79960.0,,1688614,2026-05-24 04:35:30.493333
3269,12,11,81199.0,126990.38,77875.0,78701.0,,1296660,2026-05-24 04:35:30.493333
3270,12,12,78700.0,80034.0,77828.0,79420.0,,1818902,2026-05-24 04:35:30.496666
3271,12,13,80750.0,80990.0,79113.0,80921.0,,1748470,2026-05-24 04:35:30.496666
3272,12,14,82411.0,82916.0,80545.0,80953.0,,2761598,2026-05-24 04:35:30.496666
3273,12,17,80950.0,82477.0,80284.0,81357.0,,1362156,2026-05-24 04:35:30.496666
3274,12,18,85010.0,89273.0,85010.0,88452.0,,2727872,2026-05-24 04:35:30.496666
3275,12,19,87500.0,88384.0,86805.0,87280.0,,1905050,2026-05-24 04:35:30.500000
3276,12,20,86415.0,88230.0,85807.0,87977.0,,1179665,2026-05-24 04:35:30.500000
3277,12,21,88201.0,91228.0,87754.0,90388.0,,1589000,2026-05-24 04:35:30.500000
3278,12,24,91400.0,92099.0,88759.0,90200.0,,1150361,2026-05-24 04:35:30.500000
3279,12,25,89601.0,91958.0,88950.0,89843.0,,1298511,2026-05-24 04:35:30.500000
3280,12,26,89843.0,91785.0,83200.0,83268.0,,3226702,2026-05-24 04:35:30.500000
3281,12,27,82880.0,83268.0,79165.0,79759.0,,3952361,2026-05-24 04:35:30.500000
3282,12,28,79991.0,80840.0,79195.0,80093.0,,3211522,2026-05-24 04:35:30.500000
3283,12,358,78480.0,81979.0,74214.21,80180.0,,1845687,2026-05-24 04:35:30.503333
3284,12,359,80499.0,81360.0,78095.0,78350.0,,1358041,2026-05-24 04:35:30.503333
3285,12,360,78350.0,81895.0,78350.0,81029.0,,1756018,2026-05-24 04:35:30.503333
3286,12,361,80900.0,80900.0,78932.0,78953.0,,1543623,2026-05-24 04:35:30.503333
3287,12,362,79349.0,79349.0,76362.0,76523.0,,1446599,2026-05-24 04:35:30.503333
3288,12,363,75600.0,77422.0,75155.0,76310.0,,842254,2026-05-24 04:35:30.503333
3289,12,364,76550.0,77297.0,75905.0,76865.0,,1836475,2026-05-24 04:35:30.503333
3290,12,365,79050.0,79731.0,78001.0,78955.0,,1966302,2026-05-24 04:35:30.506666
3291,12,366,77942.0,78655.0,76922.0,78125.0,,806280,2026-05-24 04:35:30.506666
3292,12,367,78800.0,79160.0,77702.0,77702.0,,1170233,2026-05-24 04:35:30.506666
3293,12,368,80097.0,82591.0,79900.0,80808.0,,3016766,2026-05-24 04:35:30.506666
3294,12,369,80521.0,80936.0,79615.0,79945.0,,862506,2026-05-24 04:35:30.510000
3295,12,370,79972.0,81098.0,79602.0,80050.0,,1036883,2026-05-24 04:35:30.510000
3296,12,371,79400.0,80240.0,78201.0,80240.0,,1225193,2026-05-24 04:35:30.510000
3297,12,372,80964.0,81497.0,79854.0,81497.0,,1196797,2026-05-24 04:35:30.510000
3298,12,373,81103.0,82037.0,81059.0,81817.0,,1124151,2026-05-24 04:35:30.510000
3299,12,374,83486.0,83981.0,82191.0,82374.0,,1136395,2026-05-24 04:35:30.510000
3300,12,375,82600.0,86514.0,82423.0,85240.0,,1643087,2026-05-24 04:35:30.510000
3301,12,376,84259.0,85170.0,84027.0,84500.0,,851846,2026-05-24 04:35:30.513333
3302,12,377,85058.0,85094.0,82751.35,83040.0,,1528434,2026-05-24 04:35:30.513333
3303,12,378,82585.0,83041.0,81610.0,81800.0,,1263130,2026-05-24 04:35:30.513333
3304,12,379,81250.0,81352.0,79933.0,80162.0,,656070,2026-05-24 04:35:30.513333
3305,12,380,80163.0,81276.0,79366.0,80903.0,,1619441,2026-05-24 04:35:30.516666
3306,12,381,79200.0,79873.0,78629.0,79190.0,,1430262,2026-05-24 04:35:30.516666
3307,12,382,79255.0,79760.0,78495.0,79760.0,,812404,2026-05-24 04:35:30.516666
3308,12,383,79700.0,80690.0,78389.0,80168.0,,1168845,2026-05-24 04:35:30.516666
3309,12,384,80820.0,81114.0,79131.0,80082.0,,787464,2026-05-24 04:35:30.520000
3310,12,385,79991.0,80942.0,78500.0,79154.0,,1244560,2026-05-24 04:35:30.520000
3311,12,386,78783.0,82153.0,78224.0,81119.0,,1780011,2026-05-24 04:35:30.520000
3312,12,387,81966.0,82320.0,80552.0,80960.0,,1414839,2026-05-24 04:35:30.520000
3313,12,388,80819.0,80819.0,79150.0,79150.0,,780177,2026-05-24 04:35:30.520000
3314,12,389,79519.0,79811.0,78781.0,78938.0,,1155161,2026-05-24 04:35:30.520000
3315,12,390,78300.0,78300.0,72508.0,74764.0,,2895239,2026-05-24 04:35:30.520000
3316,12,391,75120.0,77395.0,72833.0,77254.0,,2353826,2026-05-24 04:35:30.520000
3317,12,392,76250.0,76250.0,74919.0,75243.0,,928171,2026-05-24 04:35:30.523333
3318,12,393,75013.0,76659.0,74553.0,76300.0,,1517905,2026-05-24 04:35:30.523333
3319,12,394,75000.0,76431.0,75000.0,76077.0,,1765694,2026-05-24 04:35:30.523333
3320,12,395,77257.0,79325.0,77257.0,78713.0,,1152838,2026-05-24 04:35:30.523333
3321,12,396,78200.0,79022.0,77107.0,78100.0,,724980,2026-05-24 04:35:30.523333
3322,12,397,76999.0,77553.0,75852.0,76514.0,,1146698,2026-05-24 04:35:30.526666
3323,12,398,77024.0,77143.0,73548.0,74600.0,,1160969,2026-05-24 04:35:30.526666
3324,13,191,44355.32,44840.13,44276.35,44304.34,,577860,2026-05-24 04:35:31.080000
3325,13,192,44161.4,44583.23,44027.45,44363.32,,338928,2026-05-24 04:35:31.080000
3326,13,193,44295.34,44566.23,43974.47,44064.43,,292071,2026-05-24 04:35:31.080000
3327,13,194,44513.26,44513.26,43683.59,43832.53,,244627,2026-05-24 04:35:31.080000
3328,13,195,44426.29,44426.29,43482.67,44007.46,,545430,2026-05-24 04:35:31.083333
3329,13,196,43790.55,44119.41,43516.65,43983.47,,310234,2026-05-24 04:35:31.083333
3330,13,197,43418.69,43518.65,42737.96,43417.69,,231244,2026-05-24 04:35:31.083333
3331,13,198,43982.47,44050.44,43428.69,43831.53,,338208,2026-05-24 04:35:31.086666
3332,13,199,44046.44,44748.16,43831.53,44647.2,,1075373,2026-05-24 04:35:31.086666
3333,13,200,44254.36,44346.32,43949.48,44057.44,,186774,2026-05-24 04:35:31.086666
3334,13,201,44044.44,44286.35,43984.47,44212.38,,439035,2026-05-24 04:35:31.090000
3335,13,202,43982.47,44789.15,43982.47,44683.19,,299383,2026-05-24 04:35:31.090000
3336,13,203,44982.07,45357.92,44907.1,45142.01,,396452,2026-05-24 04:35:31.090000
3337,13,204,44463.27,44514.25,44064.43,44205.38,,228968,2026-05-24 04:35:31.090000
3338,13,205,43852.52,43972.47,43362.72,43384.71,,609045,2026-05-24 04:35:31.093333
3339,13,206,43232.76,43605.61,43050.84,43177.79,,445109,2026-05-24 04:35:31.093333
3340,13,207,43170.79,43291.74,42885.9,43125.81,,491103,2026-05-24 04:35:31.096666
3341,13,208,42519.05,42519.05,42089.22,42249.16,,794342,2026-05-24 04:35:31.096666
3342,13,209,42083.22,42492.06,41594.42,41832.32,,1139793,2026-05-24 04:35:31.096666
3343,13,210,41326.52,41649.39,41218.57,41649.39,,345551,2026-05-24 04:35:31.100000
3344,13,211,42352.11,42516.05,41713.37,42012.25,,372312,2026-05-24 04:35:31.100000
3345,13,212,41619.41,41973.27,41446.48,41446.48,,409449,2026-05-24 04:35:31.100000
3346,13,213,41785.34,42726.96,41594.42,42726.96,,277956,2026-05-24 04:35:31.100000
3347,13,214,43579.63,43762.55,42933.88,43328.73,,347619,2026-05-24 04:35:31.100000
3348,13,215,43104.82,43104.82,42368.11,42676.99,,185517,2026-05-24 04:35:31.103333
3349,13,216,42479.07,42631.01,42213.17,42568.03,,531131,2026-05-24 04:35:31.103333
3350,13,217,43057.84,44251.36,43057.84,44115.41,,418242,2026-05-24 04:35:31.103333
3351,13,218,45009.06,45088.03,44008.46,44146.4,,1450330,2026-05-24 04:35:31.106666
3352,13,219,44066.43,44161.39,43834.52,44082.43,,162868,2026-05-24 04:35:31.106666
3353,13,220,43892.5,44535.25,43892.5,44232.37,,327612,2026-05-24 04:35:31.106666
3354,13,221,44467.27,44601.22,44181.39,44516.25,,362670,2026-05-24 04:35:31.110000
3355,13,222,43994.46,44604.22,43882.51,43910.5,,310920,2026-05-24 04:35:31.110000
3356,13,223,44972.07,46072.63,44972.07,46072.63,,604983,2026-05-24 04:35:31.110000
3357,13,224,46081.63,46299.54,45539.85,46221.57,,406286,2026-05-24 04:35:31.110000
3358,13,225,46523.45,46811.34,46003.66,46101.62,,435974,2026-05-24 04:35:31.113333
3359,13,226,46101.62,46101.62,44787.15,44882.11,,468683,2026-05-24 04:35:31.113333
3360,13,227,45495.87,45694.79,45161.0,45285.95,,233466,2026-05-24 04:35:31.113333
3361,13,228,44832.13,46053.64,44832.13,45936.69,,366635,2026-05-24 04:35:31.116666
3362,13,229,46581.43,46581.43,45515.86,45788.75,,285144,2026-05-24 04:35:31.116666
3363,13,230,46469.48,47513.06,45961.68,47461.08,,619624,2026-05-24 04:35:31.116666
3364,13,231,47980.87,47980.87,47376.11,47770.96,,487743,2026-05-24 04:35:31.120000
3365,13,232,47980.87,48537.65,47836.93,48115.82,,664683,2026-05-24 04:35:31.120000
3366,13,233,48167.8,48216.78,47571.04,47890.91,,579562,2026-05-24 04:35:31.120000
3367,13,234,46783.35,47434.09,46783.35,46937.29,,531955,2026-05-24 04:35:31.120000
3368,13,235,47081.23,47081.23,46234.57,46396.5,,253561,2026-05-24 04:35:31.123333
3369,13,236,47680.0,47680.0,46710.38,46836.33,,683228,2026-05-24 04:35:31.123333
3370,13,237,46706.38,46730.37,45966.67,46372.51,,255377,2026-05-24 04:35:31.123333
3371,13,238,45381.91,45651.8,44747.16,45188.98,,1253338,2026-05-24 04:35:31.126666
3372,13,239,45824.73,46031.65,45480.87,45480.87,,987377,2026-05-24 04:35:31.126666
3373,13,240,45962.68,46159.6,45754.76,45921.69,,498655,2026-05-24 04:35:31.126666
3374,13,241,45949.69,46511.46,45949.69,46041.65,,296142,2026-05-24 04:35:31.130000
3375,13,242,46041.64,46306.54,45738.77,45738.77,,366737,2026-05-24 04:35:31.130000
3376,13,243,45906.7,46533.45,45811.73,45918.69,,646462,2026-05-24 04:35:31.130000
3377,13,244,46381.51,46666.4,46248.56,46661.4,,366129,2026-05-24 04:35:31.130000
3378,13,245,46995.27,47249.16,46648.4,46681.39,,692359,2026-05-24 04:35:31.133333
3379,13,246,47436.09,47741.97,47292.15,47331.13,,409035,2026-05-24 04:35:31.133333
3380,13,247,47680.99,47930.89,47369.11,47596.02,,799834,2026-05-24 04:35:31.133333
3381,13,248,46983.27,47544.04,46983.27,47186.19,,778254,2026-05-24 04:35:31.136666
3382,13,249,47699.99,48157.8,47636.01,47730.97,,749198,2026-05-24 04:35:31.136666
3383,13,250,47481.07,47621.02,47143.21,47181.19,,728871,2026-05-24 04:35:31.140000
3384,13,251,47905.9,48371.72,47191.19,47191.19,,1218978,2026-05-24 04:35:31.140000
3385,13,252,47236.17,47443.09,46700.38,47191.19,,570756,2026-05-24 04:35:31.140000
3386,13,253,47541.05,47807.94,47402.11,47591.03,,466487,2026-05-24 04:35:31.140000
3387,13,254,47812.94,48756.56,47626.01,48606.62,,561564,2026-05-24 04:35:31.143333
3388,13,255,48680.59,49180.39,48680.59,48975.48,,679568,2026-05-24 04:35:31.143333
3389,13,256,49116.42,49198.39,48031.85,48630.61,,1291613,2026-05-24 04:35:31.143333
3390,13,257,49136.41,49394.31,49098.43,49225.38,,476742,2026-05-24 04:35:31.146666
3391,13,258,49480.27,49613.22,49251.37,49365.32,,771283,2026-05-24 04:35:31.146666
3392,13,259,49638.21,49835.13,49160.4,49360.32,,986266,2026-05-24 04:35:31.146666
3393,13,260,48331.73,49130.41,48331.73,48785.55,,494757,2026-05-24 04:35:31.146666
3394,13,261,49263.36,49263.36,48486.67,48821.54,,1246172,2026-05-24 04:35:31.150000
3395,13,262,48027.26,48377.19,47686.32,48047.25,,494000,2026-05-24 04:35:31.150000
3396,13,263,48343.2,48686.14,47872.29,47872.29,,814926,2026-05-24 04:35:31.150000
3397,13,264,48018.26,48408.19,47547.81,47571.34,,737230,2026-05-24 04:35:31.153333
3398,13,265,47491.36,47743.31,47191.41,47306.39,,393733,2026-05-24 04:35:31.153333
3399,13,266,47353.38,47582.34,46451.55,46985.45,,1729744,2026-05-24 04:35:31.153333
3400,13,267,46786.49,46929.46,46190.59,46190.59,,738415,2026-05-24 04:35:31.156666
3401,13,268,46191.59,46771.49,46127.6,46658.51,,288753,2026-05-24 04:35:31.156666
3402,13,269,47138.42,47553.35,46900.46,46900.46,,360409,2026-05-24 04:35:31.156666
3403,13,270,46586.52,47088.43,46443.55,46801.48,,371084,2026-05-24 04:35:31.160000
3404,13,271,47135.42,47588.34,46712.5,46825.48,,886348,2026-05-24 04:35:31.160000
3405,13,272,46446.55,46556.53,46097.61,46293.57,,996715,2026-05-24 04:35:31.160000
3406,13,273,46188.59,46353.56,45364.74,45364.74,,1944399,2026-05-24 04:35:31.160000
3407,13,274,45031.8,45284.76,44907.83,45041.8,,1720970,2026-05-24 04:35:31.163333
3408,13,275,45437.73,45986.63,45351.74,45860.65,,748554,2026-05-24 04:35:31.163333
3409,13,276,45511.71,46199.59,45511.71,46004.63,,798205,2026-05-24 04:35:31.163333
3410,13,277,47372.38,48510.17,47356.38,48218.22,,2361555,2026-05-24 04:35:31.166666
3411,13,278,48045.25,48045.25,47440.36,47509.35,,309699,2026-05-24 04:35:31.166666
3412,13,279,47417.37,48786.12,47308.39,48786.12,,506143,2026-05-24 04:35:31.166666
3413,13,280,48584.16,48643.15,46282.58,47654.33,,1195099,2026-05-24 04:35:31.170000
3414,13,281,47261.4,48497.17,46971.45,48091.25,,653914,2026-05-24 04:35:31.170000
3415,13,282,48490.17,48490.17,47065.43,47065.43,,552374,2026-05-24 04:35:31.170000
3416,13,283,47438.36,48367.2,47438.36,48367.2,,375544,2026-05-24 04:35:31.170000
3417,13,284,47791.3,48371.19,47654.32,48345.2,,420901,2026-05-24 04:35:31.173333
3418,13,285,47791.3,48108.24,47415.37,47981.27,,439891,2026-05-24 04:35:31.173333
3419,13,286,47664.33,48391.19,47545.35,48207.23,,462850,2026-05-24 04:35:31.173333
3420,13,287,48574.16,49587.98,48356.2,48428.19,,637845,2026-05-24 04:35:31.176666
3421,13,288,47891.28,48312.21,47633.33,48035.26,,650572,2026-05-24 04:35:31.176666
3422,13,289,47691.32,48587.16,47641.27,48371.2,,668777,2026-05-24 04:35:31.176666
3423,13,290,47872.29,49073.07,47729.31,48875.11,,1115344,2026-05-24 04:35:31.180000
3424,13,291,49037.08,49614.97,49035.08,49177.05,,711333,2026-05-24 04:35:31.180000
3425,13,292,49141.06,49750.95,48723.13,49021.08,,1285092,2026-05-24 04:35:31.180000
3426,13,293,48692.14,49072.07,48392.19,48394.19,,785637,2026-05-24 04:35:31.183333
3427,13,294,48530.17,49174.49,48306.21,48976.09,,813316,2026-05-24 04:35:31.183333
3428,13,295,49306.02,49490.99,48575.16,48906.1,,687825,2026-05-24 04:35:31.183333
3429,13,296,48891.1,49606.97,48237.22,48349.2,,766330,2026-05-24 04:35:31.186666
3430,13,297,48413.19,48871.11,48413.19,48504.17,,260544,2026-05-24 04:35:31.186666
3431,13,298,48403.19,48516.17,47836.29,47836.29,,242294,2026-05-24 04:35:31.186666
3432,13,299,49022.08,49315.02,48451.18,48611.15,,1085895,2026-05-24 04:35:31.190000
3433,13,300,48611.15,49008.08,48407.19,49008.08,,618121,2026-05-24 04:35:31.190000
3434,13,301,49007.08,50490.81,49007.08,50034.89,,470725,2026-05-24 04:35:31.190000
3435,13,302,50490.81,50490.81,48850.11,49179.05,,328138,2026-05-24 04:35:31.190000
3436,13,303,49179.05,49949.91,48610.15,49326.02,,326465,2026-05-24 04:35:31.193333
3437,13,304,49293.03,49385.01,48310.21,48456.18,,385808,2026-05-24 04:35:31.193333
3438,13,305,48590.15,48590.15,47270.4,47746.31,,752293,2026-05-24 04:35:31.193333
3439,13,306,48671.14,48671.14,47381.38,48134.24,,410113,2026-05-24 04:35:31.196666
3440,13,307,48252.22,48810.12,48017.26,48263.21,,614036,2026-05-24 04:35:31.196666
3441,13,308,48681.14,48681.14,46604.52,47197.41,,1682601,2026-05-24 04:35:31.196666
3442,13,309,47613.33,48082.25,47426.37,47426.37,,1469294,2026-05-24 04:35:31.200000
3443,13,310,46591.52,47869.29,46591.52,47731.31,,1021604,2026-05-24 04:35:31.200000
3444,13,311,47241.4,48248.22,47241.4,48107.25,,477390,2026-05-24 04:35:31.200000
3445,13,312,48231.22,48425.19,47965.27,48181.23,,593205,2026-05-24 04:35:31.200000
3446,13,313,47910.28,47910.28,46237.59,46941.46,,847611,2026-05-24 04:35:31.203333
3447,13,314,46941.46,47313.39,46794.48,47031.44,,722976,2026-05-24 04:35:31.203333
3448,13,315,46181.59,46224.59,44993.81,46056.62,,1442780,2026-05-24 04:35:31.203333
3449,13,316,46158.6,46245.58,45492.72,46066.62,,398339,2026-05-24 04:35:31.206666
3450,13,317,46191.59,46981.45,45689.69,46021.63,,1821046,2026-05-24 04:35:31.206666
3451,13,318,45261.76,45696.68,44586.89,45696.68,,756455,2026-05-24 04:35:31.206666
3452,13,319,45861.65,45952.64,45002.81,45631.7,,781316,2026-05-24 04:35:31.210000
3453,13,320,45589.7,46231.59,45495.72,46151.6,,441336,2026-05-24 04:35:31.210000
3454,13,321,46491.54,46814.48,46128.61,46669.51,,610174,2026-05-24 04:35:31.210000
3455,13,322,46981.45,46981.45,46045.62,46091.61,,1327391,2026-05-24 04:35:31.210000
3456,13,323,46991.45,46991.45,46242.58,46458.54,,1892423,2026-05-24 04:35:31.213333
3457,13,324,46668.51,47432.37,46335.57,47432.37,,1133985,2026-05-24 04:35:31.213333
3458,13,325,47451.36,47933.27,47121.42,47615.33,,669104,2026-05-24 04:35:31.213333
3459,13,326,48001.27,49058.07,47991.27,48943.09,,495018,2026-05-24 04:35:31.216666
3460,13,327,49860.92,50235.86,48956.09,49141.05,,569232,2026-05-24 04:35:31.216666
3461,13,328,49690.95,50610.79,49690.95,50340.84,,275955,2026-05-24 04:35:31.220000
3462,13,329,50460.82,50460.82,49669.96,49735.95,,395576,2026-05-24 04:35:31.220000
3463,13,330,49650.96,50031.89,49404.01,49730.95,,403736,2026-05-24 04:35:31.220000
3464,13,331,49845.93,51490.63,49845.93,51298.66,,395776,2026-05-24 04:35:31.220000
3465,13,332,50600.79,51429.64,50444.82,51331.66,,394417,2026-05-24 04:35:31.223333
3466,13,333,51040.71,51651.6,50777.76,51188.68,,359685,2026-05-24 04:35:31.223333
3467,13,334,50369.83,50369.83,49367.01,49467.0,,387628,2026-05-24 04:35:31.223333
3468,13,335,49051.07,49674.96,49038.08,49542.98,,475928,2026-05-24 04:35:31.226666
3469,13,336,49481.99,50056.89,49443.0,49795.94,,1611290,2026-05-24 04:35:31.226666
3470,13,337,49506.99,49722.95,49307.02,49571.98,,1797027,2026-05-24 04:35:31.226666
3471,13,338,49487.99,50763.76,49487.99,50763.76,,751151,2026-05-24 04:35:31.230000
3472,13,339,50380.83,51291.67,50380.83,51039.71,,401150,2026-05-24 04:35:31.230000
3473,13,340,51039.71,51422.64,50987.72,50987.72,,58424,2026-05-24 04:35:31.230000
3474,13,341,50800.75,51651.6,50648.78,50704.77,,425471,2026-05-24 04:35:31.230000
3475,13,342,50864.74,51404.64,50692.77,51005.71,,219083,2026-05-24 04:35:31.233333
3476,13,343,50010.9,51489.63,50010.9,50702.77,,52815,2026-05-24 04:35:31.233333
3477,13,344,51265.67,51265.67,50497.81,50952.73,,100180,2026-05-24 04:35:31.233333
3478,13,345,50701.77,51616.61,50699.77,51616.61,,182438,2026-05-24 04:35:31.236666
3479,13,346,51609.6,52774.39,51600.61,52658.41,,520660,2026-05-24 04:35:31.236666
3480,13,347,52490.45,53189.32,52065.53,52290.48,,914866,2026-05-24 04:35:31.236666
3481,13,348,52317.48,52647.42,51630.6,51630.6,,816354,2026-05-24 04:35:31.240000
3482,13,349,52491.45,53190.32,50743.77,51149.69,,839654,2026-05-24 04:35:31.240000
3483,13,350,51999.54,51999.54,50842.75,51571.61,,384320,2026-05-24 04:35:31.240000
3484,13,351,52760.4,52930.37,51892.55,52490.45,,340261,2026-05-24 04:35:31.240000
3485,13,352,52437.46,53368.29,52384.47,53255.31,,1319637,2026-05-24 04:35:31.243333
3486,13,353,53500.26,54376.1,53456.27,53865.2,,538021,2026-05-24 04:35:31.243333
3487,13,354,53684.23,53684.23,52688.41,53139.33,,550754,2026-05-24 04:35:31.243333
3488,13,355,53490.27,53540.26,52938.37,53318.3,,321814,2026-05-24 04:35:31.246666
3489,13,356,53145.33,53145.33,52043.53,52214.5,,511255,2026-05-24 04:35:31.246666
3490,13,357,53161.32,54316.11,53136.33,53870.2,,333558,2026-05-24 04:35:31.246666
3491,13,112,53770.21,53770.21,52218.5,52520.44,,883687,2026-05-24 04:35:31.250000
3492,13,113,53061.34,54235.13,53000.36,54050.16,,532247,2026-05-24 04:35:31.250000
3493,13,114,54490.08,55178.96,53990.17,55009.99,,721605,2026-05-24 04:35:31.250000
3494,13,115,54988.99,55553.89,54421.09,54941.0,,823046,2026-05-24 04:35:31.250000
3495,13,116,55230.95,56223.77,55230.95,56005.8,,648476,2026-05-24 04:35:31.253333
3496,13,117,57308.57,58490.35,56949.63,57728.49,,2807176,2026-05-24 04:35:31.253333
3497,13,118,55857.83,56465.72,55118.97,56087.79,,723707,2026-05-24 04:35:31.253333
3498,13,119,54530.08,56099.79,54290.12,55349.93,,926339,2026-05-24 04:35:31.256666
3499,13,120,56859.65,57788.48,55581.88,57384.55,,1549628,2026-05-24 04:35:31.256666
3500,13,121,58059.43,59859.1,58031.08,58239.4,,1210207,2026-05-24 04:35:31.260000
3501,13,122,56800.66,57153.6,55958.82,56495.72,,763093,2026-05-24 04:35:31.260000
3502,13,123,55488.9,55834.84,54952.0,55435.91,,453269,2026-05-24 04:35:31.260000
3503,13,124,55988.81,56670.68,55324.93,56503.71,,340707,2026-05-24 04:35:31.260000
3504,13,125,56884.65,57582.52,56092.79,57271.58,,411354,2026-05-24 04:35:31.260000
3505,13,126,57169.59,59313.2,57169.59,58847.29,,599481,2026-05-24 04:35:31.263333
3506,13,127,58713.31,59854.11,58713.31,58853.29,,339683,2026-05-24 04:35:31.263333
3507,13,128,57996.44,58282.39,56419.73,57514.53,,553107,2026-05-24 04:35:31.263333
3508,13,129,57161.6,57812.48,56731.68,57543.53,,505750,2026-05-24 04:35:31.263333
3509,13,93,59157.23,60815.93,57733.49,57733.49,,702176,2026-05-24 04:35:31.266666
3510,13,74,58399.37,59960.09,58399.37,59693.14,,1105452,2026-05-24 04:35:31.266666
3511,13,53,59789.12,60782.94,58744.31,58989.26,,1503892,2026-05-24 04:35:31.266666
3512,13,54,60239.04,60868.92,59851.11,60389.01,,719598,2026-05-24 04:35:31.266666
3513,13,3,60672.96,62291.66,60525.13,61908.73,,963606,2026-05-24 04:35:31.270000
3514,13,4,61672.78,63159.51,61512.8,62972.54,,464280,2026-05-24 04:35:31.270000
3515,13,5,63217.49,65231.13,63217.49,64495.26,,559436,2026-05-24 04:35:31.270000
3516,13,6,64989.17,65088.15,63788.39,63788.39,,494540,2026-05-24 04:35:31.270000
3517,13,7,64776.21,65938.0,64776.21,65212.13,,587280,2026-05-24 04:35:31.270000
3518,13,10,66261.94,67773.66,65221.13,65588.06,,801951,2026-05-24 04:35:31.273333
3519,13,11,65235.13,65414.1,63404.46,63878.38,,1003617,2026-05-24 04:35:31.273333
3520,13,12,62647.0,64417.0,62647.0,62712.0,,469844,2026-05-24 04:35:31.273333
3521,13,13,63340.0,64031.0,61289.0,61934.0,,322711,2026-05-24 04:35:31.276666
3522,13,14,61842.0,61892.0,59913.0,60131.0,,656374,2026-05-24 04:35:31.276666
3523,13,17,59100.0,59281.0,57602.0,58226.0,,420947,2026-05-24 04:35:31.276666
3524,13,18,58990.0,60461.0,58751.0,60336.0,,453937,2026-05-24 04:35:31.276666
3525,13,19,60336.0,60393.0,59600.0,60012.0,,472977,2026-05-24 04:35:31.280000
3526,13,20,60499.0,60872.0,59150.0,59150.0,,555628,2026-05-24 04:35:31.280000
3527,13,21,59000.0,59291.0,58122.0,58122.0,,523530,2026-05-24 04:35:31.280000
3528,13,24,58000.0,59084.0,57663.0,58338.0,,694001,2026-05-24 04:35:31.280000
3529,13,25,58350.0,59235.0,58194.0,58966.0,,693499,2026-05-24 04:35:31.280000
3530,13,26,58860.0,59492.0,57973.0,58304.0,,714854,2026-05-24 04:35:31.280000
3531,13,27,57700.0,57700.0,55226.0,56048.0,,1920209,2026-05-24 04:35:31.283333
3532,13,28,56000.0,57097.0,55236.0,55236.0,,2088141,2026-05-24 04:35:31.283333
3533,13,358,55008.0,57451.0,54425.0,57194.0,,1120954,2026-05-24 04:35:31.283333
3534,13,359,56737.0,58389.0,56737.0,58182.0,,666101,2026-05-24 04:35:31.283333
3535,13,360,58608.0,59939.0,58608.0,59582.0,,869551,2026-05-24 04:35:31.286666
3536,13,361,59300.0,59481.0,58307.0,58428.0,,335788,2026-05-24 04:35:31.286666
3537,13,362,59337.0,59589.0,58448.0,59562.0,,448349,2026-05-24 04:35:31.286666
3538,13,363,60000.0,60800.0,59473.0,60300.0,,379421,2026-05-24 04:35:31.286666
3539,13,364,59500.0,61000.0,59500.0,60600.0,,633495,2026-05-24 04:35:31.290000
3540,13,365,61828.0,62209.0,61533.0,61938.0,,479251,2026-05-24 04:35:31.290000
3541,13,366,60300.0,62068.0,59792.0,61488.0,,348949,2026-05-24 04:35:31.290000
3542,13,367,61361.0,62047.0,61196.0,61600.0,,388759,2026-05-24 04:35:31.290000
3543,13,368,62980.0,64290.0,62837.0,63040.0,,493934,2026-05-24 04:35:31.293333
3544,13,369,63072.0,63763.0,62659.0,62970.0,,179228,2026-05-24 04:35:31.293333
3545,13,370,63000.0,64166.0,62355.0,63624.0,,240822,2026-05-24 04:35:31.293333
3546,13,371,63194.0,64223.0,63044.0,64021.0,,136592,2026-05-24 04:35:31.293333
3547,13,372,64813.0,65082.0,64403.0,64503.0,,310527,2026-05-24 04:35:31.296666
3548,13,373,65500.0,65592.0,64671.0,64779.0,,217785,2026-05-24 04:35:31.296666
3549,13,374,65537.0,65826.0,65124.0,65124.0,,133784,2026-05-24 04:35:31.296666
3550,13,375,65500.0,65794.0,64660.0,65237.0,,454034,2026-05-24 04:35:31.296666
3551,13,376,65237.0,65479.0,64655.0,64784.0,,144962,2026-05-24 04:35:31.300000
3552,13,377,65371.0,65371.0,64463.0,64463.0,,210459,2026-05-24 04:35:31.300000
3553,13,378,65998.0,66104.0,65455.0,65649.0,,808383,2026-05-24 04:35:31.300000
3554,13,379,66100.0,66628.0,65049.0,66238.0,,279855,2026-05-24 04:35:31.300000
3555,13,380,66377.0,66619.0,65910.0,66129.0,,178993,2026-05-24 04:35:31.300000
3556,13,381,66129.0,66542.0,64423.0,64641.0,,340292,2026-05-24 04:35:31.303333
3557,13,382,64525.0,65593.0,64525.0,65039.0,,359833,2026-05-24 04:35:31.303333
3558,13,383,65650.0,66112.0,64520.0,65737.0,,293196,2026-05-24 04:35:31.303333
3559,13,384,64260.0,66323.0,64260.0,65321.0,,210533,2026-05-24 04:35:31.306666
3560,13,385,65933.0,66177.0,65262.0,65686.0,,177233,2026-05-24 04:35:31.306666
3561,13,386,66590.0,68672.0,66590.0,68436.0,,342897,2026-05-24 04:35:31.306666
3562,13,387,68801.0,69525.0,68801.0,69069.0,,218553,2026-05-24 04:35:31.306666
3563,13,388,68934.0,69361.0,68401.0,69174.0,,342276,2026-05-24 04:35:31.310000
3564,13,389,68873.0,71799.0,68873.0,71400.0,,575103,2026-05-24 04:35:31.310000
3565,13,390,70914.0,72172.0,70873.0,71566.0,,468461,2026-05-24 04:35:31.310000
3566,13,391,73053.0,74716.0,72705.0,74492.0,,627052,2026-05-24 04:35:31.310000
3567,13,392,73408.0,74686.0,73070.0,73070.0,,198114,2026-05-24 04:35:31.310000
3568,13,393,72400.0,72400.0,70175.0,70413.0,,698656,2026-05-24 04:35:31.313333
3569,13,394,70000.0,70790.0,69630.0,70145.0,,371863,2026-05-24 04:35:31.313333
3570,13,395,69200.0,69400.0,67821.0,68066.0,,302485,2026-05-24 04:35:31.313333
3571,13,396,68290.0,68649.0,68000.0,68136.0,,245404,2026-05-24 04:35:31.313333
3572,13,397,69062.0,69682.0,68581.0,69174.0,,469318,2026-05-24 04:35:31.316666
3573,13,398,69995.0,70261.0,68649.0,69132.0,,391135,2026-05-24 04:35:31.316666
3574,14,191,13494.41,13764.28,13419.45,13458.43,,879959,2026-05-24 04:35:32.640000
3575,14,192,13473.42,13582.37,13368.48,13498.41,,1699260,2026-05-24 04:35:32.640000
3576,14,193,13492.42,13580.37,13350.48,13413.45,,1301930,2026-05-24 04:35:32.640000
3577,14,194,13563.38,13846.24,13467.43,13842.24,,1387274,2026-05-24 04:35:32.643333
3578,14,195,13717.31,13948.19,13671.33,13770.28,,4003948,2026-05-24 04:35:32.643333
3579,14,196,13770.28,13914.21,13593.37,13704.31,,1325448,2026-05-24 04:35:32.643333
3580,14,197,13351.48,13873.23,13351.48,13537.39,,1610557,2026-05-24 04:35:32.646666
3581,14,198,13393.46,13842.24,13393.46,13581.37,,1622335,2026-05-24 04:35:32.646666
3582,14,199,13792.27,13792.27,13525.4,13681.32,,1717461,2026-05-24 04:35:32.646666
3583,14,200,13793.27,13793.27,13496.41,13621.35,,1072428,2026-05-24 04:35:32.650000
3584,14,201,13629.35,13720.3,13412.45,13558.38,,1010636,2026-05-24 04:35:32.650000
3585,14,202,13558.38,13693.32,13494.41,13655.34,,1448047,2026-05-24 04:35:32.650000
3586,14,203,13469.43,13660.33,13400.46,13531.4,,1071396,2026-05-24 04:35:32.650000
3587,14,204,13631.35,13686.32,13439.44,13664.33,,1096758,2026-05-24 04:35:32.650000
3588,14,205,13573.38,13703.31,13429.45,13502.41,,2219320,2026-05-24 04:35:32.653333
3589,14,206,13285.52,13583.37,13106.6,13200.56,,2733543,2026-05-24 04:35:32.653333
3590,14,207,12751.01,12891.98,12486.08,12891.98,,2025793,2026-05-24 04:35:32.653333
3591,14,208,12697.03,12999.96,12669.03,12999.96,,3039541,2026-05-24 04:35:32.653333
3592,14,209,12993.96,13168.92,12832.99,13099.93,,6941684,2026-05-24 04:35:32.656666
3593,14,210,13023.95,13146.92,12850.99,13067.94,,1253877,2026-05-24 04:35:32.656666
3594,14,211,13067.94,13419.86,13067.94,13357.87,,1437035,2026-05-24 04:35:32.656666
3595,14,212,12846.99,13665.8,12846.99,13541.83,,1884685,2026-05-24 04:35:32.660000
3596,14,213,13531.83,13611.81,13296.89,13519.83,,2027378,2026-05-24 04:35:32.660000
3597,14,214,13051.94,13772.77,13051.94,13656.8,,1521964,2026-05-24 04:35:32.660000
3598,14,215,13656.8,13796.77,13495.84,13666.8,,2205558,2026-05-24 04:35:32.660000
3599,14,216,13511.84,13980.73,13511.84,13980.73,,1652998,2026-05-24 04:35:32.660000
3600,14,217,13780.77,14095.7,13707.79,13828.76,,1866349,2026-05-24 04:35:32.663333
3601,14,218,13728.78,13928.74,13728.78,13899.74,,839601,2026-05-24 04:35:32.663333
3602,14,219,13899.74,13936.74,13691.79,13877.75,,496718,2026-05-24 04:35:32.663333
3603,14,220,13597.82,13920.74,13597.82,13829.76,,769484,2026-05-24 04:35:32.666666
3604,14,221,13796.77,14123.69,13779.77,14048.71,,1160698,2026-05-24 04:35:32.666666
3605,14,222,13901.74,14262.66,13901.74,14053.71,,980711,2026-05-24 04:35:32.666666
3606,14,223,13916.74,14087.7,13916.74,14024.71,,809763,2026-05-24 04:35:32.666666
3607,14,224,13940.73,14192.68,13725.79,13859.75,,1554525,2026-05-24 04:35:32.670000
3608,14,225,13756.78,14052.71,13754.78,13930.74,,1038656,2026-05-24 04:35:32.670000
3609,14,226,13749.78,13978.73,13681.8,13696.79,,1130760,2026-05-24 04:35:32.670000
3610,14,227,13696.79,14023.71,13594.82,14023.71,,824450,2026-05-24 04:35:32.670000
3611,14,228,14031.71,14266.66,13979.73,14050.71,,731606,2026-05-24 04:35:32.670000
3612,14,229,14056.71,14315.65,14053.71,14283.65,,983344,2026-05-24 04:35:32.673333
3613,14,230,14396.63,14434.62,14231.67,14337.64,,882049,2026-05-24 04:35:32.673333
3614,14,231,14346.64,14635.57,14268.66,14366.63,,1355127,2026-05-24 04:35:32.673333
3615,14,232,14396.63,14691.56,13380.87,13380.87,,3142935,2026-05-24 04:35:32.676666
3616,14,233,13596.82,13714.79,13358.87,13557.82,,1268060,2026-05-24 04:35:32.676666
3617,14,234,13557.82,13793.77,13476.84,13608.81,,1109817,2026-05-24 04:35:32.676666
3618,14,235,13608.81,13718.79,13520.83,13628.81,,946733,2026-05-24 04:35:32.680000
3619,14,236,13675.8,13927.74,13630.81,13891.75,,1708904,2026-05-24 04:35:32.680000
3620,14,237,13929.74,14041.71,13696.79,13980.73,,1078162,2026-05-24 04:35:32.680000
3621,14,238,13880.75,14740.55,13727.78,13904.74,,2021401,2026-05-24 04:35:32.680000
3622,14,239,13797.77,13845.76,13522.83,13678.8,,936727,2026-05-24 04:35:32.680000
3623,14,240,13796.77,13796.77,13604.81,13712.79,,817570,2026-05-24 04:35:32.683333
3624,14,241,13518.83,13885.75,13472.84,13506.84,,1295390,2026-05-24 04:35:32.683333
3625,14,242,13446.85,13796.77,13446.85,13706.79,,922544,2026-05-24 04:35:32.683333
3626,14,243,13706.79,14000.72,13625.81,13903.74,,1424422,2026-05-24 04:35:32.683333
3627,14,244,13987.72,13987.72,13623.81,13742.78,,830632,2026-05-24 04:35:32.686666
3628,14,245,14024.71,14024.71,13471.84,13607.81,,1282044,2026-05-24 04:35:32.686666
3629,14,246,13746.78,13932.74,13604.81,13895.75,,877071,2026-05-24 04:35:32.686666
3630,14,247,13796.77,14151.69,13796.77,14151.69,,1012172,2026-05-24 04:35:32.686666
3631,14,248,14151.69,14596.58,14050.71,14447.62,,1347894,2026-05-24 04:35:32.690000
3632,14,249,14586.58,14586.58,14294.65,14346.64,,823681,2026-05-24 04:35:32.690000
3633,14,250,14294.65,14421.62,14076.7,14128.69,,769632,2026-05-24 04:35:32.690000
3634,14,251,14246.66,14246.66,14064.71,14104.7,,551043,2026-05-24 04:35:32.690000
3635,14,252,14004.72,14369.63,14004.72,14148.69,,999419,2026-05-24 04:35:32.690000
3636,14,253,14251.66,14479.61,14159.68,14296.65,,876966,2026-05-24 04:35:32.693333
3637,14,254,14317.65,14690.56,14317.65,14613.58,,763504,2026-05-24 04:35:32.693333
3638,14,255,14551.59,14659.57,14360.64,14378.63,,588639,2026-05-24 04:35:32.693333
3639,14,256,14106.7,14374.63,14025.71,14241.66,,1662730,2026-05-24 04:35:32.693333
3640,14,257,14096.7,14474.61,14043.71,14139.69,,759226,2026-05-24 04:35:32.696666
3641,14,258,14327.64,14469.61,14226.67,14367.63,,845401,2026-05-24 04:35:32.696666
3642,14,259,14251.66,14493.61,14120.69,14213.67,,1244945,2026-05-24 04:35:32.696666
3643,14,260,14162.68,14386.63,13996.72,14038.71,,876163,2026-05-24 04:35:32.696666
3644,14,261,14179.68,14179.68,13813.76,13884.75,,1150565,2026-05-24 04:35:32.700000
3645,14,262,13996.72,14046.71,13581.82,13673.8,,1394483,2026-05-24 04:35:32.700000
3646,14,263,13626.81,13808.77,13583.82,13585.82,,1353949,2026-05-24 04:35:32.700000
3647,14,264,13985.72,13985.72,13624.81,13795.77,,1162813,2026-05-24 04:35:32.700000
3648,14,265,13794.77,13907.74,13673.8,13694.79,,1032386,2026-05-24 04:35:32.700000
3649,14,266,13884.75,13884.75,13600.81,13670.8,,1877070,2026-05-24 04:35:32.703333
3650,14,267,13701.79,13821.76,13564.82,13734.78,,921434,2026-05-24 04:35:32.703333
3651,14,268,13696.79,13769.77,13514.83,13569.82,,1286425,2026-05-24 04:35:32.703333
3652,14,269,13496.84,13596.81,13235.9,13351.87,,2090394,2026-05-24 04:35:32.703333
3653,14,270,13296.89,13458.85,13296.89,13442.85,,1409211,2026-05-24 04:35:32.706666
3654,14,271,13311.88,13484.84,13202.91,13448.85,,1985400,2026-05-24 04:35:32.706666
3655,14,272,13237.9,13569.82,13237.9,13525.83,,869528,2026-05-24 04:35:32.706666
3656,14,273,13425.85,13578.82,13311.88,13435.85,,3994080,2026-05-24 04:35:32.710000
3657,14,274,13318.88,13442.85,12896.98,13270.89,,3715324,2026-05-24 04:35:32.710000
3658,14,275,13270.89,13336.88,13055.94,13336.88,,1083619,2026-05-24 04:35:32.710000
3659,14,276,13246.9,13415.86,13235.9,13239.9,,1056688,2026-05-24 04:35:32.710000
3660,14,277,13201.91,13201.91,12828.0,13099.93,,2939990,2026-05-24 04:35:32.710000
3661,14,278,13216.9,13288.89,12968.96,13286.89,,774979,2026-05-24 04:35:32.713333
3662,14,279,13056.94,13273.89,13056.94,13172.91,,1068673,2026-05-24 04:35:32.713333
3663,14,280,13146.92,13325.88,13088.93,13325.88,,1377357,2026-05-24 04:35:32.713333
3664,14,281,13529.83,13529.83,13209.91,13432.85,,1126450,2026-05-24 04:35:32.713333
3665,14,282,13490.84,13560.82,13278.89,13335.88,,1103868,2026-05-24 04:35:32.716666
3666,14,283,13419.86,13496.84,13270.89,13496.84,,679021,2026-05-24 04:35:32.716666
3667,14,284,13496.84,13502.84,13096.93,13298.88,,1026781,2026-05-24 04:35:32.716666
3668,14,285,13243.9,13385.86,13243.9,13347.87,,1218851,2026-05-24 04:35:32.716666
3669,14,286,13486.84,13559.82,13262.89,13556.82,,820023,2026-05-24 04:35:32.720000
3670,14,287,13243.9,13638.81,13243.9,13603.81,,584526,2026-05-24 04:35:32.720000
3671,14,288,13496.84,13889.75,13477.84,13757.78,,1115487,2026-05-24 04:35:32.720000
3672,14,289,13335.88,13879.75,13335.88,13819.76,,1290169,2026-05-24 04:35:32.720000
3673,14,290,13701.79,13701.79,13079.94,13240.9,,2310136,2026-05-24 04:35:32.720000
3674,14,291,13240.9,13486.84,13221.9,13480.84,,2250399,2026-05-24 04:35:32.720000
3675,14,292,13480.84,13549.83,13319.88,13450.85,,933197,2026-05-24 04:35:32.723333
3676,14,293,13396.86,13573.82,13292.89,13483.84,,1103196,2026-05-24 04:35:32.723333
3677,14,294,13483.84,13728.78,13483.84,13628.81,,1183866,2026-05-24 04:35:32.723333
3678,14,295,13407.86,13806.77,13407.86,13696.79,,1404035,2026-05-24 04:35:32.723333
3679,14,296,13676.8,13917.74,13676.8,13788.77,,1248853,2026-05-24 04:35:32.726666
3680,14,297,13746.78,13775.77,13473.84,13725.79,,838602,2026-05-24 04:35:32.726666
3681,14,298,13646.8,13940.73,13454.85,13666.8,,984356,2026-05-24 04:35:32.726666
3682,14,299,13504.84,13758.78,13470.84,13626.81,,892713,2026-05-24 04:35:32.730000
3683,14,300,13646.8,13970.73,13636.81,13952.73,,1421442,2026-05-24 04:35:32.730000
3684,14,301,13971.73,14126.69,13784.77,14045.71,,865729,2026-05-24 04:35:32.730000
3685,14,302,14146.69,14146.69,13746.78,13896.75,,1942127,2026-05-24 04:35:32.730000
3686,14,303,14147.69,14446.62,13955.73,14000.72,,1494692,2026-05-24 04:35:32.730000
3687,14,304,13996.72,14169.68,13887.75,13901.74,,893575,2026-05-24 04:35:32.730000
3688,14,305,13896.74,13984.72,13420.86,13540.83,,2487832,2026-05-24 04:35:32.733333
3689,14,306,14096.7,14096.7,13346.87,13573.82,,1887077,2026-05-24 04:35:32.733333
3690,14,307,14046.71,14134.69,13645.8,13775.77,,2502893,2026-05-24 04:35:32.733333
3691,14,308,13896.74,13896.74,13496.84,13615.81,,1519599,2026-05-24 04:35:32.733333
3692,14,309,13796.77,13841.76,13432.85,13629.81,,1704418,2026-05-24 04:35:32.736666
3693,14,310,13626.81,14208.67,13582.82,13947.73,,1749457,2026-05-24 04:35:32.736666
3694,14,311,14095.7,14095.7,13709.79,13840.76,,1906303,2026-05-24 04:35:32.736666
3695,14,312,13861.75,14208.67,13817.76,13996.72,,1422754,2026-05-24 04:35:32.736666
3696,14,313,14095.7,14154.68,13781.77,13935.74,,1335214,2026-05-24 04:35:32.736666
3697,14,314,14186.68,14201.67,13964.73,14014.72,,1022178,2026-05-24 04:35:32.740000
3698,14,315,14146.69,14147.69,13816.76,14009.72,,1005344,2026-05-24 04:35:32.740000
3699,14,316,13915.74,14204.67,13915.74,14049.71,,952583,2026-05-24 04:35:32.740000
3700,14,317,13917.74,14315.65,13917.74,14072.7,,1195372,2026-05-24 04:35:32.740000
3701,14,318,14069.7,14072.7,13599.81,13767.78,,1010204,2026-05-24 04:35:32.740000
3702,14,319,14284.65,14284.65,13709.79,13964.73,,2799217,2026-05-24 04:35:32.743333
3703,14,320,14236.66,14236.66,13831.76,14089.7,,1011731,2026-05-24 04:35:32.743333
3704,14,321,14000.0,14138.0,13739.0,13742.0,,780233,2026-05-24 04:35:32.743333
3705,14,322,13700.0,13955.0,13548.0,13614.0,,635998,2026-05-24 04:35:32.743333
3706,14,323,13949.0,13949.0,13403.0,13418.0,,1096734,2026-05-24 04:35:32.746666
3707,14,324,13400.0,13550.0,13131.0,13423.0,,673248,2026-05-24 04:35:32.746666
3708,14,325,13749.0,13749.0,13262.0,13513.0,,866537,2026-05-24 04:35:32.746666
3709,14,326,13313.0,13545.0,13313.0,13340.0,,1864150,2026-05-24 04:35:32.746666
3710,14,327,13384.0,13427.0,12923.0,13238.0,,1573039,2026-05-24 04:35:32.750000
3711,14,328,13400.0,13414.0,13210.0,13401.0,,2339341,2026-05-24 04:35:32.750000
3712,14,329,13400.0,13458.0,13303.0,13375.0,,1590887,2026-05-24 04:35:32.750000
3713,14,330,13350.0,13537.0,13350.0,13500.0,,865320,2026-05-24 04:35:32.750000
3714,14,331,13300.0,13526.0,13232.0,13355.0,,706862,2026-05-24 04:35:32.753333
3715,14,332,13240.0,13534.0,13240.0,13437.0,,985023,2026-05-24 04:35:32.753333
3716,14,333,13437.0,13571.0,13274.0,13328.0,,1030203,2026-05-24 04:35:32.753333
3717,14,334,13328.0,13434.0,13161.0,13350.0,,1165196,2026-05-24 04:35:32.753333
3718,14,335,13330.0,13700.0,13241.0,13654.0,,1898534,2026-05-24 04:35:32.756666
3719,14,336,13617.0,13898.0,13484.0,13594.0,,4745375,2026-05-24 04:35:32.756666
3720,14,337,13661.0,13661.0,13242.0,13657.0,,3307148,2026-05-24 04:35:32.756666
3721,14,338,13155.0,13656.0,13155.0,13630.0,,710231,2026-05-24 04:35:32.760000
3722,14,339,13829.0,13883.0,13610.0,13883.0,,732564,2026-05-24 04:35:32.760000
3723,14,340,13250.0,13956.0,13250.0,13829.0,,488041,2026-05-24 04:35:32.760000
3724,14,341,13670.0,14057.0,13657.0,14046.0,,539982,2026-05-24 04:35:32.760000
3725,14,342,13938.0,14235.0,13938.0,14110.0,,601417,2026-05-24 04:35:32.760000
3726,14,343,13905.0,14183.0,13905.0,14131.0,,513351,2026-05-24 04:35:32.763333
3727,14,344,14170.0,14211.0,13892.0,14110.0,,484764,2026-05-24 04:35:32.763333
3728,14,345,13905.0,14184.0,13837.0,14067.0,,767858,2026-05-24 04:35:32.766666
3729,14,346,13500.0,14776.0,13500.0,14635.0,,1762954,2026-05-24 04:35:32.766666
3730,14,347,14635.0,14650.0,14311.0,14400.0,,1492427,2026-05-24 04:35:32.766666
3731,14,348,14283.0,14600.0,14279.0,14553.0,,863005,2026-05-24 04:35:32.766666
3732,14,349,14353.0,14573.0,14353.0,14448.0,,787144,2026-05-24 04:35:32.770000
3733,14,350,14800.0,14800.0,14320.0,14424.0,,634960,2026-05-24 04:35:32.770000
3734,14,351,14629.0,14629.0,14170.0,14296.0,,932130,2026-05-24 04:35:32.770000
3735,14,352,14345.0,14345.0,14042.0,14164.0,,761905,2026-05-24 04:35:32.770000
3736,14,353,14600.0,14600.0,14101.0,14307.0,,1156346,2026-05-24 04:35:32.770000
3737,14,354,14000.0,14374.0,14000.0,14341.0,,1139292,2026-05-24 04:35:32.773333
3738,14,355,14340.0,14485.0,14179.0,14290.0,,1066830,2026-05-24 04:35:32.773333
3739,14,356,14499.0,14499.0,14179.0,14370.0,,1277429,2026-05-24 04:35:32.773333
3740,14,357,14500.0,14531.0,14225.0,14460.0,,1068905,2026-05-24 04:35:32.776666
3741,14,112,14460.0,14957.0,14392.0,14816.0,,2404882,2026-05-24 04:35:32.776666
3742,14,113,14563.0,14871.0,14563.0,14701.0,,1683967,2026-05-24 04:35:32.776666
3743,14,114,15000.0,15276.0,14564.0,15161.0,,1955537,2026-05-24 04:35:32.780000
3744,14,115,15392.0,15392.0,15004.0,15160.0,,1689303,2026-05-24 04:35:32.780000
3745,14,116,15450.0,15450.0,14625.0,14872.0,,2131447,2026-05-24 04:35:32.780000
3746,14,117,14730.0,15026.0,14628.0,14984.0,,2607055,2026-05-24 04:35:32.780000
3747,14,118,14730.0,15330.0,14730.0,15056.0,,2673026,2026-05-24 04:35:32.780000
3748,14,119,15066.0,15560.0,14652.0,15340.0,,1713954,2026-05-24 04:35:32.783333
3749,14,120,15340.0,15731.0,15217.0,15568.0,,1918726,2026-05-24 04:35:32.783333
3750,14,121,15102.0,15610.0,15102.0,15456.0,,1420457,2026-05-24 04:35:32.783333
3751,14,122,15550.0,15641.0,15160.0,15232.0,,1342741,2026-05-24 04:35:32.783333
3752,14,123,15185.0,15517.0,15171.0,15395.0,,871693,2026-05-24 04:35:32.786666
3753,14,124,15500.0,15550.0,15267.0,15536.0,,1103614,2026-05-24 04:35:32.786666
3754,14,125,15650.0,15795.0,15433.0,15576.0,,1143624,2026-05-24 04:35:32.786666
3755,14,126,15576.0,15688.0,15425.0,15499.0,,1182419,2026-05-24 04:35:32.786666
3756,14,127,15800.0,15800.0,15471.0,15653.0,,1718211,2026-05-24 04:35:32.790000
3757,14,128,15671.0,15671.0,15475.0,15562.0,,1293100,2026-05-24 04:35:32.790000
3758,14,129,15457.0,15824.0,15457.0,15769.0,,550019,2026-05-24 04:35:32.790000
3759,14,93,15611.0,15930.0,15611.0,15759.0,,597816,2026-05-24 04:35:32.790000
3760,14,74,15834.0,16165.0,15793.0,15993.0,,1509429,2026-05-24 04:35:32.793333
3761,14,53,16000.0,16000.0,15621.0,15785.0,,1292618,2026-05-24 04:35:32.793333
3762,14,54,15648.0,15954.0,15648.0,15909.0,,1402043,2026-05-24 04:35:32.793333
3763,14,3,15980.0,16247.0,15894.0,15953.0,,1728752,2026-05-24 04:35:32.793333
3764,14,4,16035.0,16300.0,15815.0,16219.0,,1339485,2026-05-24 04:35:32.796666
3765,14,5,16060.0,16300.0,16016.0,16300.0,,1651559,2026-05-24 04:35:32.796666
3766,14,6,16350.0,16350.0,15963.0,16060.0,,1212977,2026-05-24 04:35:32.796666
3767,14,7,16248.0,16295.0,15895.0,16274.0,,3195725,2026-05-24 04:35:32.796666
3768,14,10,16246.0,16398.0,15812.0,16398.0,,977469,2026-05-24 04:35:32.800000
3769,14,11,16356.0,16497.0,15731.0,15864.0,,1910080,2026-05-24 04:35:32.800000
3770,14,12,15944.0,16030.0,15691.0,15982.0,,1481251,2026-05-24 04:35:32.800000
3771,14,13,16150.0,16150.0,15802.0,15917.0,,1658967,2026-05-24 04:35:32.800000
3772,14,14,15818.0,16030.0,15435.0,15534.0,,2238142,2026-05-24 04:35:32.800000
3773,14,17,15445.0,15445.0,14983.0,15199.0,,2646128,2026-05-24 04:35:32.803333
3774,14,18,15227.0,15307.0,14952.0,15151.0,,2531595,2026-05-24 04:35:32.803333
3775,14,19,15051.0,15312.0,14602.0,14884.0,,2821869,2026-05-24 04:35:32.803333
3776,14,20,14900.0,14900.0,14558.0,14767.0,,2352730,2026-05-24 04:35:32.806666
3777,14,21,14551.0,14784.0,14443.0,14601.0,,1886027,2026-05-24 04:35:32.806666
3778,14,24,14600.0,15079.0,14600.0,15020.0,,2643625,2026-05-24 04:35:32.806666
3779,14,25,14924.0,14941.0,14640.0,14938.0,,3190858,2026-05-24 04:35:32.806666
3780,14,26,15020.0,15224.0,14669.0,14798.0,,3002339,2026-05-24 04:35:32.810000
3781,14,27,14680.0,14757.0,14062.0,14586.0,,7384953,2026-05-24 04:35:32.810000
3782,14,28,14051.0,14825.0,14051.0,14388.0,,5302484,2026-05-24 04:35:32.810000
3783,14,358,14300.0,14467.0,13952.0,14283.0,,2941239,2026-05-24 04:35:32.810000
3784,14,359,14275.0,14731.0,14147.0,14731.0,,2895633,2026-05-24 04:35:32.813333
3785,14,360,14753.0,15033.0,14705.0,14948.0,,1785938,2026-05-24 04:35:32.813333
3786,14,361,15070.0,15100.0,14855.0,15007.0,,1211718,2026-05-24 04:35:32.813333
3787,14,362,15071.0,15071.0,14568.0,14686.0,,1436177,2026-05-24 04:35:32.813333
3788,14,363,15273.0,15273.0,14400.0,14400.0,,2101148,2026-05-24 04:35:32.816666
3789,14,364,14398.0,14756.0,14298.0,14432.0,,3007868,2026-05-24 04:35:32.816666
3790,14,365,14651.0,14944.0,14230.0,14486.0,,2344466,2026-05-24 04:35:32.816666
3791,14,366,14500.0,14501.0,13918.0,14411.0,,2207166,2026-05-24 04:35:32.816666
3792,14,367,14300.0,14380.0,14001.0,14380.0,,2252570,2026-05-24 04:35:32.820000
3793,14,368,14655.0,15064.0,14380.0,14920.0,,2126819,2026-05-24 04:35:32.820000
3794,14,369,14920.0,14946.0,14633.0,14921.0,,2548781,2026-05-24 04:35:32.820000
3795,14,370,14840.0,14915.0,14641.0,14718.0,,1549962,2026-05-24 04:35:32.820000
3796,14,371,14513.0,14697.0,14345.0,14439.0,,2617178,2026-05-24 04:35:32.820000
3797,14,372,14310.0,14537.0,14242.0,14537.0,,2251626,2026-05-24 04:35:32.823333
3798,14,373,14938.0,14938.0,14348.0,14531.0,,2385195,2026-05-24 04:35:32.823333
3799,14,374,14679.0,14679.0,14328.0,14545.0,,2058364,2026-05-24 04:35:32.823333
3800,14,375,14560.0,14637.0,14214.0,14364.0,,2629174,2026-05-24 04:35:32.826666
3801,14,376,14200.0,14494.0,14173.0,14400.0,,1665917,2026-05-24 04:35:32.826666
3802,14,377,14400.0,14650.0,14371.0,14650.0,,1310675,2026-05-24 04:35:32.826666
3803,14,378,14794.0,14794.0,14400.0,14454.0,,1372544,2026-05-24 04:35:32.826666
3804,14,379,14250.0,14614.0,14187.0,14500.0,,1883130,2026-05-24 04:35:32.830000
3805,14,380,14509.0,14639.0,14372.0,14571.0,,1571882,2026-05-24 04:35:32.830000
3806,14,381,14280.0,14592.0,14280.0,14401.0,,2482922,2026-05-24 04:35:32.830000
3807,14,382,14400.0,14542.0,14116.0,14129.0,,1357323,2026-05-24 04:35:32.830000
3808,14,383,14161.0,14248.0,13967.0,14131.0,,3146374,2026-05-24 04:35:32.830000
3809,14,384,13901.0,14266.0,13901.0,14157.0,,2030568,2026-05-24 04:35:32.833333
3810,14,385,14400.0,15169.0,14400.0,14905.0,,2295396,2026-05-24 04:35:32.833333
3811,14,386,15189.0,15504.0,15008.0,15311.0,,2680610,2026-05-24 04:35:32.833333
3812,14,387,15311.0,15333.0,14717.0,14765.0,,2079822,2026-05-24 04:35:32.836666
3813,14,388,14772.0,14772.0,14519.0,14616.0,,1362756,2026-05-24 04:35:32.836666
3814,14,389,14750.0,15321.0,14620.0,15275.0,,1756982,2026-05-24 04:35:32.836666
3815,14,390,15500.0,15590.0,15112.0,15590.0,,1838561,2026-05-24 04:35:32.836666
3816,14,391,15600.0,15862.0,15186.0,15404.0,,1572831,2026-05-24 04:35:32.840000
3817,14,392,15500.0,15980.0,15472.0,15626.0,,2409772,2026-05-24 04:35:32.840000
3818,14,393,15900.0,15900.0,15307.0,15395.0,,1831911,2026-05-24 04:35:32.840000
3819,14,394,15393.0,15400.0,15063.0,15128.0,,1555225,2026-05-24 04:35:32.840000
3820,14,395,15133.0,15274.0,15063.0,15202.0,,1734348,2026-05-24 04:35:32.840000
3821,14,396,15224.0,15394.0,15128.0,15300.0,,1863098,2026-05-24 04:35:32.843333
3822,14,397,15250.0,15398.0,15199.0,15264.0,,1872376,2026-05-24 04:35:32.843333
3823,14,398,15431.0,15544.0,15061.0,15168.0,,1557440,2026-05-24 04:35:32.843333
