IndicatorID,CompanyID,DateID,SMA20,SMA50,SMA200,RSI14,MACDLine,MACDSignal,MACDHistogram,Volatility,CreatedAt
1,1,130,,,,,0.0,0.0,0.0,,2026-05-24 03:42:00.883333
2,1,131,,,,,-135.71,-27.14,-108.57,,2026-05-24 03:42:00.936666
3,1,132,,,,,-249.98,-71.71,-178.27,,2026-05-24 03:42:00.940000
4,1,133,,,,,-289.62,-115.29,-174.33,,2026-05-24 03:42:00.940000
5,1,134,,,,,-354.93,-163.22,-191.71,,2026-05-24 03:42:00.940000
6,1,135,,,,,-449.56,-220.49,-229.07,,2026-05-24 03:42:00.943333
7,1,136,,,,,-351.27,-246.64,-104.63,,2026-05-24 03:42:00.943333
8,1,137,,,,,-397.98,-276.91,-121.07,,2026-05-24 03:42:00.946666
9,1,138,,,,,-306.32,-282.79,-23.53,,2026-05-24 03:42:00.946666
10,1,139,,,,,-156.3,-257.49,101.2,,2026-05-24 03:42:00.946666
11,1,140,,,,,-152.15,-236.43,84.28,,2026-05-24 03:42:00.950000
12,1,141,,,,,-333.92,-255.92,-78.0,,2026-05-24 03:42:00.950000
13,1,142,,,,,-515.57,-307.85,-207.72,,2026-05-24 03:42:00.953333
14,1,143,,,,36.99,-652.35,-376.75,-275.6,,2026-05-24 03:42:01.010000
15,1,144,,,,39.23,-710.84,-443.57,-267.27,,2026-05-24 03:42:01.010000
16,1,145,,,,47.94,-679.88,-490.83,-189.05,,2026-05-24 03:42:01.013333
17,1,146,,,,50.01,-612.35,-515.14,-97.22,,2026-05-24 03:42:01.013333
18,1,147,,,,49.03,-526.83,-517.47,-9.36,,2026-05-24 03:42:01.016666
19,1,148,,,,51.3,-442.3,-502.44,60.14,,2026-05-24 03:42:01.016666
20,1,149,54134.75,,,53.72,-370.24,-476.0,105.76,,2026-05-24 03:42:01.020000
21,1,150,54020.78,,,41.08,-384.29,-457.66,73.37,,2026-05-24 03:42:01.023333
22,1,151,54083.68,,,55.71,-244.45,-415.02,170.56,,2026-05-24 03:42:01.026666
23,1,152,54144.42,,,48.31,-145.05,-361.02,215.98,,2026-05-24 03:42:01.026666
24,1,153,54096.4,,,37.09,-191.98,-327.21,135.23,,2026-05-24 03:42:01.030000
25,1,154,54003.11,,,37.32,-336.34,-329.04,-7.3,,2026-05-24 03:42:01.030000
26,1,155,53840.18,,,38.55,-604.23,-384.08,-220.15,,2026-05-24 03:42:01.033333
27,1,156,53552.39,,,39.05,-839.14,-475.09,-364.05,,2026-05-24 03:42:01.036666
28,1,157,53409.32,,,45.71,-910.43,-562.16,-348.28,,2026-05-24 03:42:01.036666
29,1,158,53055.91,,,35.04,-1167.78,-683.28,-484.5,,2026-05-24 03:42:01.040000
30,1,159,52454.37,,,23.58,-1677.26,-882.08,-795.18,,2026-05-24 03:42:01.056666
31,1,160,51972.25,,,25.73,-1981.95,-1102.05,-879.9,,2026-05-24 03:42:01.060000
32,1,161,51606.06,,,24.33,-2199.89,-1321.62,-878.27,,2026-05-24 03:42:01.060000
33,1,162,51198.53,,,21.95,-2454.56,-1548.21,-906.35,,2026-05-24 03:42:01.060000
34,1,163,50966.22,,,34.28,-2346.91,-1707.95,-638.96,,2026-05-24 03:42:01.063333
35,1,164,50731.89,,,37.21,-2197.78,-1805.92,-391.87,,2026-05-24 03:42:01.063333
36,1,165,50493.83,,,34.01,-1993.18,-1843.37,-149.81,,2026-05-24 03:42:01.066666
37,1,166,50303.3,,,38.49,-1698.82,-1814.46,115.64,,2026-05-24 03:42:01.066666
38,1,167,50039.93,,,39.3,-1539.4,-1759.45,220.05,,2026-05-24 03:42:01.070000
39,1,168,49768.65,,,41.97,-1398.05,-1687.17,289.11,,2026-05-24 03:42:01.070000
40,1,169,49547.15,,,49.43,-1191.17,-1587.97,396.8,,2026-05-24 03:42:01.073333
41,1,170,49452.39,,,54.4,-888.01,-1447.98,559.97,,2026-05-24 03:42:01.073333
42,1,171,49322.26,,,54.03,-550.36,-1268.45,718.09,,2026-05-24 03:42:01.076666
43,1,172,49188.29,,,61.43,-298.6,-1074.48,775.88,,2026-05-24 03:42:01.080000
44,1,173,49117.86,,,77.8,-123.05,-884.2,761.15,,2026-05-24 03:42:01.080000
45,1,174,48978.39,,,62.84,-204.03,-748.16,544.13,,2026-05-24 03:42:01.086666
46,1,175,49040.07,,,67.18,-102.85,-619.1,516.25,,2026-05-24 03:42:01.090000
47,1,176,49077.27,,,69.04,-93.37,-513.96,420.59,,2026-05-24 03:42:01.090000
48,1,177,49000.65,,,57.09,-163.28,-443.82,280.54,,2026-05-24 03:42:01.090000
49,1,178,49052.15,,,55.3,-223.65,-399.79,176.14,,2026-05-24 03:42:01.093333
50,1,179,49260.24,51634.99,,49.46,-339.74,-387.78,48.03,,2026-05-24 03:42:01.133333
51,1,180,49452.35,51503.85,,46.62,-376.96,-385.62,8.65,,2026-05-24 03:42:01.136666
52,1,181,49745.79,51446.82,,57.58,-241.95,-356.88,114.93,,2026-05-24 03:42:01.136666
53,1,182,50216.65,51435.81,,63.16,40.65,-277.38,318.02,,2026-05-24 03:42:01.136666
54,1,183,50466.56,51394.62,,57.45,188.28,-184.24,372.53,,2026-05-24 03:42:01.140000
55,1,184,50598.46,51325.19,,47.05,151.58,-117.08,268.66,,2026-05-24 03:42:01.140000
56,1,185,50607.31,51234.17,,39.13,-12.52,-96.17,83.65,,2026-05-24 03:42:01.140000
57,1,186,50541.7,51099.33,,39.46,-148.39,-106.61,-41.78,,2026-05-24 03:42:01.140000
58,1,187,50568.88,51010.92,,42.62,-195.68,-124.43,-71.25,,2026-05-24 03:42:01.140000
59,1,188,50641.07,50909.23,,53.22,-159.77,-131.49,-28.28,,2026-05-24 03:42:01.140000
60,1,189,50650.16,50783.68,,45.5,-150.28,-135.25,-15.03,,2026-05-24 03:42:01.140000
61,1,190,50675.97,50725.64,,55.13,13.02,-105.6,118.61,,2026-05-24 03:42:01.143333
62,1,191,50721.28,50744.81,,62.93,261.95,-32.09,294.04,,2026-05-24 03:42:01.143333
63,1,192,50729.53,50755.16,,59.56,375.82,49.49,326.33,,2026-05-24 03:42:01.143333
64,1,193,50730.27,50756.3,,61.14,423.67,124.33,299.34,,2026-05-24 03:42:01.146666
65,1,194,50854.17,50741.22,,58.47,432.88,186.04,246.84,,2026-05-24 03:42:01.146666
66,1,195,50920.27,50726.5,,55.29,505.27,249.89,255.38,,2026-05-24 03:42:01.146666
67,1,196,51083.22,50723.82,,51.54,639.78,327.87,311.92,,2026-05-24 03:42:01.146666
68,1,197,51234.02,50690.19,,50.4,640.08,390.31,249.77,,2026-05-24 03:42:01.150000
69,1,198,51420.23,50665.97,,60.37,682.08,448.66,233.42,,2026-05-24 03:42:01.150000
70,1,199,51752.42,50682.06,,74.38,868.75,532.68,336.07,,2026-05-24 03:42:01.150000
71,1,200,51955.05,50677.56,,64.98,848.27,595.8,252.47,,2026-05-24 03:42:01.153333
72,1,201,52022.28,50622.26,,60.18,766.4,629.92,136.48,,2026-05-24 03:42:01.153333
73,1,202,51981.01,50570.44,,57.68,694.48,642.83,51.65,,2026-05-24 03:42:01.153333
74,1,203,51941.28,50532.58,,55.18,559.38,626.14,-66.76,,2026-05-24 03:42:01.153333
75,1,204,51974.02,50513.55,,46.71,412.54,583.42,-170.88,,2026-05-24 03:42:01.156666
76,1,205,52063.75,50523.59,,37.93,250.12,516.76,-266.64,,2026-05-24 03:42:01.156666
77,1,206,52173.91,50547.94,,42.9,145.14,442.44,-297.3,,2026-05-24 03:42:01.156666
78,1,207,52220.49,50535.39,,42.58,17.28,357.41,-340.12,,2026-05-24 03:42:01.160000
79,1,208,52165.79,50553.18,,39.67,-173.94,251.14,-425.08,,2026-05-24 03:42:01.160000
80,1,209,52101.41,50642.49,,33.71,-357.68,129.37,-487.05,,2026-05-24 03:42:01.160000
81,1,210,51936.92,50711.51,,27.15,-503.14,2.87,-506.01,,2026-05-24 03:42:01.163333
82,1,211,51740.25,50798.48,,36.32,-541.57,-106.02,-435.55,,2026-05-24 03:42:01.163333
83,1,212,51553.58,50897.18,,30.04,-627.73,-210.36,-417.37,,2026-05-24 03:42:01.163333
84,1,213,51567.4,50996.77,,38.71,-405.3,-249.35,-155.95,,2026-05-24 03:42:01.166666
85,1,214,51581.31,51080.99,,44.83,-249.7,-249.42,-0.28,,2026-05-24 03:42:01.166666
86,1,215,51570.64,51157.22,,49.98,-94.07,-218.35,124.27,,2026-05-24 03:42:01.170000
87,1,216,51490.74,51198.79,,48.33,2.04,-174.27,176.31,,2026-05-24 03:42:01.170000
88,1,217,51595.74,51312.52,,62.34,274.52,-84.51,359.03,,2026-05-24 03:42:01.170000
89,1,218,51615.69,51404.79,,59.17,398.24,12.04,386.2,,2026-05-24 03:42:01.170000
90,1,219,51511.59,51467.84,,59.54,454.25,100.48,353.77,,2026-05-24 03:42:01.173333
91,1,220,51495.14,51494.66,,57.53,475.97,175.58,300.39,,2026-05-24 03:42:01.173333
92,1,221,51558.39,51516.71,,62.88,558.56,252.17,306.39,,2026-05-24 03:42:01.173333
93,1,222,51551.99,51515.93,,61.73,506.74,303.09,203.65,,2026-05-24 03:42:01.173333
94,1,223,51686.54,51560.05,,68.64,614.4,365.35,249.05,,2026-05-24 03:42:01.173333
95,1,224,51841.28,51658.71,,68.82,689.35,430.15,259.2,,2026-05-24 03:42:01.176666
96,1,225,51987.63,51702.62,,63.61,684.14,480.95,203.19,,2026-05-24 03:42:01.176666
97,1,226,52084.88,51750.98,,64.11,619.06,508.57,110.49,,2026-05-24 03:42:01.176666
98,1,227,52208.22,51818.42,,52.23,558.7,518.6,40.1,,2026-05-24 03:42:01.176666
99,1,228,52384.12,51885.97,,53.23,498.02,514.48,-16.46,,2026-05-24 03:42:01.176666
100,1,229,52604.12,51980.04,,53.43,479.27,507.44,-28.17,,2026-05-24 03:42:01.180000
101,1,230,52914.86,52096.52,,61.62,598.31,525.61,72.7,,2026-05-24 03:42:01.180000
102,1,231,53208.95,52183.75,,54.35,728.0,566.09,161.91,,2026-05-24 03:42:01.180000
103,1,232,53573.44,52239.89,,63.36,871.4,627.15,244.25,,2026-05-24 03:42:01.180000
104,1,233,53744.99,52308.14,,64.3,948.78,691.48,257.3,,2026-05-24 03:42:01.180000
105,1,234,53877.18,52392.48,,58.97,912.51,735.68,176.83,,2026-05-24 03:42:01.180000
106,1,235,53940.68,52490.57,,50.0,794.97,747.54,47.43,,2026-05-24 03:42:01.183333
107,1,236,53990.03,52578.13,,53.88,644.36,726.9,-82.54,,2026-05-24 03:42:01.183333
108,1,237,53904.03,52646.58,,41.33,500.27,681.58,-181.3,,2026-05-24 03:42:01.183333
109,1,238,53777.59,52659.4,,33.59,230.52,591.37,-360.85,,2026-05-24 03:42:01.186666
110,1,239,53593.64,52645.23,,30.8,-111.57,450.78,-562.35,,2026-05-24 03:42:01.186666
111,1,240,53412.7,52589.35,,32.33,-390.51,282.52,-673.04,,2026-05-24 03:42:01.186666
112,1,241,53200.8,52508.52,,34.15,-582.99,109.42,-692.41,,2026-05-24 03:42:01.186666
113,1,242,53090.45,52460.29,,38.25,-675.3,-47.53,-627.78,,2026-05-24 03:42:01.190000
114,1,243,52907.21,52430.82,,38.48,-702.2,-178.46,-523.74,,2026-05-24 03:42:01.190000
115,1,244,52765.71,52423.33,,32.84,-651.05,-272.98,-378.07,,2026-05-24 03:42:01.190000
116,1,245,52646.16,52392.98,,28.33,-624.62,-343.31,-281.31,,2026-05-24 03:42:01.190000
117,1,246,52577.67,52348.76,,26.3,-568.56,-388.36,-180.2,,2026-05-24 03:42:01.190000
118,1,247,52496.32,52323.34,,26.38,-540.97,-418.88,-122.09,,2026-05-24 03:42:01.190000
119,1,248,52389.37,52273.62,,27.75,-561.05,-447.31,-113.73,,2026-05-24 03:42:01.193333
120,1,249,52302.62,52200.12,,37.46,-503.7,-458.59,-45.11,,2026-05-24 03:42:01.193333
121,1,250,52090.63,52150.75,,36.89,-513.65,-469.6,-44.05,,2026-05-24 03:42:01.193333
122,1,251,51866.78,52121.55,,39.9,-491.27,-473.94,-17.33,,2026-05-24 03:42:01.193333
123,1,252,51616.1,52093.93,,50.78,-460.85,-471.32,10.47,,2026-05-24 03:42:01.193333
124,1,253,51408.62,52095.08,,67.76,-387.9,-454.63,66.74,,2026-05-24 03:42:01.193333
125,1,254,51275.49,52113.06,,71.29,-293.77,-422.46,128.69,,2026-05-24 03:42:01.196666
126,1,255,51156.4,52127.63,,63.09,-272.99,-392.57,119.57,,2026-05-24 03:42:01.196666
127,1,256,51131.22,52161.05,,66.01,-153.25,-344.7,191.45,,2026-05-24 03:42:01.196666
128,1,257,51115.28,52204.5,,63.35,-61.68,-288.1,226.42,,2026-05-24 03:42:01.196666
129,1,258,51264.84,52299.02,,66.18,123.64,-205.75,329.4,,2026-05-24 03:42:01.196666
130,1,259,51503.46,52406.04,,69.18,281.39,-108.32,389.72,,2026-05-24 03:42:01.200000
131,1,260,51722.47,52503.57,,63.09,358.3,-15.0,373.3,,2026-05-24 03:42:01.200000
132,1,261,51885.13,52566.47,,58.89,346.19,57.24,288.95,,2026-05-24 03:42:01.200000
133,1,262,52081.54,52671.48,,68.57,438.46,133.48,304.97,,2026-05-24 03:42:01.200000
134,1,263,52230.6,52696.1,,61.98,467.93,200.37,267.56,,2026-05-24 03:42:01.200000
135,1,264,52356.51,52733.41,,69.05,512.98,262.89,250.08,,2026-05-24 03:42:01.200000
136,1,265,52494.97,52762.71,,67.79,541.39,318.59,222.79,,2026-05-24 03:42:01.203333
137,1,266,52858.69,52895.94,,79.62,945.09,443.89,501.2,,2026-05-24 03:42:01.203333
138,1,267,53312.3,53009.97,,81.03,1371.22,629.36,741.86,,2026-05-24 03:42:01.203333
139,1,268,53765.01,53133.35,,76.94,1640.16,831.52,808.64,,2026-05-24 03:42:01.203333
140,1,269,54214.83,53281.42,,82.03,1894.24,1044.06,850.18,,2026-05-24 03:42:01.203333
141,1,270,54705.69,53434.96,,80.37,2076.59,1250.57,826.02,,2026-05-24 03:42:01.203333
142,1,271,55202.95,53579.37,,81.31,2230.33,1446.52,783.81,,2026-05-24 03:42:01.206666
143,1,272,55636.7,53727.82,,72.02,2231.31,1603.48,627.83,,2026-05-24 03:42:01.206666
144,1,273,56027.55,53831.48,,69.98,2182.08,1719.2,462.88,,2026-05-24 03:42:01.206666
145,1,274,56394.65,53934.41,,72.59,2113.3,1798.02,315.28,,2026-05-24 03:42:01.206666
146,1,275,56803.5,54053.98,,78.02,2045.62,1847.54,198.08,,2026-05-24 03:42:01.206666
147,1,276,57142.25,54184.0,,74.32,1957.79,1869.59,88.2,,2026-05-24 03:42:01.206666
148,1,277,57616.35,54367.75,,82.22,2078.63,1911.4,167.23,,2026-05-24 03:42:01.210000
149,1,278,58031.95,54558.15,,82.09,2169.16,1962.95,206.21,,2026-05-24 03:42:01.210000
150,1,279,58515.9,54770.76,,84.06,2338.37,2038.03,300.34,,2026-05-24 03:42:01.210000
151,1,280,59063.15,54962.89,,77.72,2501.81,2130.79,371.02,,2026-05-24 03:42:01.210000
152,1,281,59655.6,55145.13,,74.06,2605.19,2225.67,379.52,,2026-05-24 03:42:01.210000
153,1,282,60153.2,55303.38,,74.45,2610.86,2302.71,308.15,,2026-05-24 03:42:01.210000
154,1,283,60718.7,55485.59,,74.75,2656.06,2373.38,282.69,,2026-05-24 03:42:01.210000
155,1,284,61291.4,55699.09,,75.89,2699.99,2438.7,261.29,,2026-05-24 03:42:01.210000
156,1,285,61862.05,55931.26,,74.28,2699.32,2490.82,208.5,,2026-05-24 03:42:01.213333
157,1,286,62231.15,56192.39,,86.82,2734.09,2539.48,194.61,,2026-05-24 03:42:01.213333
158,1,287,62579.1,56479.99,,91.16,2817.04,2594.99,222.05,,2026-05-24 03:42:01.213333
159,1,288,62964.4,56808.08,,91.92,2860.22,2648.04,212.19,,2026-05-24 03:42:01.213333
160,1,289,63374.9,57193.92,,92.79,2963.72,2711.17,252.55,,2026-05-24 03:42:01.213333
161,1,290,63711.35,57554.43,,82.89,2897.77,2748.49,149.27,,2026-05-24 03:42:01.216666
162,1,291,64069.5,57926.85,,79.88,2882.23,2775.24,106.99,,2026-05-24 03:42:01.216666
163,1,292,64467.95,58278.82,,76.5,2807.45,2781.68,25.77,,2026-05-24 03:42:01.216666
164,1,293,64813.55,58594.02,,62.6,2607.99,2746.94,-138.96,,2026-05-24 03:42:01.220000
165,1,294,65169.85,58896.07,,60.35,2433.72,2684.3,-250.58,,2026-05-24 03:42:01.220000
166,1,295,65473.45,59184.89,,54.81,2195.65,2586.57,-390.91,,2026-05-24 03:42:01.220000
167,1,296,65782.9,59466.1,,57.84,1981.96,2465.65,-483.68,,2026-05-24 03:42:01.220000
168,1,297,66007.45,59772.2,,58.15,1868.46,2346.21,-477.75,,2026-05-24 03:42:01.220000
169,1,298,66143.3,60059.72,,48.22,1636.26,2204.22,-567.96,,2026-05-24 03:42:01.220000
170,1,299,66200.1,60329.75,,48.28,1432.59,2049.89,-617.31,,2026-05-24 03:42:01.220000
171,1,300,66266.0,60633.04,,48.63,1328.72,1905.66,-576.94,,2026-05-24 03:42:01.223333
172,1,301,66368.5,60945.82,,47.16,1294.42,1783.41,-488.99,,2026-05-24 03:42:01.223333
173,1,302,66462.7,61242.02,,43.49,1193.93,1665.51,-471.59,,2026-05-24 03:42:01.223333
174,1,303,66495.55,61520.36,,35.1,1074.23,1547.26,-473.03,,2026-05-24 03:42:01.223333
175,1,304,66416.6,61755.54,,34.03,828.6,1403.52,-574.93,,2026-05-24 03:42:01.223333
176,1,305,66261.0,61973.1,,24.33,500.11,1222.84,-722.73,,2026-05-24 03:42:01.223333
177,1,306,66096.5,62178.5,,29.29,288.91,1036.06,-747.15,,2026-05-24 03:42:01.223333
178,1,307,65923.25,62403.18,,38.55,193.05,867.45,-674.4,,2026-05-24 03:42:01.226666
179,1,308,65703.45,62583.52,,35.21,51.77,704.32,-652.55,,2026-05-24 03:42:01.226666
180,1,309,65458.15,62775.8,,42.21,2.08,563.87,-561.79,,2026-05-24 03:42:01.226666
181,1,310,65316.85,62992.18,,45.37,15.77,454.25,-438.48,,2026-05-24 03:42:01.226666
182,1,311,65176.35,63243.34,,45.04,96.76,382.75,-285.99,,2026-05-24 03:42:01.226666
183,1,312,65036.45,63460.78,,49.74,130.31,332.26,-201.96,,2026-05-24 03:42:01.226666
184,1,313,64910.15,63665.84,,45.46,67.92,279.39,-211.48,,2026-05-24 03:42:01.226666
185,1,314,64737.75,63848.56,,38.48,-43.56,214.8,-258.36,,2026-05-24 03:42:01.230000
186,1,315,64495.45,63985.08,,28.42,-315.71,108.7,-424.41,,2026-05-24 03:42:01.230000
187,1,316,64309.0,64046.22,,35.49,-438.39,-0.72,-437.67,,2026-05-24 03:42:01.230000
188,1,317,64069.8,64075.2,,36.12,-537.17,-108.01,-429.16,,2026-05-24 03:42:01.230000
189,1,318,63889.1,64109.36,,40.19,-637.07,-213.82,-423.25,,2026-05-24 03:42:01.230000
190,1,319,63712.55,64128.84,,46.32,-704.58,-311.97,-392.61,,2026-05-24 03:42:01.230000
191,1,320,63580.6,64183.0,,51.46,-606.25,-370.83,-235.42,,2026-05-24 03:42:01.233333
192,1,321,63419.95,64232.62,,48.41,-505.86,-397.83,-108.03,,2026-05-24 03:42:01.233333
193,1,322,63309.95,64311.32,,53.35,-399.51,-398.17,-1.34,,2026-05-24 03:42:01.233333
194,1,323,63230.2,64401.42,,51.02,-290.74,-376.68,85.95,,2026-05-24 03:42:01.236666
195,1,324,63326.3,64528.2,,55.8,-61.24,-313.6,252.35,,2026-05-24 03:42:01.236666
196,1,325,63446.55,64630.32,,47.09,31.19,-244.64,275.83,,2026-05-24 03:42:01.236666
197,1,326,63606.15,64764.06,,54.46,217.88,-152.13,370.02,,2026-05-24 03:42:01.236666
198,1,327,63733.0,64849.84,,60.51,382.33,-45.24,427.57,,2026-05-24 03:42:01.236666
199,1,328,63946.8,64949.46,,67.53,581.57,80.12,501.44,,2026-05-24 03:42:01.240000
200,1,329,64104.3,65011.16,,80.84,702.79,204.65,498.14,,2026-05-24 03:42:01.240000
201,1,330,64171.25,65035.42,,69.5,697.94,303.31,394.63,,2026-05-24 03:42:01.240000
202,1,331,64193.4,65058.46,,70.08,685.15,379.68,305.47,,2026-05-24 03:42:01.240000
203,1,332,64227.3,65090.42,,71.76,657.27,435.2,222.07,,2026-05-24 03:42:01.240000
204,1,333,64256.45,65080.94,,63.8,533.17,454.79,78.38,,2026-05-24 03:42:01.240000
205,1,334,64292.25,65048.9,,52.91,378.65,439.56,-60.92,,2026-05-24 03:42:01.240000
206,1,335,64503.6,65041.7,,57.23,348.04,421.26,-73.22,,2026-05-24 03:42:01.243333
207,1,336,64663.3,65019.08,,56.34,324.64,401.94,-77.3,,2026-05-24 03:42:01.243333
208,1,337,64849.7,64983.44,,57.06,337.55,389.06,-51.51,,2026-05-24 03:42:01.243333
209,1,338,65006.25,64926.1,,43.82,267.55,364.76,-97.21,,2026-05-24 03:42:01.243333
210,1,339,65273.9,64888.44,,59.77,390.42,369.89,20.53,,2026-05-24 03:42:01.243333
211,1,340,65469.2,64886.14,,55.36,510.0,397.91,112.09,,2026-05-24 03:42:01.246666
212,1,341,65682.95,64878.0,,56.73,643.75,447.08,196.67,,2026-05-24 03:42:01.246666
213,1,342,65913.65,64889.6,,55.32,790.18,515.7,274.48,,2026-05-24 03:42:01.246666
214,1,343,66135.55,64930.22,,57.75,902.76,593.11,309.65,,2026-05-24 03:42:01.246666
215,1,344,66311.35,64984.8,,68.69,1048.08,684.1,363.98,,2026-05-24 03:42:01.246666
216,1,345,66551.2,65061.42,,69.37,1164.11,780.11,384.01,,2026-05-24 03:42:01.250000
217,1,346,66786.6,65165.54,,74.03,1349.29,893.94,455.35,,2026-05-24 03:42:01.250000
218,1,347,66945.05,65224.88,,73.4,1376.88,990.53,386.35,,2026-05-24 03:42:01.250000
219,1,348,67005.15,65294.2,,70.86,1300.65,1052.55,248.09,,2026-05-24 03:42:01.250000
220,1,349,67187.3,65406.04,,73.02,1392.58,1120.56,272.02,,2026-05-24 03:42:01.250000
221,1,350,67462.05,65513.84,,74.39,1504.66,1197.38,307.28,,2026-05-24 03:42:01.253333
222,1,351,67723.45,65600.44,,71.84,1552.99,1268.5,284.49,,2026-05-24 03:42:01.253333
223,1,352,68027.65,65716.4,,79.06,1631.39,1341.08,290.31,,2026-05-24 03:42:01.253333
224,1,353,68409.65,65846.58,,75.26,1703.57,1413.58,290.0,,2026-05-24 03:42:01.253333
225,1,354,68758.35,65985.6,,65.89,1636.38,1458.14,178.24,,2026-05-24 03:42:01.256666
226,1,355,69077.7,66168.38,,65.97,1613.02,1489.11,123.91,,2026-05-24 03:42:01.256666
227,1,356,69341.15,66316.94,,58.33,1491.71,1489.63,2.07,,2026-05-24 03:42:01.256666
228,1,357,69774.8,66524.06,,68.33,1686.14,1528.93,157.21,,2026-05-24 03:42:01.256666
229,1,112,70189.45,66720.5,,61.02,1712.69,1565.68,147.0,,2026-05-24 03:42:01.256666
230,1,113,70553.1,66926.42,,63.44,1813.36,1615.22,198.14,,2026-05-24 03:42:01.256666
231,1,114,70990.45,67155.58,,64.42,2016.92,1695.56,321.36,,2026-05-24 03:42:01.260000
232,1,115,71372.4,67356.42,,67.26,2110.9,1778.63,332.27,,2026-05-24 03:42:01.260000
233,1,116,71768.45,67582.4,,73.12,2231.95,1869.29,362.66,,2026-05-24 03:42:01.260000
234,1,117,72242.15,67863.02,,72.39,2432.1,1981.85,450.25,,2026-05-24 03:42:01.260000
235,1,118,72506.2,68092.18,,58.62,2294.12,2044.31,249.81,,2026-05-24 03:42:01.260000
236,1,119,72758.6,68366.68,,59.32,2155.4,2066.53,88.88,,2026-05-24 03:42:01.260000
237,1,120,73159.25,68705.64,,65.84,2366.22,2126.46,239.75,,2026-05-24 03:42:01.260000
238,1,121,73677.7,69068.04,,66.88,2590.25,2219.22,371.03,,2026-05-24 03:42:01.260000
239,1,122,74052.55,69359.58,,60.13,2424.99,2260.38,164.62,,2026-05-24 03:42:01.263333
240,1,123,74263.9,69626.58,,56.5,2173.51,2243.0,-69.49,,2026-05-24 03:42:01.263333
241,1,124,74495.15,69879.66,,60.6,2039.38,2202.28,-162.9,,2026-05-24 03:42:01.263333
242,1,125,74832.4,70165.42,,57.36,2057.83,2173.39,-115.56,,2026-05-24 03:42:01.263333
243,1,126,75231.65,70485.08,,63.8,2205.98,2179.91,26.08,,2026-05-24 03:42:01.263333
244,1,127,75585.9,70788.86,,60.54,2254.48,2194.82,59.66,,2026-05-24 03:42:01.263333
245,1,128,75930.5,71027.28,,53.72,2147.05,2185.27,-38.22,,2026-05-24 03:42:01.263333
246,1,129,76213.05,71274.98,,53.48,1987.36,2145.69,-158.33,,2026-05-24 03:42:01.266666
247,1,93,76430.75,71446.78,,46.89,1651.49,2046.85,-395.36,,2026-05-24 03:42:01.266666
248,1,74,76652.0,71691.66,,51.25,1681.68,1973.81,-292.14,,2026-05-24 03:42:01.266666
249,1,53,76850.05,71881.8,,54.28,1542.57,1887.56,-344.99,,2026-05-24 03:42:01.266666
250,1,54,77070.25,72112.8,,57.16,1550.74,1820.2,-269.46,,2026-05-24 03:42:01.270000
251,1,3,77250.11,72387.12,,51.4,1620.45,1780.25,-159.8,,2026-05-24 03:42:01.270000
252,1,4,77424.72,72648.95,,47.87,1605.71,1745.34,-139.63,,2026-05-24 03:42:01.270000
253,1,5,77694.52,72969.29,,62.35,1799.22,1756.12,43.1,,2026-05-24 03:42:01.270000
254,1,6,77743.18,73257.71,,58.29,1708.24,1746.54,-38.3,,2026-05-24 03:42:01.270000
255,1,7,78006.84,73578.02,,58.03,1693.44,1735.92,-42.48,,2026-05-24 03:42:01.270000
256,1,10,78135.4,73819.4,,48.68,1442.54,1677.24,-234.71,,2026-05-24 03:42:01.270000
257,1,11,77969.12,74027.97,,41.54,1103.17,1562.43,-459.26,,2026-05-24 03:42:01.270000
258,1,12,77788.03,74243.37,,44.22,886.93,1427.33,-540.4,,2026-05-24 03:42:01.273333
259,1,13,77773.45,74466.46,,45.91,661.78,1274.22,-612.44,,2026-05-24 03:42:01.273333
260,1,14,77577.32,74547.95,,39.18,93.82,1038.14,-944.32,,2026-05-24 03:42:01.273333
261,1,17,77191.55,74568.6,,38.72,-567.12,717.09,-1284.21,,2026-05-24 03:42:01.273333
262,1,18,76920.17,74660.31,,39.18,-749.2,423.83,-1173.03,,2026-05-24 03:42:01.273333
263,1,19,76585.67,74753.89,,43.24,-826.88,173.69,-1000.57,,2026-05-24 03:42:01.276666
264,1,20,76212.62,74819.69,,37.71,-982.26,-57.5,-924.76,,2026-05-24 03:42:01.276666
265,1,21,75848.12,74841.99,,33.64,-1198.89,-285.78,-913.11,,2026-05-24 03:42:01.276666
266,1,24,75485.07,74848.53,,33.67,-1403.7,-509.36,-894.34,,2026-05-24 03:42:01.276666
267,1,25,75255.67,74834.41,,27.17,-1523.04,-712.1,-810.94,,2026-05-24 03:42:01.276666
268,1,26,74758.17,74816.91,,28.68,-1714.77,-912.63,-802.14,,2026-05-24 03:42:01.280000
269,1,27,74217.57,74766.77,,23.07,-2057.8,-1141.67,-916.13,,2026-05-24 03:42:01.280000
270,1,28,73535.02,74651.89,,24.61,-2394.84,-1392.3,-1002.54,,2026-05-24 03:42:01.280000
271,1,358,72997.26,74601.21,,37.24,-2319.62,-1577.77,-741.86,,2026-05-24 03:42:01.280000
272,1,359,72489.85,74555.51,,35.29,-2236.73,-1709.56,-527.17,,2026-05-24 03:42:01.280000
273,1,360,71998.2,74557.51,,43.15,-1897.81,-1747.21,-150.6,,2026-05-24 03:42:01.280000
274,1,361,71526.29,74504.37,,47.2,-1801.22,-1758.01,-43.21,,2026-05-24 03:42:01.283333
275,1,362,71011.18,74479.15,,52.89,-1698.0,-1746.01,48.01,,2026-05-24 03:42:01.286666
276,1,363,70661.42,74452.89,,44.29,-1553.98,-1707.6,153.62,,2026-05-24 03:42:01.286666
277,1,364,70483.05,74484.73,,47.34,-1276.33,-1621.35,345.01,,2026-05-24 03:42:01.296666
278,1,365,70410.09,74497.49,,56.91,-813.88,-1459.85,645.97,,2026-05-24 03:42:01.300000
279,1,366,70310.12,74514.73,,57.47,-530.99,-1274.08,743.09,,2026-05-24 03:42:01.300000
280,1,367,70430.45,74498.89,,58.01,-335.85,-1086.44,750.59,,2026-05-24 03:42:01.303333
281,1,368,70849.02,74512.03,,63.0,81.8,-852.79,934.59,,2026-05-24 03:42:01.306666
282,1,369,71044.25,74529.05,,65.94,381.05,-606.02,987.07,,2026-05-24 03:42:01.306666
283,1,370,71239.6,74542.35,,75.1,667.79,-351.26,1019.05,,2026-05-24 03:42:01.306666
284,1,371,71559.3,74546.55,,80.41,979.29,-85.15,1064.44,,2026-05-24 03:42:01.306666
285,1,372,71989.7,74635.39,,77.25,1282.7,188.42,1094.28,,2026-05-24 03:42:01.306666
286,1,373,72495.65,74743.35,,78.42,1577.59,466.26,1111.34,,2026-05-24 03:42:01.306666
287,1,374,72973.35,74760.05,,73.25,1770.71,727.15,1043.56,,2026-05-24 03:42:01.310000
288,1,375,73575.85,74776.17,,86.37,1985.36,978.79,1006.57,,2026-05-24 03:42:01.310000
289,1,376,74294.2,74863.43,,84.4,2103.38,1203.71,899.67,,2026-05-24 03:42:01.310000
290,1,377,74993.5,74943.73,,76.16,2049.75,1372.92,676.83,,2026-05-24 03:42:01.310000
291,1,378,75573.85,75032.69,,75.7,2106.58,1519.65,586.93,,2026-05-24 03:42:01.313333
292,1,379,76362.4,75167.51,,77.42,2456.8,1707.08,749.72,,2026-05-24 03:42:01.313333
293,1,380,76930.95,75237.23,,76.67,2600.68,1885.8,714.88,,2026-05-24 03:42:01.313333
294,1,381,77390.2,75226.09,,62.13,2318.82,1972.4,346.41,,2026-05-24 03:42:01.320000
295,1,382,77872.35,75255.89,,56.78,2115.11,2000.94,114.17,,2026-05-24 03:42:01.320000
296,1,383,78425.2,75337.75,,61.76,2088.0,2018.36,69.65,,2026-05-24 03:42:01.320000
297,1,384,78845.2,75450.51,,58.08,1978.11,2010.31,-32.19,,2026-05-24 03:42:01.320000
298,1,385,79116.85,75483.43,,55.35,1863.17,1980.88,-117.71,,2026-05-24 03:42:01.320000
299,1,386,79682.05,75647.53,,62.63,2131.52,2011.01,120.51,,2026-05-24 03:42:01.320000
300,1,387,80305.45,75792.97,,62.4,2377.79,2084.36,293.42,,2026-05-24 03:42:01.320000
301,1,388,80787.1,75926.82,,63.75,2578.41,2183.17,395.24,,2026-05-24 03:42:01.323333
302,1,389,81401.0,76119.56,,65.57,2890.16,2324.57,565.59,,2026-05-24 03:42:01.323333
303,1,390,81948.0,76243.74,,64.84,3051.38,2469.93,581.45,,2026-05-24 03:42:01.323333
304,1,391,82581.95,76482.06,,72.39,3376.09,2651.17,724.93,,2026-05-24 03:42:01.323333
305,1,392,83114.65,76678.51,,67.65,3501.0,2821.13,679.87,,2026-05-24 03:42:01.323333
306,1,393,83358.5,76832.59,,50.54,3169.92,2890.89,279.03,,2026-05-24 03:42:01.326666
307,1,394,83616.75,77019.1,,53.12,2877.43,2888.2,-10.77,,2026-05-24 03:42:01.326666
308,1,395,83677.6,77132.0,,56.8,2384.07,2787.37,-403.31,,2026-05-24 03:42:01.326666
309,1,396,83803.65,77275.51,,57.53,2046.86,2639.27,-592.41,,2026-05-24 03:42:01.326666
310,1,397,84076.2,77543.28,,56.53,1870.94,2485.6,-614.67,,2026-05-24 03:42:01.330000
311,1,398,84278.7,77867.55,,58.75,1722.24,2332.93,-610.69,,2026-05-24 03:42:01.330000
312,2,130,,,,,0.0,0.0,0.0,,2026-05-24 03:42:01.380000
313,2,131,,,,,-10.28,-2.06,-8.23,,2026-05-24 03:42:01.390000
314,2,132,,,,,4.18,-0.81,4.99,,2026-05-24 03:42:01.396666
315,2,133,,,,,58.51,11.05,47.45,,2026-05-24 03:42:01.396666
316,2,134,,,,,67.24,22.29,44.95,,2026-05-24 03:42:01.406666
317,2,135,,,,,41.99,26.23,15.76,,2026-05-24 03:42:01.410000
318,2,136,,,,,46.68,30.32,16.36,,2026-05-24 03:42:01.413333
319,2,137,,,,,41.06,32.47,8.59,,2026-05-24 03:42:01.416666
320,2,138,,,,,72.05,40.39,31.67,,2026-05-24 03:42:01.416666
321,2,139,,,,,62.76,44.86,17.89,,2026-05-24 03:42:01.420000
322,2,140,,,,,70.78,50.04,20.73,,2026-05-24 03:42:01.423333
323,2,141,,,,,63.9,52.81,11.08,,2026-05-24 03:42:01.423333
324,2,142,,,,,44.87,51.23,-6.36,,2026-05-24 03:42:01.423333
325,2,143,,,,51.34,36.54,48.29,-11.75,,2026-05-24 03:42:01.426666
326,2,144,,,,62.12,112.43,61.12,51.31,,2026-05-24 03:42:01.426666
327,2,145,,,,69.01,230.79,95.05,135.74,,2026-05-24 03:42:01.426666
328,2,146,,,,64.96,306.54,137.35,169.19,,2026-05-24 03:42:01.430000
329,2,147,,,,63.52,389.03,187.69,201.34,,2026-05-24 03:42:01.430000
330,2,148,,,,70.25,461.26,242.4,218.86,,2026-05-24 03:42:01.430000
331,2,149,22584.13,,,77.14,520.88,298.1,222.78,,2026-05-24 03:42:01.430000
332,2,150,22691.66,,,72.8,549.78,348.43,201.35,,2026-05-24 03:42:01.430000
333,2,151,22822.67,,,76.62,593.34,397.41,195.93,,2026-05-24 03:42:01.433333
334,2,152,22960.03,,,76.4,653.23,448.58,204.66,,2026-05-24 03:42:01.433333
335,2,153,23063.41,,,81.32,681.55,495.17,186.38,,2026-05-24 03:42:01.436666
336,2,154,23160.39,,,70.78,652.61,526.66,125.95,,2026-05-24 03:42:01.436666
337,2,155,23267.52,,,70.24,607.34,542.8,64.55,,2026-05-24 03:42:01.440000
338,2,156,23369.75,,,74.07,582.1,550.66,31.44,,2026-05-24 03:42:01.440000
339,2,157,23426.71,,,60.13,474.69,535.46,-60.77,,2026-05-24 03:42:01.440000
340,2,158,23403.78,,,40.66,293.54,487.08,-193.54,,2026-05-24 03:42:01.440000
341,2,159,23364.1,,,27.4,88.79,407.42,-318.63,,2026-05-24 03:42:01.443333
342,2,160,23347.07,,,35.94,-20.5,321.84,-342.34,,2026-05-24 03:42:01.443333
343,2,161,23367.8,,,38.61,-57.98,245.87,-303.85,,2026-05-24 03:42:01.443333
344,2,162,23283.6,,,27.27,-267.02,143.3,-410.31,,2026-05-24 03:42:01.446666
345,2,163,23253.68,,,35.39,-334.05,47.83,-381.88,,2026-05-24 03:42:01.446666
346,2,164,23151.11,,,34.44,-415.86,-44.91,-370.95,,2026-05-24 03:42:01.446666
347,2,165,23072.39,,,39.88,-376.97,-111.32,-265.64,,2026-05-24 03:42:01.450000
348,2,166,23000.76,,,37.37,-345.23,-158.1,-187.13,,2026-05-24 03:42:01.450000
349,2,167,22915.6,,,38.26,-311.41,-188.76,-122.64,,2026-05-24 03:42:01.450000
350,2,168,22831.98,,,41.48,-266.84,-204.38,-62.46,,2026-05-24 03:42:01.450000
351,2,169,22746.67,,,42.7,-223.31,-208.17,-15.14,,2026-05-24 03:42:01.453333
352,2,170,22682.55,,,43.05,-164.72,-199.48,34.75,,2026-05-24 03:42:01.453333
353,2,171,22602.09,,,48.07,-115.83,-182.75,66.92,,2026-05-24 03:42:01.456666
354,2,172,21373.62,,,14.08,-1875.26,-521.25,-1354.01,,2026-05-24 03:42:01.460000
355,2,173,21307.11,,,51.99,-1389.69,-694.94,-694.75,,2026-05-24 03:42:01.460000
356,2,174,21259.54,,,51.23,-1006.57,-757.26,-249.3,,2026-05-24 03:42:01.460000
357,2,175,21244.2,,,51.09,-658.65,-737.54,78.89,,2026-05-24 03:42:01.463333
358,2,176,21190.08,,,52.82,-423.3,-674.69,251.4,,2026-05-24 03:42:01.463333
359,2,177,21164.38,,,51.22,-269.72,-593.7,323.97,,2026-05-24 03:42:01.463333
360,2,178,21198.69,,,51.71,-142.18,-503.4,361.21,,2026-05-24 03:42:01.466666
361,2,179,21257.38,22264.77,,50.2,-61.21,-414.96,353.75,,2026-05-24 03:42:01.466666
362,2,180,21289.49,22277.31,,50.36,12.65,-329.44,342.09,,2026-05-24 03:42:01.466666
363,2,181,21326.51,22306.41,,51.01,126.12,-238.32,364.45,,2026-05-24 03:42:01.466666
364,2,182,21481.26,22331.77,,50.92,221.08,-146.44,367.53,,2026-05-24 03:42:01.466666
365,2,183,21566.28,22341.94,,50.62,275.42,-62.07,337.49,,2026-05-24 03:42:01.470000
366,2,184,21688.09,22366.84,,50.67,340.45,18.43,322.01,,2026-05-24 03:42:01.470000
367,2,185,21742.62,22397.32,,50.53,378.43,90.43,287.99,,2026-05-24 03:42:01.470000
368,2,186,21779.31,22413.64,,92.0,372.37,146.82,225.55,,2026-05-24 03:42:01.470000
369,2,187,21801.85,22427.77,,42.28,345.84,186.62,159.21,,2026-05-24 03:42:01.470000
370,2,188,21820.24,22434.88,,45.4,329.0,215.1,113.9,,2026-05-24 03:42:01.470000
371,2,189,21824.99,22446.14,,36.45,295.87,231.25,64.62,,2026-05-24 03:42:01.470000
372,2,190,21819.1,22454.63,,43.83,271.49,239.3,32.19,,2026-05-24 03:42:01.470000
373,2,191,21823.19,22470.5,,54.12,266.36,244.71,21.65,,2026-05-24 03:42:01.473333
374,2,192,22949.37,22487.38,,51.44,250.46,245.86,4.59,,2026-05-24 03:42:01.473333
375,2,193,22940.97,22510.64,,61.52,267.67,250.22,17.45,,2026-05-24 03:42:01.473333
376,2,194,22957.87,22519.96,,63.92,305.31,261.24,44.07,,2026-05-24 03:42:01.473333
377,2,195,22942.77,22510.48,,51.52,316.56,272.31,44.26,,2026-05-24 03:42:01.473333
378,2,196,22945.77,22500.62,,46.73,305.9,279.02,26.88,,2026-05-24 03:42:01.476666
379,2,197,22968.21,22482.93,,49.32,289.44,281.11,8.33,,2026-05-24 03:42:01.476666
380,2,198,22996.85,22465.74,,46.68,287.28,282.34,4.93,,2026-05-24 03:42:01.476666
381,2,199,23034.84,22445.05,,47.41,276.65,281.2,-4.56,,2026-05-24 03:42:01.476666
382,2,200,23078.43,22432.02,,59.43,283.83,281.73,2.1,,2026-05-24 03:42:01.476666
383,2,201,23089.42,22413.11,,65.66,289.96,283.37,6.59,,2026-05-24 03:42:01.480000
384,2,202,23113.07,22392.99,,68.86,319.14,290.53,28.61,,2026-05-24 03:42:01.480000
385,2,203,23124.31,22366.3,,62.62,301.04,292.63,8.41,,2026-05-24 03:42:01.480000
386,2,204,23129.71,22354.57,,64.35,299.7,294.04,5.66,,2026-05-24 03:42:01.480000
387,2,205,23101.32,22330.84,,48.28,232.23,281.68,-49.45,,2026-05-24 03:42:01.480000
388,2,206,23090.77,22302.05,,49.27,173.7,260.09,-86.39,,2026-05-24 03:42:01.480000
389,2,207,23090.72,22293.37,,42.58,125.06,233.08,-108.02,,2026-05-24 03:42:01.480000
390,2,208,23083.53,22306.78,,35.11,82.02,202.87,-120.85,,2026-05-24 03:42:01.483333
391,2,209,23090.77,22336.81,,39.47,54.22,173.14,-118.92,,2026-05-24 03:42:01.483333
392,2,210,23079.68,22347.68,,38.01,7.5,140.01,-132.51,,2026-05-24 03:42:01.483333
393,2,211,23108.72,22366.86,,55.02,51.92,122.39,-70.48,,2026-05-24 03:42:01.483333
394,2,212,23110.17,22418.01,,44.75,33.25,104.56,-71.31,,2026-05-24 03:42:01.486666
395,2,213,23077.08,22440.0,,42.66,-4.32,82.79,-87.11,,2026-05-24 03:42:01.486666
396,2,214,23042.64,22476.57,,43.65,-8.67,64.5,-73.17,,2026-05-24 03:42:01.486666
397,2,215,23014.1,22487.16,,42.45,-17.32,48.13,-65.45,,2026-05-24 03:42:01.486666
398,2,216,22996.61,22498.96,,38.11,-22.15,34.08,-56.22,,2026-05-24 03:42:01.486666
399,2,217,22968.82,22504.22,,40.0,-46.73,17.92,-64.64,,2026-05-24 03:42:01.486666
400,2,218,22948.12,22512.2,,41.63,-40.09,6.31,-46.41,,2026-05-24 03:42:01.490000
401,2,219,22922.03,22515.19,,48.67,-48.71,-4.69,-44.02,,2026-05-24 03:42:01.490000
402,2,220,22879.59,22510.84,,47.94,-62.33,-16.22,-46.11,,2026-05-24 03:42:01.490000
403,2,221,22841.51,22508.88,,49.91,-61.6,-25.3,-36.31,,2026-05-24 03:42:01.490000
404,2,222,22788.92,22959.11,,51.24,-55.78,-31.39,-24.39,,2026-05-24 03:42:01.490000
405,2,223,22757.18,22946.33,,49.43,-54.66,-36.05,-18.61,,2026-05-24 03:42:01.490000
406,2,224,22684.26,22924.46,,45.61,-102.59,-49.35,-53.24,,2026-05-24 03:42:01.490000
407,2,225,22646.57,22891.79,,26.83,-145.76,-68.64,-77.12,,2026-05-24 03:42:01.493333
408,2,226,22615.43,22872.2,,36.36,-170.5,-89.01,-81.49,,2026-05-24 03:42:01.493333
409,2,227,22598.99,22867.22,,47.35,-165.29,-104.27,-61.03,,2026-05-24 03:42:01.493333
410,2,228,22601.24,22867.8,,47.67,-133.01,-110.02,-23.0,,2026-05-24 03:42:01.493333
411,2,229,22624.53,22883.67,,57.46,-65.78,-101.17,35.39,,2026-05-24 03:42:01.493333
412,2,230,22656.27,22894.39,,54.68,-23.2,-85.57,62.38,,2026-05-24 03:42:01.493333
413,2,231,22623.73,22885.75,,54.59,-11.02,-70.66,59.64,,2026-05-24 03:42:01.496666
414,2,232,22631.78,22878.21,,52.03,10.52,-54.43,64.95,,2026-05-24 03:42:01.496666
415,2,233,22661.52,22878.09,,57.62,39.33,-35.68,75.0,,2026-05-24 03:42:01.496666
416,2,234,22662.72,22866.42,,54.6,40.95,-20.35,61.3,,2026-05-24 03:42:01.496666
417,2,235,22673.76,22859.62,,54.54,52.12,-5.86,57.98,,2026-05-24 03:42:01.496666
418,2,236,22690.86,22863.58,,55.76,71.69,9.65,62.03,,2026-05-24 03:42:01.496666
419,2,237,22732.64,22876.53,,59.6,104.54,28.63,75.91,,2026-05-24 03:42:01.500000
420,2,238,22763.23,22889.39,,73.86,136.58,50.22,86.36,,2026-05-24 03:42:01.500000
421,2,239,22798.57,22904.63,,73.89,153.43,70.86,82.57,,2026-05-24 03:42:01.500000
422,2,240,22830.31,22915.32,,68.9,151.73,87.03,64.69,,2026-05-24 03:42:01.500000
423,2,241,22844.46,22917.38,,60.57,131.28,95.88,35.39,,2026-05-24 03:42:01.500000
424,2,242,22850.8,22919.68,,53.34,105.86,97.88,7.98,,2026-05-24 03:42:01.500000
425,2,243,22860.95,22914.32,,42.88,86.74,95.65,-8.91,,2026-05-24 03:42:01.500000
426,2,244,22911.18,22905.79,,50.27,85.28,93.58,-8.29,,2026-05-24 03:42:01.500000
427,2,245,22974.06,22904.31,,60.72,96.57,94.18,2.39,,2026-05-24 03:42:01.500000
428,2,246,23051.94,22914.66,,64.81,135.65,102.47,33.18,,2026-05-24 03:42:01.503333
429,2,247,23143.56,22937.35,,70.04,209.3,123.84,85.46,,2026-05-24 03:42:01.503333
430,2,248,23254.12,22970.7,,82.31,321.16,163.3,157.86,,2026-05-24 03:42:01.503333
431,2,249,23345.79,23008.05,,82.3,415.42,213.72,201.7,,2026-05-24 03:42:01.503333
432,2,250,23430.01,23035.02,,74.52,461.81,263.34,198.47,,2026-05-24 03:42:01.503333
433,2,251,23540.77,23066.29,,74.76,513.79,313.43,200.36,,2026-05-24 03:42:01.503333
434,2,252,23649.09,23092.62,,74.81,556.63,362.07,194.56,,2026-05-24 03:42:01.506666
435,2,253,23740.51,23124.57,,72.59,568.94,403.45,165.5,,2026-05-24 03:42:01.506666
436,2,254,23873.26,23163.84,,79.7,617.56,446.27,171.29,,2026-05-24 03:42:01.506666
437,2,255,23977.03,23209.9,,75.21,612.73,479.56,133.17,,2026-05-24 03:42:01.506666
438,2,256,24055.05,23249.29,,70.53,572.29,498.11,74.19,,2026-05-24 03:42:01.506666
439,2,257,24129.63,23292.1,,71.42,546.93,507.87,39.06,,2026-05-24 03:42:01.506666
440,2,258,24213.5,23341.38,,72.02,543.15,514.93,28.23,,2026-05-24 03:42:01.506666
441,2,259,24289.92,23384.29,,67.44,515.43,515.03,0.4,,2026-05-24 03:42:01.510000
442,2,260,24363.55,23428.87,,61.31,470.2,506.06,-35.86,,2026-05-24 03:42:01.510000
443,2,261,24430.18,23445.97,,51.22,400.87,485.02,-84.16,,2026-05-24 03:42:01.510000
444,2,262,24486.01,23470.02,,38.29,316.85,451.39,-134.54,,2026-05-24 03:42:01.510000
445,2,263,24528.94,23495.07,,34.09,228.84,406.88,-178.04,,2026-05-24 03:42:01.510000
446,2,264,24582.23,23521.62,,42.65,188.3,363.16,-174.87,,2026-05-24 03:42:01.513333
447,2,265,24652.2,23559.55,,45.8,194.42,329.41,-135.0,,2026-05-24 03:42:01.513333
448,2,266,24699.09,23595.66,,43.82,191.5,301.83,-110.33,,2026-05-24 03:42:01.513333
449,2,267,24670.94,23618.21,,37.33,111.89,263.84,-151.95,,2026-05-24 03:42:01.513333
450,2,268,24619.5,23639.26,,33.03,67.64,224.6,-156.97,,2026-05-24 03:42:01.513333
451,2,269,24564.47,23665.03,,37.3,36.74,187.03,-150.29,,2026-05-24 03:42:01.516666
452,2,270,24518.53,23690.6,,39.75,3.89,150.4,-146.51,,2026-05-24 03:42:01.516666
453,2,271,24467.8,23716.81,,39.82,-8.64,118.59,-127.23,,2026-05-24 03:42:01.516666
454,2,272,24419.51,23744.86,,37.84,-6.48,93.58,-100.06,,2026-05-24 03:42:01.516666
455,2,273,24389.43,23777.47,,42.89,9.41,76.75,-67.33,,2026-05-24 03:42:01.516666
456,2,274,24335.15,23824.2,,46.69,28.62,67.12,-38.51,,2026-05-24 03:42:01.516666
457,2,275,24288.02,23866.48,,47.33,18.84,57.47,-38.62,,2026-05-24 03:42:01.520000
458,2,276,24258.28,23906.43,,51.32,9.06,47.78,-38.73,,2026-05-24 03:42:01.520000
459,2,277,24203.79,23934.02,,49.86,-25.36,33.16,-58.51,,2026-05-24 03:42:01.520000
460,2,278,24130.26,23952.99,,42.33,-60.09,14.51,-74.59,,2026-05-24 03:42:01.520000
461,2,279,24062.82,23959.6,,30.61,-95.47,-7.49,-87.98,,2026-05-24 03:42:01.520000
462,2,280,24011.93,23971.14,,33.95,-113.32,-28.65,-84.67,,2026-05-24 03:42:01.520000
463,2,281,24000.14,23996.53,,59.03,-92.2,-41.36,-50.84,,2026-05-24 03:42:01.523333
464,2,282,24000.99,24017.7,,52.87,-79.54,-49.0,-30.54,,2026-05-24 03:42:01.523333
465,2,283,24045.88,24048.81,,62.81,-17.03,-42.61,25.58,,2026-05-24 03:42:01.523333
466,2,284,24085.58,24090.77,,68.53,54.88,-23.11,77.99,,2026-05-24 03:42:01.523333
467,2,285,24083.09,24123.28,,59.46,83.31,-1.83,85.13,,2026-05-24 03:42:01.523333
468,2,286,24092.8,24156.43,,59.79,118.59,22.26,96.33,,2026-05-24 03:42:01.526666
469,2,287,24173.55,24194.57,,63.27,183.1,54.43,128.67,,2026-05-24 03:42:01.526666
470,2,288,24259.85,24237.9,,65.89,259.79,95.5,164.29,,2026-05-24 03:42:01.526666
471,2,289,24333.4,24278.96,,67.86,301.12,136.62,164.5,,2026-05-24 03:42:01.526666
472,2,290,24407.0,24321.27,,66.44,321.93,173.68,148.25,,2026-05-24 03:42:01.526666
473,2,291,24477.1,24369.87,,73.73,342.23,207.39,134.83,,2026-05-24 03:42:01.530000
474,2,292,24539.45,24420.32,,75.8,353.75,236.66,117.08,,2026-05-24 03:42:01.530000
475,2,293,24582.4,24466.05,,73.63,341.91,257.71,84.2,,2026-05-24 03:42:01.530000
476,2,294,24625.25,24509.82,,73.43,335.44,273.26,62.18,,2026-05-24 03:42:01.530000
477,2,295,24694.6,24554.7,,71.79,344.34,287.48,56.87,,2026-05-24 03:42:01.530000
478,2,296,24776.8,24596.38,,75.0,365.98,303.18,62.8,,2026-05-24 03:42:01.530000
479,2,297,24875.7,24626.88,,69.19,378.76,318.29,60.46,,2026-05-24 03:42:01.530000
480,2,298,24974.55,24641.16,,63.11,376.32,329.9,46.42,,2026-05-24 03:42:01.533333
481,2,299,25063.45,24646.67,,63.89,345.39,332.99,12.39,,2026-05-24 03:42:01.533333
482,2,300,25173.85,24668.67,,68.38,360.29,338.45,21.84,,2026-05-24 03:42:01.533333
483,2,301,25254.75,24682.12,,58.29,354.62,341.69,12.94,,2026-05-24 03:42:01.533333
484,2,302,25321.55,24686.69,,44.97,318.7,337.09,-18.39,,2026-05-24 03:42:01.533333
485,2,303,25361.9,24697.37,,51.06,296.42,328.96,-32.54,,2026-05-24 03:42:01.533333
486,2,304,25392.3,24698.38,,54.8,282.44,319.65,-37.21,,2026-05-24 03:42:01.536666
487,2,305,25431.55,24705.09,,49.63,255.11,306.74,-51.64,,2026-05-24 03:42:01.536666
488,2,306,25480.95,24726.79,,56.16,260.94,297.58,-36.64,,2026-05-24 03:42:01.536666
489,2,307,25541.35,24759.26,,68.48,318.3,301.73,16.57,,2026-05-24 03:42:01.536666
490,2,308,25551.35,24773.04,,56.68,307.44,302.87,4.57,,2026-05-24 03:42:01.536666
491,2,309,25601.7,24803.67,,60.48,344.01,311.1,32.91,,2026-05-24 03:42:01.536666
492,2,310,25646.3,24834.37,,55.39,351.43,319.16,32.26,,2026-05-24 03:42:01.540000
493,2,311,25725.25,24887.89,,62.14,415.7,338.47,77.23,,2026-05-24 03:42:01.540000
494,2,312,25812.75,24951.01,,64.55,474.48,365.67,108.81,,2026-05-24 03:42:01.540000
495,2,313,25908.8,25017.99,,68.06,511.93,394.92,117.01,,2026-05-24 03:42:01.540000
496,2,314,26015.8,25083.25,,66.46,559.61,427.86,131.75,,2026-05-24 03:42:01.540000
497,2,315,26107.9,25136.98,,67.76,584.61,459.21,125.4,,2026-05-24 03:42:01.540000
498,2,316,26178.6,25188.18,,70.01,581.97,483.76,98.21,,2026-05-24 03:42:01.540000
499,2,317,26262.65,25263.56,,70.97,594.58,505.93,88.65,,2026-05-24 03:42:01.543333
500,2,318,26318.6,25320.8,,61.45,544.71,513.68,31.03,,2026-05-24 03:42:01.543333
501,2,319,26377.35,25371.82,,60.42,479.17,506.78,-27.61,,2026-05-24 03:42:01.543333
502,2,320,26414.45,25427.04,,58.29,430.89,491.6,-60.71,,2026-05-24 03:42:01.543333
503,2,321,26485.5,25489.2,,56.69,429.08,479.1,-50.02,,2026-05-24 03:42:01.543333
504,2,322,26545.4,25537.04,,57.72,377.54,458.79,-81.24,,2026-05-24 03:42:01.546666
505,2,323,26590.7,25577.88,,49.46,319.06,430.84,-111.78,,2026-05-24 03:42:01.546666
506,2,324,26628.05,25615.54,,51.16,263.78,397.43,-133.65,,2026-05-24 03:42:01.546666
507,2,325,26702.0,25670.68,,48.5,262.7,370.48,-107.79,,2026-05-24 03:42:01.546666
508,2,326,26769.25,25731.18,,49.51,278.32,352.05,-73.73,,2026-05-24 03:42:01.546666
509,2,327,26823.0,25806.94,,54.84,321.61,345.96,-24.35,,2026-05-24 03:42:01.546666
510,2,328,26919.85,25888.88,,53.85,368.45,350.46,17.99,,2026-05-24 03:42:01.546666
511,2,329,26960.9,25962.9,,48.97,360.51,352.47,8.04,,2026-05-24 03:42:01.550000
512,2,330,27017.55,26036.62,,52.06,357.76,353.53,4.23,,2026-05-24 03:42:01.550000
513,2,331,27032.05,26100.66,,48.49,346.74,352.17,-5.43,,2026-05-24 03:42:01.550000
514,2,332,27053.45,26172.0,,60.15,358.32,353.4,4.92,,2026-05-24 03:42:01.550000
515,2,333,27082.1,26232.48,,65.07,371.69,357.06,14.63,,2026-05-24 03:42:01.550000
516,2,334,27114.4,26294.78,,67.3,407.92,367.23,40.69,,2026-05-24 03:42:01.550000
517,2,335,27167.8,26370.86,,65.96,459.34,385.65,73.69,,2026-05-24 03:42:01.550000
518,2,336,27240.9,26447.42,,77.94,510.27,410.58,99.69,,2026-05-24 03:42:01.550000
519,2,337,27287.7,26509.22,,76.17,523.69,433.2,90.49,,2026-05-24 03:42:01.553333
520,2,338,27362.2,26561.74,,75.43,519.47,450.45,69.01,,2026-05-24 03:42:01.553333
521,2,339,27466.6,26625.1,,73.9,537.68,467.9,69.78,,2026-05-24 03:42:01.553333
522,2,340,27578.65,26695.7,,74.01,566.56,487.63,78.93,,2026-05-24 03:42:01.553333
523,2,341,27665.7,26764.64,,70.62,583.77,506.86,76.91,,2026-05-24 03:42:01.553333
524,2,342,27785.25,26835.36,,69.42,597.22,524.93,72.29,,2026-05-24 03:42:01.553333
525,2,343,27919.15,26912.58,,83.92,610.05,541.95,68.09,,2026-05-24 03:42:01.556666
526,2,344,28061.8,26990.16,,83.96,621.28,557.82,63.46,,2026-05-24 03:42:01.556666
527,2,345,28173.15,27062.1,,83.99,618.29,569.91,48.38,,2026-05-24 03:42:01.556666
528,2,346,28291.65,27137.12,,84.48,639.78,583.89,55.89,,2026-05-24 03:42:01.556666
529,2,347,28377.65,27207.72,,77.42,631.69,593.45,38.25,,2026-05-24 03:42:01.560000
530,2,348,28454.85,27281.0,,74.35,620.71,598.9,21.81,,2026-05-24 03:42:01.560000
531,2,349,28559.55,27361.34,,70.84,608.47,600.81,7.65,,2026-05-24 03:42:01.560000
532,2,350,28639.75,27422.98,,56.9,560.43,592.74,-32.31,,2026-05-24 03:42:01.560000
533,2,351,28690.45,27474.94,,48.99,464.55,567.1,-102.55,,2026-05-24 03:42:01.560000
534,2,352,28727.05,27534.2,,51.36,385.81,530.84,-145.03,,2026-05-24 03:42:01.560000
535,2,353,28784.4,27601.48,,54.31,361.21,496.92,-135.7,,2026-05-24 03:42:01.563333
536,2,354,28825.05,27667.88,,50.6,341.17,465.77,-124.6,,2026-05-24 03:42:01.563333
537,2,355,28848.5,27737.64,,50.41,321.82,436.98,-115.16,,2026-05-24 03:42:01.563333
538,2,356,28868.2,27802.32,,51.16,312.88,412.16,-99.28,,2026-05-24 03:42:01.563333
539,2,357,28896.4,27851.24,,47.4,295.22,388.77,-93.55,,2026-05-24 03:42:01.563333
540,2,112,28966.15,27927.66,,57.24,335.53,378.12,-42.6,,2026-05-24 03:42:01.563333
541,2,113,29016.85,27991.16,,57.63,360.33,374.56,-14.23,,2026-05-24 03:42:01.623333
542,2,114,29065.35,28063.32,,55.3,392.89,378.23,14.66,,2026-05-24 03:42:01.623333
543,2,115,29123.7,28124.02,,62.26,430.68,388.72,41.96,,2026-05-24 03:42:01.626666
544,2,116,29160.85,28174.6,,55.69,428.17,396.61,31.56,,2026-05-24 03:42:01.626666
545,2,117,29203.65,28230.52,,57.95,439.43,405.17,34.26,,2026-05-24 03:42:01.626666
546,2,118,29240.2,28279.92,,64.64,441.42,412.42,28.99,,2026-05-24 03:42:01.626666
547,2,119,29318.25,28346.24,,85.35,499.45,429.83,69.62,,2026-05-24 03:42:01.626666
548,2,120,29392.5,28422.68,,86.52,564.03,456.67,107.36,,2026-05-24 03:42:01.630000
549,2,121,29472.3,28491.58,,81.4,599.42,485.22,114.2,,2026-05-24 03:42:01.630000
550,2,122,29558.5,28576.96,,82.05,633.08,514.79,118.29,,2026-05-24 03:42:01.630000
551,2,123,29639.5,28666.2,,80.56,647.38,541.31,106.07,,2026-05-24 03:42:01.630000
552,2,124,29737.4,28752.16,,78.46,646.65,562.38,84.27,,2026-05-24 03:42:01.630000
553,2,125,29884.8,28834.66,,82.45,665.84,583.07,82.77,,2026-05-24 03:42:01.633333
554,2,126,30030.55,28928.26,,77.71,672.32,600.92,71.4,,2026-05-24 03:42:01.633333
555,2,127,30158.4,29028.56,,79.87,682.66,617.27,65.4,,2026-05-24 03:42:01.633333
556,2,128,30283.9,29130.22,,78.17,682.59,630.33,52.26,,2026-05-24 03:42:01.633333
557,2,129,30418.25,29224.14,,77.93,689.11,642.09,47.02,,2026-05-24 03:42:01.636666
558,2,93,30556.2,29317.1,,89.75,702.0,654.07,47.93,,2026-05-24 03:42:01.636666
559,2,74,30732.6,29415.08,,91.26,758.35,674.93,83.42,,2026-05-24 03:42:01.636666
560,2,53,30874.05,29509.34,,92.01,795.6,699.06,96.54,,2026-05-24 03:42:01.640000
561,2,54,30995.0,29604.8,,74.77,780.07,715.26,64.81,,2026-05-24 03:42:01.640000
562,2,3,31114.67,29702.17,,73.61,774.19,727.05,47.14,,2026-05-24 03:42:01.640000
563,2,4,31231.98,29803.99,,78.25,773.77,736.39,37.37,,2026-05-24 03:42:01.640000
564,2,5,31357.8,29896.34,,71.97,750.98,739.31,11.67,,2026-05-24 03:42:01.640000
565,2,6,31488.51,29993.09,,76.55,750.49,741.55,8.94,,2026-05-24 03:42:01.640000
566,2,7,31601.08,30074.59,,68.87,710.76,735.39,-24.63,,2026-05-24 03:42:01.643333
567,2,10,31670.55,30147.34,,63.31,664.28,721.17,-56.89,,2026-05-24 03:42:01.643333
568,2,11,31647.69,30185.4,,42.13,497.8,676.49,-178.69,,2026-05-24 03:42:01.643333
569,2,12,31649.83,30236.43,,44.88,392.79,619.75,-226.96,,2026-05-24 03:42:01.643333
570,2,13,31634.92,30286.05,,43.29,291.61,554.13,-262.51,,2026-05-24 03:42:01.643333
571,2,14,31546.47,30298.15,,31.16,86.84,460.67,-373.83,,2026-05-24 03:42:01.646666
572,2,17,31475.28,30310.81,,32.15,-51.62,358.21,-409.83,,2026-05-24 03:42:01.646666
573,2,18,31406.93,30331.15,,29.01,-127.85,261.0,-388.85,,2026-05-24 03:42:01.646666
574,2,19,31319.58,30341.99,,27.02,-217.37,165.33,-382.7,,2026-05-24 03:42:01.646666
575,2,20,31227.14,30351.75,,29.72,-280.25,76.21,-356.46,,2026-05-24 03:42:01.650000
576,2,21,31130.09,30357.54,,27.01,-334.06,-5.84,-328.22,,2026-05-24 03:42:01.650000
577,2,24,31081.03,30387.29,,37.22,-281.5,-60.98,-220.52,,2026-05-24 03:42:01.650000
578,2,25,31030.72,30412.73,,39.66,-223.47,-93.47,-129.99,,2026-05-24 03:42:01.650000
579,2,26,30929.96,30436.0,,34.99,-201.69,-115.12,-86.58,,2026-05-24 03:42:01.650000
580,2,27,30793.01,30444.6,,33.48,-238.32,-139.76,-98.56,,2026-05-24 03:42:01.650000
581,2,28,30674.61,30450.82,,33.55,-270.36,-165.88,-104.48,,2026-05-24 03:42:01.653333
582,2,358,30562.54,30471.28,,45.5,-267.11,-186.12,-80.98,,2026-05-24 03:42:01.653333
583,2,359,30439.83,30503.74,,41.4,-265.5,-202.0,-63.5,,2026-05-24 03:42:01.653333
584,2,360,30357.9,30548.68,,48.71,-209.77,-203.55,-6.22,,2026-05-24 03:42:01.653333
585,2,361,30236.48,30573.92,,58.84,-200.81,-203.0,2.2,,2026-05-24 03:42:01.656666
586,2,362,30118.91,30592.14,,53.01,-216.14,-205.63,-10.51,,2026-05-24 03:42:01.656666
587,2,363,30009.59,30611.78,,49.87,-219.78,-208.46,-11.32,,2026-05-24 03:42:01.656666
588,2,364,30006.54,30640.73,,59.64,-173.08,-201.39,28.3,,2026-05-24 03:42:01.656666
589,2,365,30000.99,30678.27,,61.77,-107.41,-182.59,75.18,,2026-05-24 03:42:01.660000
590,2,366,30016.84,30706.32,,64.6,-35.03,-153.08,118.05,,2026-05-24 03:42:01.660000
591,2,367,30117.16,30738.27,,56.83,34.68,-115.53,150.21,,2026-05-24 03:42:01.660000
592,2,368,30290.61,30800.92,,68.1,228.54,-46.71,275.25,,2026-05-24 03:42:01.660000
593,2,369,30422.28,30850.58,,66.88,342.81,31.19,311.62,,2026-05-24 03:42:01.660000
594,2,370,30592.73,30914.75,,77.09,459.06,116.77,342.29,,2026-05-24 03:42:01.660000
595,2,371,30750.29,30970.41,,75.52,529.11,199.24,329.88,,2026-05-24 03:42:01.660000
596,2,372,30913.3,31026.77,,74.2,578.93,275.17,303.75,,2026-05-24 03:42:01.663333
597,2,373,30992.11,31056.83,,68.24,567.94,333.73,234.21,,2026-05-24 03:42:01.663333
598,2,374,31038.12,31070.97,,59.3,514.17,369.82,144.36,,2026-05-24 03:42:01.663333
599,2,375,31129.03,31098.69,,67.62,511.58,398.17,113.41,,2026-05-24 03:42:01.663333
600,2,376,31240.28,31117.31,,67.77,480.18,414.57,65.61,,2026-05-24 03:42:01.666666
601,2,377,31348.83,31134.55,,65.95,439.74,419.61,20.14,,2026-05-24 03:42:01.666666
602,2,378,31439.48,31152.11,,61.88,399.78,415.64,-15.86,,2026-05-24 03:42:01.666666
603,2,379,31517.63,31156.87,,56.2,339.98,400.51,-60.53,,2026-05-24 03:42:01.666666
604,2,380,31550.99,31156.85,,51.71,269.23,374.25,-105.02,,2026-05-24 03:42:01.666666
605,2,381,31626.14,31161.01,,53.5,240.33,347.47,-107.14,,2026-05-24 03:42:01.670000
606,2,382,31717.74,31165.67,,33.57,216.54,321.28,-104.74,,2026-05-24 03:42:01.670000
607,2,383,31827.84,31175.61,,44.51,230.85,303.2,-72.34,,2026-05-24 03:42:01.670000
608,2,384,31841.35,31154.79,,28.31,132.38,269.03,-136.65,,2026-05-24 03:42:01.670000
609,2,385,31817.57,31112.25,,27.18,21.34,219.49,-198.16,,2026-05-24 03:42:01.670000
610,2,386,31822.88,31085.85,,37.05,0.22,175.64,-175.42,,2026-05-24 03:42:01.670000
611,2,387,31813.65,31065.73,,39.76,-26.93,135.13,-162.06,,2026-05-24 03:42:01.670000
612,2,388,31699.44,31034.83,,40.75,-75.74,92.95,-168.69,,2026-05-24 03:42:01.673333
613,2,389,31594.18,30995.46,,32.18,-133.86,47.59,-181.45,,2026-05-24 03:42:01.673333
614,2,390,31455.87,30953.97,,32.29,-199.96,-1.92,-198.04,,2026-05-24 03:42:01.673333
615,2,391,31325.41,30905.17,,32.86,-252.74,-52.08,-200.66,,2026-05-24 03:42:01.673333
616,2,392,31231.9,30879.1,,41.83,-231.31,-87.93,-143.38,,2026-05-24 03:42:01.673333
617,2,393,31154.15,30850.27,,42.35,-230.15,-116.37,-113.78,,2026-05-24 03:42:01.673333
618,2,394,31111.25,30856.4,,46.38,-209.7,-135.04,-74.66,,2026-05-24 03:42:01.676666
619,2,395,31029.75,30850.66,,41.05,-207.49,-149.53,-57.96,,2026-05-24 03:42:01.676666
620,2,396,30997.9,30862.51,,47.52,-147.71,-149.17,1.46,,2026-05-24 03:42:01.676666
621,2,397,30977.1,30906.81,,44.34,-91.93,-137.72,45.79,,2026-05-24 03:42:01.676666
622,2,398,30958.75,30945.5,,57.7,-46.54,-119.48,72.94,,2026-05-24 03:42:01.676666
623,3,130,,,,,0.0,0.0,0.0,,2026-05-24 03:42:01.740000
624,3,131,,,,,-604.39,-120.88,-483.51,,2026-05-24 03:42:01.740000
625,3,132,,,,,-1078.12,-312.33,-765.8,,2026-05-24 03:42:01.743333
626,3,133,,,,,-1308.3,-511.52,-796.78,,2026-05-24 03:42:01.746666
627,3,134,,,,,-1521.24,-713.46,-807.77,,2026-05-24 03:42:01.796666
628,3,135,,,,,-1944.42,-959.65,-984.76,,2026-05-24 03:42:01.800000
629,3,136,,,,,-2108.1,-1189.34,-918.76,,2026-05-24 03:42:01.800000
630,3,137,,,,,-2169.12,-1385.3,-783.82,,2026-05-24 03:42:01.803333
631,3,138,,,,,-1996.47,-1507.53,-488.94,,2026-05-24 03:42:01.810000
632,3,139,,,,,-1437.85,-1493.6,55.75,,2026-05-24 03:42:01.810000
633,3,140,,,,,-1146.74,-1424.23,277.49,,2026-05-24 03:42:01.816666
634,3,141,,,,,-1237.54,-1386.89,149.35,,2026-05-24 03:42:01.816666
635,3,142,,,,,-1270.01,-1363.51,93.5,,2026-05-24 03:42:01.820000
636,3,143,,,,40.86,-1233.14,-1337.44,104.3,,2026-05-24 03:42:01.823333
637,3,144,,,,40.33,-1221.75,-1314.3,92.55,,2026-05-24 03:42:01.823333
638,3,145,,,,56.38,-1080.32,-1267.5,187.19,,2026-05-24 03:42:01.826666
639,3,146,,,,57.12,-932.87,-1200.58,267.71,,2026-05-24 03:42:01.830000
640,3,147,,,,57.14,-677.27,-1095.91,418.65,,2026-05-24 03:42:01.830000
641,3,148,,,,60.94,-350.84,-946.9,596.06,,2026-05-24 03:42:01.833333
642,3,149,93554.46,,,57.55,-485.41,-854.6,369.19,,2026-05-24 03:42:01.840000
643,3,150,93293.82,,,55.82,-524.89,-788.66,263.77,,2026-05-24 03:42:01.840000
644,3,151,93372.51,,,53.24,-612.82,-753.49,140.67,,2026-05-24 03:42:01.843333
645,3,152,93465.42,,,48.86,-659.16,-734.62,75.47,,2026-05-24 03:42:01.843333
646,3,153,93557.2,,,40.37,-561.04,-699.91,138.87,,2026-05-24 03:42:01.846666
647,3,154,93553.32,,,39.48,-677.92,-695.51,17.59,,2026-05-24 03:42:01.850000
648,3,155,93637.64,,,44.76,-894.72,-735.35,-159.37,,2026-05-24 03:42:01.853333
649,3,156,93717.08,,,48.67,-916.47,-771.58,-144.9,,2026-05-24 03:42:01.853333
650,3,157,93850.22,,,51.15,-794.18,-776.1,-18.08,,2026-05-24 03:42:01.856666
651,3,158,93798.65,,,49.18,-788.28,-778.53,-9.75,,2026-05-24 03:42:01.860000
652,3,159,93288.16,,,37.8,-1106.25,-844.08,-262.18,,2026-05-24 03:42:01.860000
653,3,160,92780.44,,,34.22,-1501.29,-975.52,-525.77,,2026-05-24 03:42:01.863333
654,3,161,92487.65,,,30.28,-1782.73,-1136.96,-645.77,,2026-05-24 03:42:01.866666
655,3,162,92103.25,,,24.25,-2104.49,-1330.47,-774.02,,2026-05-24 03:42:01.870000
656,3,163,91775.25,,,35.85,-2194.79,-1503.33,-691.46,,2026-05-24 03:42:01.873333
657,3,164,91421.29,,,32.11,-2313.49,-1665.36,-648.13,,2026-05-24 03:42:01.873333
658,3,165,91197.83,,,44.21,-2053.34,-1742.96,-310.38,,2026-05-24 03:42:01.876666
659,3,166,90956.18,,,43.67,-1830.8,-1760.53,-70.28,,2026-05-24 03:42:01.880000
660,3,167,90605.05,,,38.89,-1680.82,-1744.59,63.77,,2026-05-24 03:42:01.880000
661,3,168,90227.81,,,45.88,-1467.34,-1689.14,221.8,,2026-05-24 03:42:01.886666
662,3,169,90152.85,,,52.11,-1195.44,-1590.4,394.96,,2026-05-24 03:42:01.886666
663,3,170,90249.03,,,56.95,-635.29,-1399.38,764.08,,2026-05-24 03:42:01.890000
664,3,171,90393.65,,,54.24,-174.91,-1154.48,979.57,,2026-05-24 03:42:01.890000
665,3,172,90645.47,,,61.53,374.4,-848.71,1223.11,,2026-05-24 03:42:01.893333
666,3,173,90753.68,,,69.93,698.28,-539.31,1237.59,,2026-05-24 03:42:01.896666
667,3,174,91044.63,,,78.5,1035.47,-224.35,1259.82,,2026-05-24 03:42:01.900000
668,3,175,91602.27,,,81.7,1580.41,136.6,1443.81,,2026-05-24 03:42:01.903333
669,3,176,92007.31,,,82.4,1883.78,486.04,1397.74,,2026-05-24 03:42:01.906666
670,3,177,92401.16,,,82.14,2211.03,831.03,1380.0,,2026-05-24 03:42:01.910000
671,3,178,92740.94,,,77.45,2257.01,1116.23,1140.78,,2026-05-24 03:42:01.910000
672,3,179,93307.19,93198.18,,73.43,2297.03,1352.39,944.64,,2026-05-24 03:42:01.913333
673,3,180,94076.69,93257.35,,76.02,2467.98,1575.51,892.48,,2026-05-24 03:42:01.913333
674,3,181,95046.64,93550.97,,81.4,2904.55,1841.32,1063.23,,2026-05-24 03:42:01.916666
675,3,182,96137.15,93864.11,,81.35,3284.25,2129.9,1154.35,,2026-05-24 03:42:01.920000
676,3,183,97244.06,94186.09,,82.0,3708.29,2445.58,1262.71,,2026-05-24 03:42:01.920000
677,3,184,98266.8,94468.03,,70.82,3791.0,2714.66,1076.33,,2026-05-24 03:42:01.920000
678,3,185,99106.88,94827.45,,71.12,3847.97,2941.32,906.64,,2026-05-24 03:42:01.920000
679,3,186,99887.64,95125.43,,64.86,3749.42,3102.94,646.48,,2026-05-24 03:42:01.923333
680,3,187,100641.74,95390.58,,65.34,3541.72,3190.7,351.02,,2026-05-24 03:42:01.923333
681,3,188,101384.45,95621.36,,64.75,3397.26,3232.01,165.25,,2026-05-24 03:42:01.923333
682,3,189,102070.3,95751.0,,58.41,3242.59,3234.13,8.46,,2026-05-24 03:42:01.923333
683,3,190,102450.52,95882.85,,56.74,2930.33,3173.37,-243.04,,2026-05-24 03:42:01.926666
684,3,191,102846.88,96107.96,,54.86,2692.3,3077.15,-384.86,,2026-05-24 03:42:01.926666
685,3,192,103187.28,96351.32,,64.29,2572.49,2976.22,-403.73,,2026-05-24 03:42:01.926666
686,3,193,103531.2,96558.47,,59.77,2352.69,2851.51,-498.82,,2026-05-24 03:42:01.930000
687,3,194,103885.36,96800.53,,58.27,2261.41,2733.49,-472.09,,2026-05-24 03:42:01.930000
688,3,195,103973.53,96979.81,,42.4,2032.29,2593.25,-560.96,,2026-05-24 03:42:01.930000
689,3,196,104137.64,97156.91,,39.95,1845.23,2443.65,-598.42,,2026-05-24 03:42:01.933333
690,3,197,104255.06,97310.71,,33.41,1714.18,2297.75,-583.58,,2026-05-24 03:42:01.933333
691,3,198,104643.78,97496.9,,52.74,1839.6,2206.12,-366.53,,2026-05-24 03:42:01.933333
692,3,199,105080.96,97808.78,,55.38,2023.93,2169.68,-145.75,,2026-05-24 03:42:01.933333
693,3,200,105353.79,98081.34,,55.51,2048.86,2145.52,-96.66,,2026-05-24 03:42:01.936666
694,3,201,105492.73,98399.05,,63.21,2162.16,2148.85,13.31,,2026-05-24 03:42:01.936666
695,3,202,105569.28,98705.65,,60.1,2197.54,2158.59,38.96,,2026-05-24 03:42:01.936666
696,3,203,105565.05,98989.23,,61.3,2235.3,2173.93,61.37,,2026-05-24 03:42:01.940000
697,3,204,105691.99,99323.5,,69.51,2241.42,2187.43,53.99,,2026-05-24 03:42:01.940000
698,3,205,105672.23,99641.28,,58.11,2022.0,2154.34,-132.34,,2026-05-24 03:42:01.940000
699,3,206,105732.66,99931.66,,55.8,1855.65,2094.6,-238.95,,2026-05-24 03:42:01.940000
700,3,207,105862.24,100195.39,,61.24,1726.75,2021.03,-294.28,,2026-05-24 03:42:01.943333
701,3,208,105838.59,100437.33,,48.83,1420.24,1900.87,-480.64,,2026-05-24 03:42:01.943333
702,3,209,105823.99,100765.33,,55.04,1175.57,1755.81,-580.25,,2026-05-24 03:42:01.946666
703,3,210,106077.75,101201.78,,63.38,1244.5,1653.55,-409.05,,2026-05-24 03:42:01.950000
704,3,211,106410.16,101676.97,,66.49,1449.82,1612.8,-162.98,,2026-05-24 03:42:01.950000
705,3,212,106678.74,102181.52,,59.76,1589.69,1608.18,-18.49,,2026-05-24 03:42:01.950000
706,3,213,107015.36,102654.51,,56.53,1693.1,1625.16,67.94,,2026-05-24 03:42:01.950000
707,3,214,107275.54,103142.23,,60.75,1740.6,1648.25,92.35,,2026-05-24 03:42:01.950000
708,3,215,107627.07,103551.51,,56.69,1771.88,1672.98,98.91,,2026-05-24 03:42:01.950000
709,3,216,107924.31,103944.16,,54.38,1705.21,1679.42,25.79,,2026-05-24 03:42:01.953333
710,3,217,108146.8,104327.41,,48.77,1550.81,1653.7,-102.89,,2026-05-24 03:42:01.953333
711,3,218,108178.0,104676.97,,46.22,1354.6,1593.88,-239.28,,2026-05-24 03:42:01.953333
712,3,219,108118.44,104995.02,,53.8,1147.68,1504.64,-356.96,,2026-05-24 03:42:01.953333
713,3,220,108216.29,105268.24,,59.06,1127.18,1429.15,-301.97,,2026-05-24 03:42:01.956666
714,3,221,108311.1,105566.03,,62.12,1210.56,1385.43,-174.87,,2026-05-24 03:42:01.956666
715,3,222,108365.79,105793.78,,67.36,1169.32,1342.21,-172.89,,2026-05-24 03:42:01.956666
716,3,223,108385.53,106041.97,,65.77,1103.01,1294.37,-191.36,,2026-05-24 03:42:01.956666
717,3,224,108454.5,106287.44,,58.57,1119.03,1259.3,-140.27,,2026-05-24 03:42:01.956666
718,3,225,108562.98,106425.57,,41.94,983.22,1204.08,-220.87,,2026-05-24 03:42:01.960000
719,3,226,108777.92,106639.91,,52.74,1064.05,1176.08,-112.03,,2026-05-24 03:42:01.960000
720,3,227,108923.2,106804.21,,48.23,1026.69,1146.2,-119.51,,2026-05-24 03:42:01.960000
721,3,228,109199.39,107020.71,,49.84,1008.73,1118.71,-109.98,,2026-05-24 03:42:01.963333
722,3,229,109547.08,107261.29,,54.22,1108.91,1116.75,-7.84,,2026-05-24 03:42:01.963333
723,3,230,109781.89,107483.86,,60.46,1268.68,1147.13,121.55,,2026-05-24 03:42:01.963333
724,3,231,109875.99,107608.71,,61.58,1320.4,1181.79,138.61,,2026-05-24 03:42:01.963333
725,3,232,110268.18,107833.93,,74.36,1816.99,1308.83,508.16,,2026-05-24 03:42:01.963333
726,3,233,110659.21,108020.57,,76.2,2195.44,1486.15,709.29,,2026-05-24 03:42:01.963333
727,3,234,110969.44,108223.29,,67.38,2323.78,1653.68,670.11,,2026-05-24 03:42:01.963333
728,3,235,111205.14,108390.81,,60.87,2292.88,1781.52,511.36,,2026-05-24 03:42:01.966666
729,3,236,111484.25,108582.81,,64.43,2240.78,1873.37,367.41,,2026-05-24 03:42:01.966666
730,3,237,111732.52,108763.72,,60.13,2042.49,1907.19,135.29,,2026-05-24 03:42:01.966666
731,3,238,111994.99,108921.19,,56.86,1828.95,1891.54,-62.6,,2026-05-24 03:42:01.966666
732,3,239,112064.58,108992.73,,50.34,1295.33,1772.3,-476.97,,2026-05-24 03:42:01.966666
733,3,240,112182.76,109161.13,,51.24,1094.69,1636.78,-542.09,,2026-05-24 03:42:01.966666
734,3,241,112235.45,109321.47,,54.0,932.84,1495.99,-563.15,,2026-05-24 03:42:01.966666
735,3,242,112378.59,109470.3,,54.72,846.92,1366.18,-519.26,,2026-05-24 03:42:01.970000
736,3,243,112536.36,109644.03,,51.42,772.63,1247.47,-474.84,,2026-05-24 03:42:01.970000
737,3,244,112628.57,109784.73,,47.85,681.58,1134.29,-452.71,,2026-05-24 03:42:01.970000
738,3,245,112792.05,109952.97,,48.97,580.54,1023.54,-443.0,,2026-05-24 03:42:01.970000
739,3,246,112862.99,110130.05,,30.53,545.59,927.95,-382.36,,2026-05-24 03:42:01.970000
740,3,247,113227.77,110393.29,,47.3,892.21,920.8,-28.59,,2026-05-24 03:42:01.973333
741,3,248,113533.22,110576.49,,49.61,1081.98,953.04,128.95,,2026-05-24 03:42:01.973333
742,3,249,113780.4,110741.07,,54.55,1251.1,1012.65,238.45,,2026-05-24 03:42:01.973333
743,3,250,113945.57,110920.57,,53.2,1332.43,1076.61,255.82,,2026-05-24 03:42:01.973333
744,3,251,114127.39,111062.58,,57.19,1348.53,1130.99,217.54,,2026-05-24 03:42:01.973333
745,3,252,113961.11,111190.66,,55.14,1261.51,1157.09,104.41,,2026-05-24 03:42:01.973333
746,3,253,113726.38,111285.1,,67.18,1079.85,1141.65,-61.8,,2026-05-24 03:42:01.976666
747,3,254,113721.4,111435.05,,66.92,1148.62,1143.04,5.58,,2026-05-24 03:42:01.976666
748,3,255,113903.4,111683.29,,71.62,1382.75,1190.98,191.77,,2026-05-24 03:42:01.976666
749,3,256,114066.72,111916.43,,68.73,1518.85,1256.55,262.3,,2026-05-24 03:42:01.976666
750,3,257,114194.3,112096.55,,59.84,1419.24,1289.09,130.15,,2026-05-24 03:42:01.976666
751,3,258,114331.47,112318.34,,60.03,1305.41,1292.36,13.06,,2026-05-24 03:42:01.976666
752,3,259,114711.26,112547.64,,62.03,1242.95,1282.47,-39.53,,2026-05-24 03:42:01.976666
753,3,260,114867.01,112676.84,,55.82,1054.62,1236.9,-182.28,,2026-05-24 03:42:01.980000
754,3,261,114941.84,112734.13,,37.72,773.76,1144.28,-370.51,,2026-05-24 03:42:01.980000
755,3,262,114990.22,112794.9,,40.36,554.23,1026.27,-472.04,,2026-05-24 03:42:01.980000
756,3,263,115027.56,112848.91,,38.27,360.97,893.21,-532.24,,2026-05-24 03:42:01.980000
757,3,264,115153.49,112935.9,,44.92,322.73,779.11,-456.38,,2026-05-24 03:42:01.980000
758,3,265,115306.01,113024.55,,46.92,309.59,685.21,-375.62,,2026-05-24 03:42:01.980000
759,3,266,115511.39,113164.88,,55.22,430.93,634.35,-203.42,,2026-05-24 03:42:01.980000
760,3,267,115456.1,113317.01,,57.96,485.43,604.57,-119.14,,2026-05-24 03:42:01.980000
761,3,268,115496.11,113503.73,,52.66,603.0,604.25,-1.25,,2026-05-24 03:42:01.980000
762,3,269,115539.27,113709.4,,45.14,726.04,628.61,97.43,,2026-05-24 03:42:01.980000
763,3,270,115624.29,113883.77,,48.28,844.04,671.7,172.35,,2026-05-24 03:42:01.980000
764,3,271,115722.86,114027.28,,59.03,916.04,720.57,195.48,,2026-05-24 03:42:01.983333
765,3,272,116022.23,114253.24,,69.69,1198.13,816.08,382.05,,2026-05-24 03:42:01.983333
766,3,273,116473.59,114520.33,,72.45,1548.86,962.64,586.23,,2026-05-24 03:42:01.983333
767,3,274,116731.66,114745.92,,75.16,1721.01,1114.31,606.7,,2026-05-24 03:42:01.983333
768,3,275,116808.55,114981.51,,76.98,1740.56,1239.56,501.0,,2026-05-24 03:42:01.983333
769,3,276,116832.62,115138.31,,69.1,1620.21,1315.69,304.52,,2026-05-24 03:42:01.983333
770,3,277,117065.72,115353.55,,73.37,1651.99,1382.95,269.04,,2026-05-24 03:42:01.986666
771,3,278,117348.11,115577.83,,72.11,1717.1,1449.78,267.32,,2026-05-24 03:42:01.986666
772,3,279,117728.91,115820.37,,75.64,1947.15,1549.25,397.89,,2026-05-24 03:42:01.986666
773,3,280,118253.39,116065.43,,75.09,2209.2,1681.24,527.96,,2026-05-24 03:42:01.986666
774,3,281,118917.3,116350.66,,78.69,2490.51,1843.1,647.41,,2026-05-24 03:42:01.986666
775,3,282,119656.52,116550.23,,79.39,2811.99,2036.88,775.12,,2026-05-24 03:42:01.986666
776,3,283,120534.2,116798.91,,81.48,3237.78,2277.06,960.72,,2026-05-24 03:42:01.986666
777,3,284,121226.41,117038.7,,73.12,3355.88,2492.82,863.06,,2026-05-24 03:42:01.990000
778,3,285,121852.93,117283.66,,70.27,3325.85,2659.43,666.42,,2026-05-24 03:42:01.990000
779,3,286,122417.14,117538.03,,66.73,3300.15,2787.57,512.58,,2026-05-24 03:42:01.990000
780,3,287,122914.34,117789.74,,58.23,3099.87,2850.03,249.84,,2026-05-24 03:42:01.990000
781,3,288,123219.41,117993.5,,53.72,2681.48,2816.32,-134.84,,2026-05-24 03:42:01.990000
782,3,289,123403.14,118244.82,,52.0,2167.33,2686.52,-519.19,,2026-05-24 03:42:01.990000
783,3,290,123537.19,118425.55,,53.9,1690.44,2487.31,-796.86,,2026-05-24 03:42:01.990000
784,3,291,123685.38,118607.25,,50.27,1309.27,2251.7,-942.43,,2026-05-24 03:42:01.993333
785,3,292,123595.59,118740.04,,44.52,852.13,1971.78,-1119.66,,2026-05-24 03:42:01.993333
786,3,293,123388.38,118861.14,,36.47,440.3,1665.49,-1225.19,,2026-05-24 03:42:01.993333
787,3,294,123301.53,119015.1,,36.59,219.68,1376.33,-1156.65,,2026-05-24 03:42:01.993333
788,3,295,123310.98,119189.08,,34.85,102.23,1121.51,-1019.27,,2026-05-24 03:42:01.993333
789,3,296,123392.13,119349.96,,28.97,7.62,898.73,-891.11,,2026-05-24 03:42:01.993333
790,3,297,123476.72,119453.14,,26.11,83.45,735.67,-652.23,,2026-05-24 03:42:01.993333
791,3,298,123594.22,119602.22,,35.88,253.42,639.22,-385.8,,2026-05-24 03:42:01.996666
792,3,299,123817.97,119835.39,,52.47,751.84,661.75,90.09,,2026-05-24 03:42:01.996666
793,3,300,123867.28,120034.12,,46.25,959.47,721.29,238.18,,2026-05-24 03:42:01.996666
794,3,301,123908.83,120263.24,,52.98,1199.99,817.03,382.96,,2026-05-24 03:42:01.996666
795,3,302,123764.59,120471.62,,54.9,1207.81,895.19,312.62,,2026-05-24 03:42:01.996666
796,3,303,123336.41,120642.92,,51.99,953.12,906.77,46.35,,2026-05-24 03:42:01.996666
797,3,304,123040.02,120766.14,,54.39,774.39,880.3,-105.91,,2026-05-24 03:42:01.996666
798,3,305,122848.33,120861.64,,56.21,708.25,845.89,-137.64,,2026-05-24 03:42:01.996666
799,3,306,122628.24,120962.64,,60.8,638.79,804.47,-165.68,,2026-05-24 03:42:02.000000
800,3,307,122625.79,121162.34,,66.74,781.78,799.93,-18.15,,2026-05-24 03:42:02.000000
801,3,308,122556.2,121283.39,,54.02,551.62,750.27,-198.65,,2026-05-24 03:42:02.000000
802,3,309,122718.24,121447.62,,57.3,578.79,715.97,-137.18,,2026-05-24 03:42:02.000000
803,3,310,122816.98,121605.54,,53.64,443.12,661.4,-218.28,,2026-05-24 03:42:02.000000
804,3,311,122971.43,121819.09,,52.64,432.36,615.59,-183.23,,2026-05-24 03:42:02.000000
805,3,312,123382.81,122097.07,,55.64,685.35,629.55,55.81,,2026-05-24 03:42:02.000000
806,3,313,123566.5,122276.71,,39.91,468.54,597.35,-128.81,,2026-05-24 03:42:02.000000
807,3,314,123664.54,122419.52,,42.38,263.74,530.62,-266.89,,2026-05-24 03:42:02.000000
808,3,315,123607.9,122509.84,,36.99,-88.62,406.78,-495.39,,2026-05-24 03:42:02.000000
809,3,316,123561.85,122570.15,,40.12,-348.19,255.78,-603.98,,2026-05-24 03:42:02.000000
810,3,317,123361.41,122615.26,,42.96,-643.88,75.85,-719.73,,2026-05-24 03:42:02.003333
811,3,318,122984.18,122597.45,,38.94,-1038.75,-147.07,-891.68,,2026-05-24 03:42:02.003333
812,3,319,122350.61,122559.93,,35.95,-1377.12,-393.08,-984.04,,2026-05-24 03:42:02.003333
813,3,320,121705.69,122466.68,,33.23,-1818.93,-678.25,-1140.68,,2026-05-24 03:42:02.003333
814,3,321,121025.07,122384.12,,28.07,-2112.53,-965.11,-1147.42,,2026-05-24 03:42:02.003333
815,3,322,120270.11,122170.77,,28.68,-2604.05,-1292.9,-1311.16,,2026-05-24 03:42:02.003333
816,3,323,119520.29,121861.6,,18.7,-3198.3,-1673.98,-1524.32,,2026-05-24 03:42:02.003333
817,3,324,118855.32,121615.61,,26.05,-3460.39,-2031.26,-1429.13,,2026-05-24 03:42:02.003333
818,3,325,117955.67,121320.48,,19.84,-3918.01,-2408.61,-1509.4,,2026-05-24 03:42:02.006666
819,3,326,117008.37,121032.94,,9.56,-4317.49,-2790.38,-1527.1,,2026-05-24 03:42:02.006666
820,3,327,116001.07,120736.48,,16.63,-4472.29,-3126.77,-1345.53,,2026-05-24 03:42:02.006666
821,3,328,115236.11,120438.59,,19.15,-4489.25,-3399.26,-1089.99,,2026-05-24 03:42:02.006666
822,3,329,114214.06,120041.68,,19.07,-4647.77,-3648.97,-998.81,,2026-05-24 03:42:02.006666
823,3,330,113273.36,119613.52,,18.24,-4739.59,-3867.09,-872.5,,2026-05-24 03:42:02.006666
824,3,331,112382.55,119205.19,,26.23,-4577.3,-4009.13,-568.17,,2026-05-24 03:42:02.006666
825,3,332,111455.86,118816.81,,35.7,-4188.91,-4045.09,-143.82,,2026-05-24 03:42:02.006666
826,3,333,110866.4,118409.59,,40.2,-3706.05,-3977.28,271.23,,2026-05-24 03:42:02.010000
827,3,334,110188.0,118004.16,,40.59,-3457.02,-3873.23,416.21,,2026-05-24 03:42:02.010000
828,3,335,109635.48,117622.86,,40.04,-3210.55,-3740.69,530.14,,2026-05-24 03:42:02.010000
829,3,336,109104.37,117245.04,,47.56,-2931.24,-3578.8,647.56,,2026-05-24 03:42:02.010000
830,3,337,108854.41,116991.28,,62.26,-2326.73,-3328.39,1001.66,,2026-05-24 03:42:02.010000
831,3,338,108615.54,116755.9,,54.41,-1979.44,-3058.6,1079.16,,2026-05-24 03:42:02.010000
832,3,339,108436.16,116573.14,,64.73,-1630.7,-2773.02,1142.32,,2026-05-24 03:42:02.010000
833,3,340,108378.34,116403.14,,68.03,-1337.37,-2485.89,1148.52,,2026-05-24 03:42:02.010000
834,3,341,108296.16,116228.43,,65.54,-1099.34,-2208.58,1109.24,,2026-05-24 03:42:02.010000
835,3,342,108393.57,116089.97,,64.37,-899.36,-1946.73,1047.38,,2026-05-24 03:42:02.010000
836,3,343,108566.08,115932.68,,67.77,-851.45,-1727.68,876.23,,2026-05-24 03:42:02.010000
837,3,344,108670.2,115763.08,,69.95,-746.29,-1531.4,785.11,,2026-05-24 03:42:02.013333
838,3,345,108954.65,115577.95,,65.65,-659.39,-1357.0,697.61,,2026-05-24 03:42:02.013333
839,3,346,109419.2,115443.77,,65.45,-382.05,-1162.01,779.96,,2026-05-24 03:42:02.013333
840,3,347,109818.1,115273.03,,61.77,-156.18,-960.84,804.67,,2026-05-24 03:42:02.013333
841,3,348,110091.9,115037.67,,63.12,-123.65,-793.4,669.75,,2026-05-24 03:42:02.013333
842,3,349,110416.75,114681.19,,57.04,-211.71,-677.07,465.35,,2026-05-24 03:42:02.013333
843,3,350,110871.85,114415.35,,61.25,-91.07,-559.87,468.8,,2026-05-24 03:42:02.013333
844,3,351,111299.1,114161.29,,54.19,140.26,-419.84,560.1,,2026-05-24 03:42:02.013333
845,3,352,111591.95,113947.75,,61.87,314.56,-272.96,587.52,,2026-05-24 03:42:02.016666
846,3,353,111600.7,113715.31,,45.05,125.1,-193.35,318.45,,2026-05-24 03:42:02.016666
847,3,354,111649.85,113448.09,,41.58,-131.82,-181.04,49.22,,2026-05-24 03:42:02.016666
848,3,355,111583.25,113116.83,,37.22,-504.32,-245.7,-258.62,,2026-05-24 03:42:02.016666
849,3,356,111335.05,112727.77,,32.27,-1030.52,-402.66,-627.86,,2026-05-24 03:42:02.016666
850,3,357,110756.2,112243.45,,31.3,-1606.31,-643.39,-962.92,,2026-05-24 03:42:02.016666
851,3,112,110335.95,111867.8,,32.82,-1938.93,-902.5,-1036.43,,2026-05-24 03:42:02.016666
852,3,113,109851.15,111426.3,,32.06,-2226.33,-1167.27,-1059.06,,2026-05-24 03:42:02.020000
853,3,114,109300.8,110996.66,,22.94,-2529.19,-1439.65,-1089.54,,2026-05-24 03:42:02.020000
854,3,115,108894.1,110597.5,,31.01,-2515.49,-1654.82,-860.67,,2026-05-24 03:42:02.020000
855,3,116,108456.1,110119.28,,32.53,-2525.07,-1828.87,-696.2,,2026-05-24 03:42:02.020000
856,3,117,108044.05,109723.7,,33.15,-2581.42,-1979.38,-602.04,,2026-05-24 03:42:02.020000
857,3,118,107442.7,109274.34,,22.86,-2840.25,-2151.55,-688.7,,2026-05-24 03:42:02.020000
858,3,119,106836.35,108869.33,,17.15,-3022.64,-2325.77,-696.87,,2026-05-24 03:42:02.020000
859,3,120,106014.5,108424.83,,15.98,-3273.16,-2515.25,-757.91,,2026-05-24 03:42:02.020000
860,3,121,105013.05,107933.68,,16.31,-3714.45,-2755.09,-959.36,,2026-05-24 03:42:02.020000
861,3,122,104127.55,107495.01,,18.92,-3979.1,-2999.89,-979.2,,2026-05-24 03:42:02.020000
862,3,123,103391.75,107097.65,,26.08,-4017.2,-3203.35,-813.85,,2026-05-24 03:42:02.020000
863,3,124,102521.75,106741.77,,29.46,-4028.17,-3368.32,-659.85,,2026-05-24 03:42:02.023333
864,3,125,101435.05,106325.28,,28.85,-4200.81,-3534.81,-665.99,,2026-05-24 03:42:02.023333
865,3,126,100243.2,105936.99,,21.94,-4461.3,-3720.11,-741.19,,2026-05-24 03:42:02.023333
866,3,127,99254.9,105609.15,,22.68,-4612.24,-3898.54,-713.7,,2026-05-24 03:42:02.023333
867,3,128,98259.25,105209.66,,22.47,-4796.71,-4078.17,-718.54,,2026-05-24 03:42:02.023333
868,3,129,97400.45,104894.74,,13.62,-4840.95,-4230.73,-610.22,,2026-05-24 03:42:02.023333
869,3,93,96667.7,104591.5,,13.71,-4859.45,-4356.47,-502.98,,2026-05-24 03:42:02.023333
870,3,74,96162.4,104307.98,,24.19,-4630.94,-4411.37,-219.58,,2026-05-24 03:42:02.026666
871,3,53,95541.55,103989.98,,26.79,-4483.3,-4425.75,-57.55,,2026-05-24 03:42:02.026666
872,3,54,94922.2,103709.56,,26.18,-4363.04,-4413.21,50.17,,2026-05-24 03:42:02.026666
873,3,3,94445.35,103465.46,,34.76,-4094.81,-4349.53,254.72,,2026-05-24 03:42:02.026666
874,3,4,93772.55,103153.5,,39.84,-3928.46,-4265.32,336.86,,2026-05-24 03:42:02.026666
875,3,5,93157.55,102799.96,,40.05,-3710.12,-4154.28,444.16,,2026-05-24 03:42:02.026666
876,3,6,92481.75,102369.84,,29.5,-3671.4,-4057.7,386.3,,2026-05-24 03:42:02.026666
877,3,7,91950.65,101979.4,,29.79,-3612.46,-3968.65,356.19,,2026-05-24 03:42:02.026666
878,3,10,91326.7,101545.82,,30.93,-3685.22,-3911.97,226.74,,2026-05-24 03:42:02.030000
879,3,11,90687.65,101058.14,,31.1,-3866.4,-3902.85,36.46,,2026-05-24 03:42:02.030000
880,3,12,90351.05,100532.34,,40.23,-3764.05,-3875.09,111.04,,2026-05-24 03:42:02.030000
881,3,13,90047.55,100067.82,,47.22,-3549.4,-3809.95,260.56,,2026-05-24 03:42:02.030000
882,3,14,89644.7,99581.06,,44.44,-3375.39,-3723.04,347.65,,2026-05-24 03:42:02.030000
883,3,17,89279.3,99102.16,,46.89,-3167.73,-3611.98,444.25,,2026-05-24 03:42:02.030000
884,3,18,89367.2,98753.7,,56.63,-2455.68,-3380.72,925.04,,2026-05-24 03:42:02.030000
885,3,19,89497.15,98378.42,,55.95,-1975.83,-3099.74,1123.91,,2026-05-24 03:42:02.030000
886,3,20,89656.15,98045.18,,58.58,-1528.71,-2785.53,1256.82,,2026-05-24 03:42:02.030000
887,3,21,90050.15,97761.64,,61.41,-904.83,-2409.39,1504.56,,2026-05-24 03:42:02.030000
888,3,24,90439.65,97488.74,,65.16,-367.28,-2000.97,1633.69,,2026-05-24 03:42:02.030000
889,3,25,90878.2,97175.1,,65.08,97.32,-1581.31,1678.63,,2026-05-24 03:42:02.033333
890,3,26,90856.9,96723.5,,54.32,-85.83,-1282.22,1196.39,,2026-05-24 03:42:02.033333
891,3,27,90795.05,96271.24,,51.23,-377.2,-1101.21,724.01,,2026-05-24 03:42:02.033333
892,3,28,90744.2,95840.54,,54.22,-630.14,-1007.0,376.86,,2026-05-24 03:42:02.033333
893,3,358,90600.45,95356.9,,57.87,-845.06,-974.61,129.55,,2026-05-24 03:42:02.033333
894,3,359,90413.05,94799.08,,49.32,-1163.92,-1012.47,-151.45,,2026-05-24 03:42:02.033333
895,3,360,90411.25,94327.68,,54.74,-1061.13,-1022.2,-38.92,,2026-05-24 03:42:02.033333
896,3,361,90388.25,93884.86,,50.92,-1176.94,-1053.15,-123.79,,2026-05-24 03:42:02.033333
897,3,362,90253.45,93420.84,,46.62,-1445.88,-1131.7,-314.18,,2026-05-24 03:42:02.036666
898,3,363,90193.15,92989.78,,33.16,-1681.35,-1241.63,-439.72,,2026-05-24 03:42:02.036666
899,3,364,90281.05,92636.54,,36.99,-1776.39,-1348.58,-427.81,,2026-05-24 03:42:02.036666
900,3,365,90380.6,92382.1,,41.63,-1611.8,-1401.22,-210.58,,2026-05-24 03:42:02.036666
901,3,366,90327.85,92064.58,,32.0,-1615.89,-1444.16,-171.73,,2026-05-24 03:42:02.036666
902,3,367,90297.25,91759.5,,30.82,-1599.95,-1475.32,-124.64,,2026-05-24 03:42:02.036666
903,3,368,90462.1,91566.68,,39.36,-1224.54,-1425.16,200.62,,2026-05-24 03:42:02.036666
904,3,369,90177.9,91267.22,,45.69,-1119.64,-1364.06,244.42,,2026-05-24 03:42:02.040000
905,3,370,90010.75,91000.28,,51.11,-943.97,-1280.04,336.07,,2026-05-24 03:42:02.040000
906,3,371,89788.8,90743.08,,50.87,-834.34,-1190.9,356.56,,2026-05-24 03:42:02.040000
907,3,372,89487.2,90579.44,,54.34,-609.87,-1074.69,464.82,,2026-05-24 03:42:02.040000
908,3,373,89191.7,90430.88,,59.61,-378.87,-935.53,556.66,,2026-05-24 03:42:02.040000
909,3,374,88932.6,90342.34,,54.25,-96.25,-767.67,671.42,,2026-05-24 03:42:02.040000
910,3,375,89142.6,90375.32,,65.56,328.65,-548.41,877.06,,2026-05-24 03:42:02.040000
911,3,376,89443.05,90397.44,,73.08,653.26,-308.07,961.34,,2026-05-24 03:42:02.040000
912,3,377,89702.05,90364.66,,70.75,805.06,-85.45,890.5,,2026-05-24 03:42:02.040000
913,3,378,89895.6,90306.44,,64.36,786.45,88.93,697.52,,2026-05-24 03:42:02.043333
914,3,379,90063.55,90250.48,,52.34,561.97,183.54,378.43,,2026-05-24 03:42:02.043333
915,3,380,90046.9,90249.16,,58.56,424.52,231.74,192.79,,2026-05-24 03:42:02.043333
916,3,381,90060.7,90207.18,,53.28,152.13,215.81,-63.68,,2026-05-24 03:42:02.043333
917,3,382,90251.15,90217.6,,45.47,27.21,178.09,-150.88,,2026-05-24 03:42:02.043333
918,3,383,90474.2,90219.28,,52.85,-60.2,130.43,-190.64,,2026-05-24 03:42:02.043333
919,3,384,90654.1,90231.1,,49.87,-126.57,79.03,-205.6,,2026-05-24 03:42:02.043333
920,3,385,90635.05,90171.16,,47.59,-275.72,8.08,-283.8,,2026-05-24 03:42:02.043333
921,3,386,90895.2,90206.04,,53.45,-95.39,-12.61,-82.78,,2026-05-24 03:42:02.046666
922,3,387,91154.8,90252.54,,51.87,46.81,-0.73,47.54,,2026-05-24 03:42:02.046666
923,3,388,91051.25,90209.04,,41.11,-76.99,-15.98,-61.01,,2026-05-24 03:42:02.046666
924,3,389,91061.65,90182.86,,31.86,-194.49,-51.68,-142.81,,2026-05-24 03:42:02.046666
925,3,390,90809.15,90060.92,,25.67,-623.05,-165.96,-457.09,,2026-05-24 03:42:02.046666
926,3,391,90736.4,90044.94,,36.82,-703.7,-273.5,-430.19,,2026-05-24 03:42:02.046666
927,3,392,90458.0,89982.38,,35.48,-957.9,-410.38,-547.51,,2026-05-24 03:42:02.050000
928,3,393,90221.5,89988.8,,43.32,-1031.11,-534.53,-496.58,,2026-05-24 03:42:02.050000
929,3,394,89911.4,90031.84,,41.46,-1096.82,-646.99,-449.83,,2026-05-24 03:42:02.050000
930,3,395,89639.0,90090.5,,52.83,-873.28,-692.24,-181.03,,2026-05-24 03:42:02.050000
931,3,396,89310.35,90102.56,,48.06,-782.47,-710.29,-72.18,,2026-05-24 03:42:02.050000
932,3,397,88908.65,90070.24,,43.05,-914.05,-751.04,-163.01,,2026-05-24 03:42:02.050000
933,3,398,88499.15,89994.38,,40.35,-1147.51,-830.34,-317.18,,2026-05-24 03:42:02.050000
934,4,130,,,,,0.0,0.0,0.0,,2026-05-24 03:42:02.066666
935,4,131,,,,,16.67,3.33,13.33,,2026-05-24 03:42:02.066666
936,4,132,,,,,49.63,12.59,37.04,,2026-05-24 03:42:02.066666
937,4,133,,,,,70.67,24.21,46.46,,2026-05-24 03:42:02.070000
938,4,134,,,,,76.85,34.74,42.11,,2026-05-24 03:42:02.070000
939,4,135,,,,,88.32,45.45,42.86,,2026-05-24 03:42:02.070000
940,4,136,,,,,94.94,55.35,39.59,,2026-05-24 03:42:02.073333
941,4,137,,,,,78.55,59.99,18.56,,2026-05-24 03:42:02.073333
942,4,138,,,,,73.74,62.74,11.0,,2026-05-24 03:42:02.076666
943,4,139,,,,,60.77,62.35,-1.58,,2026-05-24 03:42:02.076666
944,4,140,,,,,48.15,59.51,-11.35,,2026-05-24 03:42:02.080000
945,4,141,,,,,27.51,53.11,-25.59,,2026-05-24 03:42:02.080000
946,4,142,,,,,2.02,42.89,-40.87,,2026-05-24 03:42:02.080000
947,4,143,,,,41.25,-28.83,28.55,-57.37,,2026-05-24 03:42:02.086666
948,4,144,,,,42.04,-50.91,12.66,-63.56,,2026-05-24 03:42:02.090000
949,4,145,,,,40.4,-54.55,-0.79,-53.77,,2026-05-24 03:42:02.090000
950,4,146,,,,37.46,-42.67,-9.16,-33.51,,2026-05-24 03:42:02.093333
951,4,147,,,,38.24,-34.63,-14.25,-20.37,,2026-05-24 03:42:02.093333
952,4,148,,,,47.78,-14.93,-14.39,-0.54,,2026-05-24 03:42:02.093333
953,4,149,11563.3,,,49.46,12.23,-9.07,21.3,,2026-05-24 03:42:02.093333
954,4,150,11615.78,,,65.2,87.92,10.33,77.59,,2026-05-24 03:42:02.096666
955,4,151,11665.36,,,75.47,158.26,39.92,118.34,,2026-05-24 03:42:02.096666
956,4,152,11703.2,,,74.33,212.92,74.52,138.4,,2026-05-24 03:42:02.096666
957,4,153,11725.55,,,66.02,224.38,104.49,119.89,,2026-05-24 03:42:02.100000
958,4,154,11763.83,,,69.34,246.74,132.94,113.8,,2026-05-24 03:42:02.100000
959,4,155,11788.88,,,68.16,247.81,155.91,91.9,,2026-05-24 03:42:02.100000
960,4,156,11819.22,,,72.36,252.93,175.32,77.61,,2026-05-24 03:42:02.103333
961,4,157,11846.51,,,67.46,228.69,185.99,42.7,,2026-05-24 03:42:02.103333
962,4,158,11828.96,,,51.9,144.5,177.69,-33.2,,2026-05-24 03:42:02.106666
963,4,159,11778.83,,,40.23,16.52,145.46,-128.94,,2026-05-24 03:42:02.106666
964,4,160,11719.95,,,35.67,-99.65,96.44,-196.09,,2026-05-24 03:42:02.106666
965,4,161,11695.6,,,43.71,-144.63,48.22,-192.85,,2026-05-24 03:42:02.110000
966,4,162,11651.18,,,37.32,-219.27,-5.27,-214.0,,2026-05-24 03:42:02.110000
967,4,163,11626.06,,,38.62,-255.31,-55.28,-200.03,,2026-05-24 03:42:02.110000
968,4,164,11590.09,,,27.79,-296.19,-103.46,-192.72,,2026-05-24 03:42:02.110000
969,4,165,11574.56,,,33.89,-279.13,-138.6,-140.54,,2026-05-24 03:42:02.113333
970,4,166,11550.7,,,33.8,-261.79,-163.23,-98.55,,2026-05-24 03:42:02.113333
971,4,167,11535.88,,,38.57,-232.54,-177.1,-55.44,,2026-05-24 03:42:02.113333
972,4,168,11503.21,,,34.43,-222.44,-186.16,-36.28,,2026-05-24 03:42:02.113333
973,4,169,11472.1,,,38.07,-197.96,-188.52,-9.44,,2026-05-24 03:42:02.116666
974,4,170,11404.05,,,36.47,-180.91,-187.0,6.09,,2026-05-24 03:42:02.116666
975,4,171,11337.85,,,41.57,-150.49,-179.7,29.21,,2026-05-24 03:42:02.120000
976,4,172,11282.8,,,53.03,-105.8,-164.92,59.12,,2026-05-24 03:42:02.120000
977,4,173,11264.84,,,68.71,-39.35,-139.8,100.46,,2026-05-24 03:42:02.123333
978,4,174,11253.89,,,75.01,40.29,-103.78,144.08,,2026-05-24 03:42:02.123333
979,4,175,11247.68,,,69.11,96.16,-63.8,159.96,,2026-05-24 03:42:02.126666
980,4,176,11220.78,,,73.26,112.91,-28.45,141.37,,2026-05-24 03:42:02.130000
981,4,177,11216.07,,,72.17,134.8,4.2,130.61,,2026-05-24 03:42:02.130000
982,4,178,11242.05,,,72.74,136.78,30.71,106.06,,2026-05-24 03:42:02.130000
983,4,179,11310.26,11573.94,,67.51,143.78,53.33,90.46,,2026-05-24 03:42:02.133333
984,4,180,11384.03,11581.77,,65.16,140.77,70.82,69.96,,2026-05-24 03:42:02.133333
985,4,181,11432.7,11586.64,,63.79,141.68,84.99,56.69,,2026-05-24 03:42:02.133333
986,4,182,11515.6,11589.88,,71.26,154.33,98.86,55.47,,2026-05-24 03:42:02.133333
987,4,183,11580.6,11592.01,,65.98,153.87,109.86,44.01,,2026-05-24 03:42:02.133333
988,4,184,11658.65,11597.85,,68.4,157.02,119.29,37.73,,2026-05-24 03:42:02.136666
989,4,185,11713.75,11604.08,,67.4,166.8,128.79,38.0,,2026-05-24 03:42:02.136666
990,4,186,11761.7,11608.0,,59.92,161.94,135.42,26.52,,2026-05-24 03:42:02.136666
991,4,187,11814.85,11622.31,,57.73,177.28,143.79,33.48,,2026-05-24 03:42:02.136666
992,4,188,11869.9,11631.26,,45.7,174.82,150.0,24.82,,2026-05-24 03:42:02.140000
993,4,189,11910.95,11640.24,,45.05,162.61,152.52,10.09,,2026-05-24 03:42:02.140000
994,4,190,11963.55,11653.17,,58.4,165.24,155.07,10.17,,2026-05-24 03:42:02.140000
995,4,191,11996.4,11664.52,,49.29,148.89,153.83,-4.94,,2026-05-24 03:42:02.140000
996,4,192,12020.4,11679.39,,55.77,139.42,150.95,-11.53,,2026-05-24 03:42:02.140000
997,4,193,12048.7,11706.28,,63.44,167.5,154.26,13.24,,2026-05-24 03:42:02.140000
998,4,194,12075.15,11738.79,,70.36,211.76,165.76,46.0,,2026-05-24 03:42:02.143333
999,4,195,12090.4,11762.03,,61.64,220.1,176.63,43.47,,2026-05-24 03:42:02.143333
1000,4,196,12125.35,11783.1,,60.11,229.62,187.23,42.4,,2026-05-24 03:42:02.146666
1001,4,197,12182.2,11815.89,,69.83,279.46,205.67,73.79,,2026-05-24 03:42:02.146666
1002,4,198,12250.25,11846.49,,69.7,319.55,228.45,91.1,,2026-05-24 03:42:02.150000
1003,4,199,12305.8,11870.94,,64.81,334.4,249.64,84.76,,2026-05-24 03:42:02.150000
1004,4,200,12365.15,11881.52,,67.56,341.42,267.99,73.42,,2026-05-24 03:42:02.150000
1005,4,201,12424.3,11890.22,,65.08,347.58,283.91,63.67,,2026-05-24 03:42:02.150000
1006,4,202,12486.85,11903.34,,71.74,367.42,300.61,66.81,,2026-05-24 03:42:02.150000
1007,4,203,12548.05,11921.02,,70.95,368.02,314.09,53.93,,2026-05-24 03:42:02.153333
1008,4,204,12618.45,11939.69,,71.7,384.24,328.12,56.11,,2026-05-24 03:42:02.153333
1009,4,205,12674.45,11958.31,,72.53,378.68,338.23,40.45,,2026-05-24 03:42:02.153333
1010,4,206,12708.1,11963.55,,59.49,323.75,335.34,-11.59,,2026-05-24 03:42:02.156666
1011,4,207,12736.15,11978.17,,55.32,289.06,326.08,-37.02,,2026-05-24 03:42:02.156666
1012,4,208,12766.55,12006.3,,48.46,249.9,310.84,-60.95,,2026-05-24 03:42:02.156666
1013,4,209,12801.5,12049.31,,53.88,215.33,291.74,-76.41,,2026-05-24 03:42:02.156666
1014,4,210,12828.75,12096.69,,53.02,187.55,270.9,-83.36,,2026-05-24 03:42:02.160000
1015,4,211,12887.75,12141.38,,50.34,197.78,256.28,-58.49,,2026-05-24 03:42:02.160000
1016,4,212,12945.65,12197.18,,50.08,206.82,246.39,-39.57,,2026-05-24 03:42:02.160000
1017,4,213,13020.75,12264.16,,66.16,276.08,252.33,23.76,,2026-05-24 03:42:02.163333
1018,4,214,13080.75,12335.06,,66.39,327.28,267.32,59.96,,2026-05-24 03:42:02.166666
1019,4,215,13159.95,12396.18,,66.69,370.36,287.93,82.44,,2026-05-24 03:42:02.166666
1020,4,216,13241.5,12459.42,,65.29,409.15,312.17,96.98,,2026-05-24 03:42:02.166666
1021,4,217,13279.2,12513.22,,61.53,409.91,331.72,78.19,,2026-05-24 03:42:02.166666
1022,4,218,13322.1,12574.04,,60.34,418.35,349.04,69.31,,2026-05-24 03:42:02.166666
1023,4,219,13370.75,12630.4,,63.01,416.45,362.53,53.93,,2026-05-24 03:42:02.170000
1024,4,220,13428.4,12691.26,,80.41,423.78,374.78,49.0,,2026-05-24 03:42:02.170000
1025,4,221,13487.05,12749.9,,79.81,430.83,385.99,44.85,,2026-05-24 03:42:02.170000
1026,4,222,13539.8,12806.14,,84.45,441.02,397.0,44.03,,2026-05-24 03:42:02.170000
1027,4,223,13598.0,12854.28,,83.99,441.91,405.98,35.93,,2026-05-24 03:42:02.170000
1028,4,224,13638.3,12893.46,,80.22,428.95,410.57,18.38,,2026-05-24 03:42:02.170000
1029,4,225,13689.1,12934.88,,76.53,416.78,411.81,4.96,,2026-05-24 03:42:02.173333
1030,4,226,13754.85,12977.18,,66.95,380.08,405.47,-25.39,,2026-05-24 03:42:02.173333
1031,4,227,13829.65,13023.6,,58.51,373.48,399.07,-25.59,,2026-05-24 03:42:02.173333
1032,4,228,13922.25,13078.38,,63.34,383.75,396.0,-12.25,,2026-05-24 03:42:02.176666
1033,4,229,14017.05,13132.02,,62.4,389.9,394.78,-4.88,,2026-05-24 03:42:02.176666
1034,4,230,14105.0,13185.08,,56.8,381.1,392.05,-10.94,,2026-05-24 03:42:02.180000
1035,4,231,14168.55,13235.72,,64.75,365.08,386.66,-21.57,,2026-05-24 03:42:02.180000
1036,4,232,14210.7,13275.22,,49.73,317.5,372.82,-55.33,,2026-05-24 03:42:02.180000
1037,4,233,14226.15,13322.38,,56.87,298.53,357.97,-59.43,,2026-05-24 03:42:02.183333
1038,4,234,14233.4,13364.96,,49.51,267.27,339.83,-72.56,,2026-05-24 03:42:02.183333
1039,4,235,14242.1,13407.52,,50.31,248.75,321.61,-72.86,,2026-05-24 03:42:02.183333
1040,4,236,14261.35,13459.28,,54.42,257.48,308.79,-51.3,,2026-05-24 03:42:02.183333
1041,4,237,14293.0,13504.48,,53.58,256.21,298.27,-42.06,,2026-05-24 03:42:02.183333
1042,4,238,14357.55,13569.1,,67.02,317.31,302.08,15.23,,2026-05-24 03:42:02.186666
1043,4,239,14436.0,13640.42,,68.88,379.98,317.66,62.33,,2026-05-24 03:42:02.186666
1044,4,240,14496.75,13704.54,,70.88,410.08,336.14,73.94,,2026-05-24 03:42:02.186666
1045,4,241,14554.75,13773.24,,67.91,430.75,355.06,75.68,,2026-05-24 03:42:02.186666
1046,4,242,14632.3,13850.9,,70.48,482.79,380.61,102.18,,2026-05-24 03:42:02.190000
1047,4,243,14753.5,13936.2,,76.33,585.63,421.61,164.02,,2026-05-24 03:42:02.190000
1048,4,244,14867.0,14010.2,,73.7,638.63,465.02,173.61,,2026-05-24 03:42:02.190000
1049,4,245,14987.9,14093.88,,75.81,687.55,509.52,178.03,,2026-05-24 03:42:02.190000
1050,4,246,15148.65,14186.5,,85.07,759.21,559.46,199.75,,2026-05-24 03:42:02.190000
1051,4,247,15293.4,14268.08,,84.15,807.66,609.1,198.56,,2026-05-24 03:42:02.190000
1052,4,248,15428.6,14349.72,,87.67,840.88,655.46,185.42,,2026-05-24 03:42:02.193333
1053,4,249,15557.75,14432.8,,85.42,850.14,694.39,155.75,,2026-05-24 03:42:02.193333
1054,4,250,15620.45,14487.2,,60.97,732.52,702.02,30.5,,2026-05-24 03:42:02.196666
1055,4,251,15679.75,14537.9,,60.24,621.81,685.98,-64.17,,2026-05-24 03:42:02.196666
1056,4,252,15763.7,14585.96,,54.1,536.44,656.07,-119.63,,2026-05-24 03:42:02.196666
1057,4,253,15830.8,14635.48,,50.95,458.5,616.56,-158.06,,2026-05-24 03:42:02.200000
1058,4,254,15905.5,14679.78,,53.02,391.33,571.51,-180.18,,2026-05-24 03:42:02.200000
1059,4,255,15966.6,14724.38,,50.87,321.56,521.52,-199.96,,2026-05-24 03:42:02.200000
1060,4,256,15986.25,14770.54,,39.3,223.19,461.85,-238.67,,2026-05-24 03:42:02.200000
1061,4,257,16012.55,14815.04,,26.17,148.99,399.28,-250.29,,2026-05-24 03:42:02.200000
1062,4,258,16007.45,14865.46,,32.03,104.09,340.24,-236.16,,2026-05-24 03:42:02.203333
1063,4,259,15978.15,14911.08,,26.29,47.53,281.7,-234.17,,2026-05-24 03:42:02.203333
1064,4,260,15936.6,14947.68,,12.23,-31.54,219.05,-250.59,,2026-05-24 03:42:02.203333
1065,4,261,15882.0,14970.94,,11.17,-112.2,152.8,-265.0,,2026-05-24 03:42:02.206666
1066,4,262,15785.25,14986.74,,9.0,-200.59,82.12,-282.72,,2026-05-24 03:42:02.206666
1067,4,263,15640.6,14984.14,,8.96,-276.42,10.42,-286.84,,2026-05-24 03:42:02.206666
1068,4,264,15513.4,14983.26,,16.75,-325.74,-56.82,-268.92,,2026-05-24 03:42:02.206666
1069,4,265,15377.0,14980.7,,17.6,-360.67,-117.59,-243.08,,2026-05-24 03:42:02.210000
1070,4,266,15211.05,14974.32,,13.6,-389.9,-172.05,-217.85,,2026-05-24 03:42:02.213333
1071,4,267,15040.6,14972.64,,13.51,-414.59,-220.56,-194.03,,2026-05-24 03:42:02.213333
1072,4,268,14866.3,14967.4,,13.46,-430.88,-262.62,-168.26,,2026-05-24 03:42:02.216666
1073,4,269,14692.0,14961.3,,13.83,-445.91,-299.28,-146.63,,2026-05-24 03:42:02.216666
1074,4,270,14609.2,14959.52,,30.9,-421.82,-323.79,-98.03,,2026-05-24 03:42:02.220000
1075,4,271,14571.35,14971.62,,46.78,-336.63,-326.36,-10.27,,2026-05-24 03:42:02.220000
1076,4,272,14518.95,14977.62,,40.69,-280.81,-317.25,36.44,,2026-05-24 03:42:02.220000
1077,4,273,14443.1,14973.52,,37.3,-276.23,-309.04,32.81,,2026-05-24 03:42:02.223333
1078,4,274,14351.15,14964.92,,38.41,-296.06,-306.45,10.39,,2026-05-24 03:42:02.226666
1079,4,275,14262.15,14953.6,,40.13,-316.2,-308.4,-7.8,,2026-05-24 03:42:02.230000
1080,4,276,14202.45,14949.58,,46.56,-321.67,-311.05,-10.62,,2026-05-24 03:42:02.233333
1081,4,277,14126.6,14933.82,,44.33,-342.64,-317.37,-25.27,,2026-05-24 03:42:02.233333
1082,4,278,14057.0,14919.36,,48.21,-330.27,-319.95,-10.32,,2026-05-24 03:42:02.233333
1083,4,279,13998.0,14903.46,,47.61,-320.09,-319.98,-0.11,,2026-05-24 03:42:02.236666
1084,4,280,13995.45,14903.86,,57.96,-252.62,-306.51,53.88,,2026-05-24 03:42:02.236666
1085,4,281,14016.75,14910.22,,61.55,-177.9,-280.79,102.89,,2026-05-24 03:42:02.236666
1086,4,282,14033.5,14915.86,,55.99,-151.07,-254.84,103.77,,2026-05-24 03:42:02.240000
1087,4,283,14072.4,14922.64,,60.18,-101.85,-224.24,122.4,,2026-05-24 03:42:02.240000
1088,4,284,14093.2,14927.18,,53.21,-84.06,-196.21,112.15,,2026-05-24 03:42:02.240000
1089,4,285,14137.75,14938.96,,49.98,-31.27,-163.22,131.95,,2026-05-24 03:42:02.243333
1090,4,286,14203.8,14951.3,,56.04,38.76,-122.82,161.59,,2026-05-24 03:42:02.243333
1091,4,287,14276.75,14966.14,,64.17,97.97,-78.66,176.64,,2026-05-24 03:42:02.246666
1092,4,288,14361.5,14968.98,,71.69,160.4,-30.85,191.25,,2026-05-24 03:42:02.246666
1093,4,289,14444.75,14964.8,,71.33,197.91,14.9,183.01,,2026-05-24 03:42:02.250000
1094,4,290,14505.05,14962.84,,69.36,219.22,55.77,163.46,,2026-05-24 03:42:02.250000
1095,4,291,14588.2,14985.0,,80.77,331.38,110.89,220.49,,2026-05-24 03:42:02.250000
1096,4,292,14668.7,14992.18,,75.49,396.49,168.01,228.48,,2026-05-24 03:42:02.250000
1097,4,293,14791.2,14988.6,,77.6,467.63,227.93,239.7,,2026-05-24 03:42:02.250000
1098,4,294,14918.0,14985.32,,70.01,498.34,282.01,216.32,,2026-05-24 03:42:02.253333
1099,4,295,15044.25,14976.14,,66.67,507.86,327.18,180.68,,2026-05-24 03:42:02.253333
1100,4,296,15188.75,14965.62,,76.29,545.35,370.82,174.54,,2026-05-24 03:42:02.253333
1101,4,297,15347.25,14955.36,,74.55,570.51,410.75,159.75,,2026-05-24 03:42:02.253333
1102,4,298,15488.7,14943.4,,79.21,581.4,444.88,136.52,,2026-05-24 03:42:02.256666
1103,4,299,15633.7,14933.84,,76.55,585.7,473.05,112.65,,2026-05-24 03:42:02.256666
1104,4,300,15768.7,14963.16,,77.49,622.28,502.89,119.39,,2026-05-24 03:42:02.256666
1105,4,301,15877.2,14989.2,,71.29,620.56,526.43,94.13,,2026-05-24 03:42:02.260000
1106,4,302,16012.1,15015.22,,70.45,620.51,545.24,75.27,,2026-05-24 03:42:02.260000
1107,4,303,16144.4,15048.08,,74.72,635.74,563.34,72.4,,2026-05-24 03:42:02.260000
1108,4,304,16291.8,15081.7,,76.3,642.58,579.19,63.39,,2026-05-24 03:42:02.260000
1109,4,305,16389.95,15108.3,,54.73,599.93,583.34,16.59,,2026-05-24 03:42:02.263333
1110,4,306,16481.55,15149.42,,62.11,577.55,582.18,-4.63,,2026-05-24 03:42:02.263333
1111,4,307,16546.35,15179.66,,49.62,515.46,568.84,-53.38,,2026-05-24 03:42:02.266666
1112,4,308,16596.2,15204.48,,52.2,454.24,545.92,-91.68,,2026-05-24 03:42:02.266666
1113,4,309,16671.5,15242.14,,59.33,432.13,523.16,-91.03,,2026-05-24 03:42:02.266666
1114,4,310,16747.3,15287.12,,52.08,404.86,499.5,-94.64,,2026-05-24 03:42:02.266666
1115,4,311,16742.2,15329.08,,45.75,347.77,469.15,-121.39,,2026-05-24 03:42:02.270000
1116,4,312,16774.4,15387.84,,53.2,339.6,443.24,-103.64,,2026-05-24 03:42:02.270000
1117,4,313,16787.5,15447.36,,51.85,323.5,419.29,-95.79,,2026-05-24 03:42:02.270000
1118,4,314,16808.7,15503.44,,43.73,300.43,395.52,-95.09,,2026-05-24 03:42:02.270000
1119,4,315,16832.2,15558.22,,46.75,273.74,371.16,-97.43,,2026-05-24 03:42:02.270000
1120,4,316,16849.0,15620.8,,49.96,274.84,351.9,-77.06,,2026-05-24 03:42:02.273333
1121,4,317,16874.2,15688.8,,48.68,287.96,339.11,-51.15,,2026-05-24 03:42:02.273333
1122,4,318,16888.25,15752.18,,44.91,274.86,326.26,-51.4,,2026-05-24 03:42:02.273333
1123,4,319,16877.55,15808.06,,45.48,224.37,305.88,-81.51,,2026-05-24 03:42:02.273333
1124,4,320,16858.9,15863.04,,47.2,209.46,286.6,-77.14,,2026-05-24 03:42:02.276666
1125,4,321,16854.4,15902.42,,54.02,194.67,268.21,-73.54,,2026-05-24 03:42:02.276666
1126,4,322,16814.35,15933.38,,46.51,132.52,241.07,-108.55,,2026-05-24 03:42:02.276666
1127,4,323,16739.1,15966.48,,35.81,48.5,202.56,-154.06,,2026-05-24 03:42:02.280000
1128,4,324,16651.7,16001.92,,34.42,-35.12,155.02,-190.14,,2026-05-24 03:42:02.280000
1129,4,325,16601.2,16043.92,,41.93,-82.04,107.61,-189.65,,2026-05-24 03:42:02.280000
1130,4,326,16550.5,16088.64,,37.14,-100.32,66.03,-166.34,,2026-05-24 03:42:02.283333
1131,4,327,16508.85,16132.56,,34.92,-137.03,25.41,-162.44,,2026-05-24 03:42:02.283333
1132,4,328,16475.2,16171.76,,37.06,-158.16,-11.3,-146.86,,2026-05-24 03:42:02.283333
1133,4,329,16418.75,16210.44,,37.04,-178.26,-44.69,-133.57,,2026-05-24 03:42:02.283333
1134,4,330,16366.25,16235.44,,31.51,-190.71,-73.9,-116.81,,2026-05-24 03:42:02.283333
1135,4,331,16331.9,16255.14,,27.17,-200.44,-99.2,-101.23,,2026-05-24 03:42:02.286666
1136,4,332,16275.0,16284.44,,30.78,-201.23,-119.61,-81.62,,2026-05-24 03:42:02.286666
1137,4,333,16213.9,16303.96,,34.25,-212.08,-138.1,-73.97,,2026-05-24 03:42:02.286666
1138,4,334,16164.8,16332.08,,29.46,-205.8,-151.64,-54.16,,2026-05-24 03:42:02.290000
1139,4,335,16150.0,16363.12,,43.38,-148.99,-151.11,2.12,,2026-05-24 03:42:02.290000
1140,4,336,16092.5,16376.28,,44.32,-145.79,-150.05,4.26,,2026-05-24 03:42:02.290000
1141,4,337,16028.15,16389.36,,52.34,-137.15,-147.47,10.32,,2026-05-24 03:42:02.290000
1142,4,338,15987.6,16402.62,,60.37,-110.95,-140.16,29.22,,2026-05-24 03:42:02.290000
1143,4,339,15987.2,16425.04,,61.9,-62.19,-124.57,62.38,,2026-05-24 03:42:02.290000
1144,4,340,15977.8,16452.14,,61.1,-10.44,-101.74,91.3,,2026-05-24 03:42:02.293333
1145,4,341,15977.75,16458.24,,70.43,44.42,-72.51,116.93,,2026-05-24 03:42:02.293333
1146,4,342,16012.6,16470.94,,70.61,94.24,-39.16,133.4,,2026-05-24 03:42:02.293333
1147,4,343,16070.7,16478.28,,72.84,135.47,-4.23,139.7,,2026-05-24 03:42:02.296666
1148,4,344,16141.7,16491.4,,73.1,169.58,30.53,139.05,,2026-05-24 03:42:02.296666
1149,4,345,16207.3,16509.14,,74.97,203.94,65.21,138.73,,2026-05-24 03:42:02.300000
1150,4,346,16285.35,16527.28,,78.2,265.95,105.36,160.59,,2026-05-24 03:42:02.303333
1151,4,347,16375.5,16543.86,,80.84,307.27,145.74,161.53,,2026-05-24 03:42:02.306666
1152,4,348,16470.9,16564.64,,81.0,350.59,186.71,163.88,,2026-05-24 03:42:02.306666
1153,4,349,16563.2,16582.24,,72.51,370.24,223.42,146.82,,2026-05-24 03:42:02.306666
1154,4,350,16651.65,16588.62,,88.67,376.55,254.04,122.51,,2026-05-24 03:42:02.310000
1155,4,351,16745.5,16602.46,,88.8,383.66,279.97,103.7,,2026-05-24 03:42:02.310000
1156,4,352,16815.7,16605.88,,72.1,351.68,294.31,57.37,,2026-05-24 03:42:02.313333
1157,4,353,16913.2,16611.48,,72.69,353.64,306.18,47.47,,2026-05-24 03:42:02.316666
1158,4,354,17020.2,16623.44,,74.62,378.68,320.68,58.0,,2026-05-24 03:42:02.316666
1159,4,355,17083.35,16640.48,,65.79,373.55,331.25,42.3,,2026-05-24 03:42:02.320000
1160,4,356,17173.45,16653.04,,64.58,365.28,338.06,27.22,,2026-05-24 03:42:02.320000
1161,4,357,17244.2,16668.5,,56.63,328.23,336.09,-7.86,,2026-05-24 03:42:02.320000
1162,4,112,17354.7,16706.02,,67.64,376.75,344.22,32.53,,2026-05-24 03:42:02.320000
1163,4,113,17411.7,16721.12,,55.67,352.08,345.79,6.28,,2026-05-24 03:42:02.323333
1164,4,114,17490.55,16749.44,,56.92,376.44,351.92,24.52,,2026-05-24 03:42:02.323333
1165,4,115,17564.7,16787.24,,58.35,397.93,361.12,36.81,,2026-05-24 03:42:02.323333
1166,4,116,17617.95,16808.36,,52.78,384.24,365.75,18.49,,2026-05-24 03:42:02.323333
1167,4,117,17673.45,16832.66,,55.08,375.99,367.79,8.19,,2026-05-24 03:42:02.323333
1168,4,118,17728.5,16859.32,,56.11,367.87,367.81,0.06,,2026-05-24 03:42:02.326666
1169,4,119,17796.9,16895.02,,58.8,388.19,371.89,16.31,,2026-05-24 03:42:02.326666
1170,4,120,17853.15,16928.94,,65.81,417.72,381.05,36.66,,2026-05-24 03:42:02.326666
1171,4,121,17910.3,16958.3,,62.31,433.3,391.5,41.8,,2026-05-24 03:42:02.326666
1172,4,122,17904.65,16971.2,,46.9,354.81,384.16,-29.35,,2026-05-24 03:42:02.326666
1173,4,123,17946.45,17009.8,,56.55,354.69,378.27,-23.58,,2026-05-24 03:42:02.326666
1174,4,124,18011.65,17049.72,,59.43,383.02,379.22,3.8,,2026-05-24 03:42:02.326666
1175,4,125,18090.45,17096.88,,64.92,429.01,389.18,39.83,,2026-05-24 03:42:02.330000
1176,4,126,18191.75,17156.84,,58.28,462.86,403.91,58.95,,2026-05-24 03:42:02.330000
1177,4,127,18289.2,17231.52,,69.93,509.0,424.93,84.07,,2026-05-24 03:42:02.330000
1178,4,128,18354.8,17304.68,,61.34,516.06,443.16,72.9,,2026-05-24 03:42:02.330000
1179,4,129,18447.25,17378.9,,62.97,538.12,462.15,75.97,,2026-05-24 03:42:02.330000
1180,4,93,18540.5,17449.04,,67.82,550.55,479.83,70.72,,2026-05-24 03:42:02.330000
1181,4,74,18671.7,17533.64,,70.16,588.15,501.49,86.66,,2026-05-24 03:42:02.330000
1182,4,53,18727.1,17606.78,,63.22,571.27,515.45,55.82,,2026-05-24 03:42:02.330000
1183,4,54,18833.45,17687.0,,62.49,574.42,527.24,47.18,,2026-05-24 03:42:02.330000
1184,4,3,18898.25,17762.24,,57.95,551.76,532.15,19.61,,2026-05-24 03:42:02.333333
1185,4,4,18972.6,17843.52,,60.51,549.65,535.65,14.0,,2026-05-24 03:42:02.333333
1186,4,5,19102.28,17939.27,,79.62,604.02,549.32,54.7,,2026-05-24 03:42:02.333333
1187,4,6,19218.57,18034.53,,72.5,625.22,564.5,60.72,,2026-05-24 03:42:02.333333
1188,4,7,19351.51,18134.0,,72.24,663.89,584.38,79.51,,2026-05-24 03:42:02.333333
1189,4,10,19472.14,18223.88,,70.81,697.87,607.08,90.79,,2026-05-24 03:42:02.333333
1190,4,11,19538.98,18307.53,,58.43,648.75,615.41,33.34,,2026-05-24 03:42:02.336666
1191,4,12,19603.77,18388.55,,54.73,596.81,611.69,-14.88,,2026-05-24 03:42:02.336666
1192,4,13,19731.97,18468.95,,60.1,564.71,602.29,-37.59,,2026-05-24 03:42:02.336666
1193,4,14,19770.92,18523.29,,47.01,456.16,573.07,-116.91,,2026-05-24 03:42:02.336666
1194,4,17,19778.18,18569.87,,44.92,347.81,528.02,-180.2,,2026-05-24 03:42:02.336666
1195,4,18,19766.88,18612.53,,40.13,257.53,473.92,-216.39,,2026-05-24 03:42:02.336666
1196,4,19,19739.15,18647.46,,41.79,160.33,411.2,-250.87,,2026-05-24 03:42:02.336666
1197,4,20,19682.61,18676.28,,36.09,61.29,341.22,-279.92,,2026-05-24 03:42:02.340000
1198,4,21,19635.42,18702.17,,37.06,-25.37,267.9,-293.27,,2026-05-24 03:42:02.340000
1199,4,24,19638.22,18751.27,,48.08,9.18,216.16,-206.97,,2026-05-24 03:42:02.340000
1200,4,25,19639.82,18790.83,,39.85,35.51,180.03,-144.52,,2026-05-24 03:42:02.340000
1201,4,26,19631.22,18835.93,,43.99,73.6,158.74,-85.14,,2026-05-24 03:42:02.340000
1202,4,27,19649.67,18878.29,,40.14,106.11,148.22,-42.11,,2026-05-24 03:42:02.340000
1203,4,28,19619.92,18909.69,,33.33,76.38,133.85,-57.47,,2026-05-24 03:42:02.340000
1204,4,358,19608.17,18944.85,,41.5,62.35,119.55,-57.2,,2026-05-24 03:42:02.340000
1205,4,359,19613.82,18990.85,,49.34,100.33,115.7,-15.38,,2026-05-24 03:42:02.340000
1206,4,360,19603.67,19054.46,,51.93,166.02,125.77,40.25,,2026-05-24 03:42:02.340000
1207,4,361,19580.93,19101.62,,57.68,180.99,136.81,44.18,,2026-05-24 03:42:02.343333
1208,4,362,19516.1,19132.36,,54.83,152.69,139.99,12.7,,2026-05-24 03:42:02.343333
1209,4,363,19433.72,19164.02,,52.82,112.03,134.4,-22.36,,2026-05-24 03:42:02.343333
1210,4,364,19408.57,19201.58,,58.46,102.43,128.0,-25.57,,2026-05-24 03:42:02.343333
1211,4,365,19393.58,19248.3,,62.52,103.87,123.18,-19.31,,2026-05-24 03:42:02.343333
1212,4,366,19355.89,19269.42,,60.66,82.99,115.14,-32.15,,2026-05-24 03:42:02.343333
1213,4,367,19371.13,19307.06,,49.18,73.19,106.75,-33.56,,2026-05-24 03:42:02.343333
1214,4,368,19418.13,19340.9,,53.91,97.22,104.84,-7.62,,2026-05-24 03:42:02.343333
1215,4,369,19482.57,19379.68,,54.99,141.35,112.14,29.2,,2026-05-24 03:42:02.343333
1216,4,370,19569.71,19428.16,,56.09,186.99,127.11,59.88,,2026-05-24 03:42:02.346666
1217,4,371,19657.64,19469.96,,61.74,200.84,141.86,58.98,,2026-05-24 03:42:02.346666
1218,4,372,19768.33,19518.1,,63.65,237.32,160.95,76.37,,2026-05-24 03:42:02.346666
1219,4,373,19808.23,19555.8,,55.82,252.42,179.24,73.18,,2026-05-24 03:42:02.346666
1220,4,374,19837.48,19584.56,,47.06,243.75,192.15,51.61,,2026-05-24 03:42:02.346666
1221,4,375,19845.83,19610.14,,50.27,218.71,197.46,21.25,,2026-05-24 03:42:02.346666
1222,4,376,19853.34,19657.76,,58.53,198.75,197.72,1.03,,2026-05-24 03:42:02.346666
1223,4,377,19885.33,19685.24,,58.97,165.93,191.36,-25.43,,2026-05-24 03:42:02.346666
1224,4,378,19930.78,19712.5,,60.29,169.91,187.07,-17.16,,2026-05-24 03:42:02.350000
1225,4,379,19955.84,19737.0,,61.38,188.24,187.3,0.94,,2026-05-24 03:42:02.350000
1226,4,380,19970.35,19765.9,,69.4,220.73,193.99,26.74,,2026-05-24 03:42:02.350000
1227,4,381,19991.55,19782.56,,62.48,219.73,199.14,20.59,,2026-05-24 03:42:02.350000
1228,4,382,20059.65,19814.3,,63.06,253.3,209.97,43.33,,2026-05-24 03:42:02.350000
1229,4,383,20142.4,19842.08,,60.23,283.33,224.64,58.69,,2026-05-24 03:42:02.350000
1230,4,384,20209.8,19869.3,,57.94,302.68,240.25,62.43,,2026-05-24 03:42:02.350000
1231,4,385,20286.2,19894.1,,66.62,338.88,259.97,78.9,,2026-05-24 03:42:02.350000
1232,4,386,20411.9,19943.34,,70.18,421.21,292.22,128.99,,2026-05-24 03:42:02.350000
1233,4,387,20490.15,19969.74,,58.26,412.71,316.32,96.39,,2026-05-24 03:42:02.353333
1234,4,388,20545.75,19999.9,,60.78,397.76,332.61,65.15,,2026-05-24 03:42:02.353333
1235,4,389,20612.05,20035.46,,68.3,424.99,351.08,73.9,,2026-05-24 03:42:02.353333
1236,4,390,20657.75,20050.35,,64.39,421.29,365.12,56.17,,2026-05-24 03:42:02.353333
1237,4,391,20705.25,20064.63,,64.04,396.69,371.44,25.25,,2026-05-24 03:42:02.353333
1238,4,392,20731.95,20070.28,,59.78,367.62,370.67,-3.05,,2026-05-24 03:42:02.353333
1239,4,393,20754.2,20068.63,,54.71,322.79,361.1,-38.3,,2026-05-24 03:42:02.353333
1240,4,394,20783.15,20082.23,,50.81,277.05,344.29,-67.24,,2026-05-24 03:42:02.353333
1241,4,395,20821.3,20097.15,,54.61,237.26,322.88,-85.62,,2026-05-24 03:42:02.356666
1242,4,396,20858.6,20108.41,,48.63,204.18,299.14,-94.96,,2026-05-24 03:42:02.356666
1243,4,397,20894.1,20134.51,,44.4,158.14,270.94,-112.8,,2026-05-24 03:42:02.356666
1244,4,398,20925.3,20171.35,,48.99,145.0,245.75,-100.75,,2026-05-24 03:42:02.356666
1245,5,191,,,,,0.0,0.0,0.0,,2026-05-24 04:35:33.153333
1246,5,192,,,,,-18.67,-3.73,-14.93,,2026-05-24 04:35:33.156666
1247,5,193,,,,,-38.18,-10.62,-27.56,,2026-05-24 04:35:33.160000
1248,5,194,,,,,-41.23,-16.75,-24.49,,2026-05-24 04:35:33.163333
1249,5,195,,,,,-56.08,-24.61,-31.47,,2026-05-24 04:35:33.163333
1250,5,196,,,,,-53.11,-30.31,-22.8,,2026-05-24 04:35:33.166666
1251,5,197,,,,,-38.21,-31.89,-6.32,,2026-05-24 04:35:33.166666
1252,5,198,,,,,-31.37,-31.79,0.42,,2026-05-24 04:35:33.170000
1253,5,199,,,,,-21.34,-29.7,8.36,,2026-05-24 04:35:33.170000
1254,5,200,,,,,-25.61,-28.88,3.27,,2026-05-24 04:35:33.170000
1255,5,201,,,,,-16.69,-26.44,9.75,,2026-05-24 04:35:33.173333
1256,5,202,,,,,22.23,-16.71,38.94,,2026-05-24 04:35:33.173333
1257,5,203,,,,,36.6,-6.04,42.65,,2026-05-24 04:35:33.176666
1258,5,204,,,,56.74,53.74,5.91,47.83,,2026-05-24 04:35:33.180000
1259,5,205,,,,70.49,142.19,33.17,109.02,,2026-05-24 04:35:33.180000
1260,5,206,,,,77.16,216.24,69.78,146.46,,2026-05-24 04:35:33.183333
1261,5,207,,,,79.2,274.51,110.73,163.78,,2026-05-24 04:35:33.183333
1262,5,208,,,,81.26,353.32,159.25,194.08,,2026-05-24 04:35:33.186666
1263,5,209,,,,69.22,355.05,198.41,156.64,,2026-05-24 04:35:33.186666
1264,5,210,8801.1,,,67.24,350.6,228.85,121.76,,2026-05-24 04:35:33.190000
1265,5,211,8784.2,,,46.3,231.04,229.29,1.76,,2026-05-24 04:35:33.193333
1266,5,212,8771.05,,,45.41,122.05,207.84,-85.79,,2026-05-24 04:35:33.193333
1267,5,213,8764.5,,,45.57,40.69,174.41,-133.72,,2026-05-24 04:35:33.196666
1268,5,214,8747.35,,,46.44,-28.62,133.8,-162.42,,2026-05-24 04:35:33.196666
1269,5,215,8735.05,,,44.08,-87.78,89.49,-177.27,,2026-05-24 04:35:33.200000
1270,5,216,8718.25,,,40.07,-126.35,46.32,-172.67,,2026-05-24 04:35:33.200000
1271,5,217,8727.45,,,50.02,-101.68,16.72,-118.4,,2026-05-24 04:35:33.200000
1272,5,218,8747.15,,,50.68,-69.71,-0.57,-69.14,,2026-05-24 04:35:33.203333
1273,5,219,8768.1,,,40.05,-37.56,-7.96,-29.6,,2026-05-24 04:35:33.203333
1274,5,220,8795.15,,,38.52,-14.58,-9.29,-5.29,,2026-05-24 04:35:33.203333
1275,5,221,8831.75,,,42.92,30.79,-1.27,32.06,,2026-05-24 04:35:33.206666
1276,5,222,8851.65,,,37.2,71.1,13.2,57.89,,2026-05-24 04:35:33.206666
1277,5,223,8884.4,,,46.33,106.49,31.86,74.63,,2026-05-24 04:35:33.210000
1278,5,224,8910.4,,,45.85,128.54,51.19,77.34,,2026-05-24 04:35:33.210000
1279,5,225,8894.15,,,81.05,152.56,71.47,81.1,,2026-05-24 04:35:33.210000
1280,5,226,8860.05,,,76.51,147.55,86.69,60.87,,2026-05-24 04:35:33.210000
1281,5,227,8812.75,,,68.05,123.6,94.07,29.53,,2026-05-24 04:35:33.213333
1282,5,228,8741.45,,,69.24,101.43,95.54,5.89,,2026-05-24 04:35:33.213333
1283,5,229,8714.9,,,73.66,98.3,96.09,2.21,,2026-05-24 04:35:33.216666
1284,5,230,8718.1,,,78.18,140.43,104.96,35.47,,2026-05-24 04:35:33.216666
1285,5,231,8762.6,,,56.44,125.66,109.1,16.56,,2026-05-24 04:35:33.216666
1286,5,232,8825.75,,,57.52,129.72,113.22,16.5,,2026-05-24 04:35:33.220000
1287,5,233,8902.7,,,61.17,158.87,122.35,36.52,,2026-05-24 04:35:33.220000
1288,5,234,8955.1,,,52.33,135.62,125.01,10.61,,2026-05-24 04:35:33.220000
1289,5,235,9030.05,,,52.91,146.65,129.34,17.32,,2026-05-24 04:35:33.223333
1290,5,236,9097.35,,,51.11,148.2,133.11,15.09,,2026-05-24 04:35:33.223333
1291,5,237,9121.85,,,47.85,132.88,133.06,-0.18,,2026-05-24 04:35:33.226666
1292,5,238,9151.7,,,51.81,139.4,134.33,5.07,,2026-05-24 04:35:33.226666
1293,5,239,9158.45,,,45.99,112.35,129.93,-17.58,,2026-05-24 04:35:33.230000
1294,5,240,9166.25,8844.88,,49.04,88.93,121.73,-32.8,,2026-05-24 04:35:33.233333
1295,5,241,9151.45,8853.52,,50.54,60.71,109.53,-48.82,,2026-05-24 04:35:33.236666
1296,5,242,9137.85,8868.6,,51.97,44.93,96.61,-51.68,,2026-05-24 04:35:33.236666
1297,5,243,9121.9,8885.18,,49.64,32.93,83.87,-50.94,,2026-05-24 04:35:33.236666
1298,5,244,9093.45,8892.68,,37.03,-1.26,66.85,-68.1,,2026-05-24 04:35:33.240000
1299,5,245,9050.8,8899.8,,41.8,-42.46,44.99,-87.45,,2026-05-24 04:35:33.240000
1300,5,246,9069.0,8922.22,,52.85,0.72,36.13,-35.41,,2026-05-24 04:35:33.240000
1301,5,247,9117.3,8949.08,,53.19,64.22,41.75,22.47,,2026-05-24 04:35:33.240000
1302,5,248,9168.35,8977.86,,62.5,115.63,56.53,59.11,,2026-05-24 04:35:33.240000
1303,5,249,9216.4,9008.22,,59.41,165.2,78.26,86.94,,2026-05-24 04:35:33.243333
1304,5,250,9242.3,9044.28,,62.38,212.53,105.12,107.42,,2026-05-24 04:35:33.243333
1305,5,251,9322.4,9087.44,,71.24,287.47,141.59,145.89,,2026-05-24 04:35:33.243333
1306,5,252,9384.9,9119.88,,66.14,331.9,179.65,152.25,,2026-05-24 04:35:33.243333
1307,5,253,9447.7,9163.3,,77.38,390.85,221.89,168.96,,2026-05-24 04:35:33.246666
1308,5,254,9542.55,9206.86,,78.23,439.44,265.4,174.04,,2026-05-24 04:35:33.246666
1309,5,255,9681.65,9256.88,,86.24,573.89,327.1,246.79,,2026-05-24 04:35:33.246666
1310,5,256,9807.9,9298.8,,80.12,646.77,391.03,255.73,,2026-05-24 04:35:33.246666
1311,5,257,9927.1,9333.5,,74.93,670.41,446.91,223.5,,2026-05-24 04:35:33.250000
1312,5,258,10055.0,9367.6,,81.37,715.19,500.56,214.63,,2026-05-24 04:35:33.250000
1313,5,259,10201.65,9415.58,,84.17,741.49,548.75,192.74,,2026-05-24 04:35:33.250000
1314,5,260,10337.9,9459.6,,76.44,736.09,586.22,149.88,,2026-05-24 04:35:33.250000
1315,5,261,10512.4,9544.8,,77.88,775.65,624.1,151.54,,2026-05-24 04:35:33.250000
1316,5,262,10699.35,9639.92,,79.26,824.68,664.22,160.46,,2026-05-24 04:35:33.253333
1317,5,263,10867.1,9726.22,,72.99,823.95,696.17,127.78,,2026-05-24 04:35:33.253333
1318,5,264,11061.85,9818.48,,73.52,832.65,723.46,109.19,,2026-05-24 04:35:33.253333
1319,5,265,11264.25,9911.48,,70.29,827.74,744.32,83.42,,2026-05-24 04:35:33.253333
1320,5,266,11405.85,9997.26,,68.32,792.45,753.94,38.5,,2026-05-24 04:35:33.253333
1321,5,267,11540.5,10074.3,,67.54,774.35,758.03,16.33,,2026-05-24 04:35:33.256666
1322,5,268,11674.5,10148.8,,67.07,752.71,756.96,-4.26,,2026-05-24 04:35:33.256666
1323,5,269,11796.85,10219.72,,53.42,719.19,749.41,-30.22,,2026-05-24 04:35:33.256666
1324,5,270,11902.35,10287.16,,55.25,668.23,733.17,-64.95,,2026-05-24 04:35:33.256666
1325,5,271,11972.55,10343.76,,57.35,604.65,707.47,-102.82,,2026-05-24 04:35:33.260000
1326,5,272,12043.0,10396.42,,48.82,537.33,673.44,-136.11,,2026-05-24 04:35:33.260000
1327,5,273,12087.0,10444.34,,46.21,464.19,631.59,-167.4,,2026-05-24 04:35:33.260000
1328,5,274,12128.5,10494.1,,50.23,404.47,586.17,-181.7,,2026-05-24 04:35:33.260000
1329,5,275,12059.15,10522.88,,25.97,277.6,524.45,-246.85,,2026-05-24 04:35:33.260000
1330,5,276,12002.6,10555.82,,17.15,169.54,453.47,-283.93,,2026-05-24 04:35:33.260000
1331,5,277,11977.75,10599.5,,27.88,107.43,384.26,-276.83,,2026-05-24 04:35:33.260000
1332,5,278,11929.15,10642.68,,21.32,53.56,318.12,-264.56,,2026-05-24 04:35:33.263333
1333,5,279,11877.35,10680.56,,20.98,5.0,255.5,-250.5,,2026-05-24 04:35:33.263333
1334,5,280,11829.55,10704.18,,22.04,-44.27,195.54,-239.82,,2026-05-24 04:35:33.263333
1335,5,281,11746.55,10738.38,,14.36,-86.36,139.16,-225.52,,2026-05-24 04:35:33.263333
1336,5,282,11644.15,10767.28,,13.5,-122.42,86.85,-209.27,,2026-05-24 04:35:33.263333
1337,5,283,11561.75,10789.84,,14.99,-147.12,40.05,-187.17,,2026-05-24 04:35:33.263333
1338,5,284,11466.9,10823.2,,16.26,-165.99,-1.16,-164.84,,2026-05-24 04:35:33.266666
1339,5,285,11356.1,10841.9,,15.28,-206.57,-42.24,-164.33,,2026-05-24 04:35:33.266666
1340,5,286,11259.2,10862.0,,16.24,-235.85,-80.96,-154.89,,2026-05-24 04:35:33.266666
1341,5,287,11152.1,10886.4,,18.73,-253.78,-115.53,-138.26,,2026-05-24 04:35:33.266666
1342,5,288,11037.2,10903.0,,16.27,-276.03,-147.63,-128.41,,2026-05-24 04:35:33.266666
1343,5,289,10923.3,10925.66,,26.49,-296.7,-177.44,-119.26,,2026-05-24 04:35:33.266666
1344,5,290,10830.7,10952.94,,38.22,-292.04,-200.36,-91.68,,2026-05-24 04:35:33.270000
1345,5,291,10747.65,10982.24,,22.5,-285.86,-217.46,-68.4,,2026-05-24 04:35:33.270000
1346,5,292,10671.95,11010.06,,24.35,-276.65,-229.3,-47.35,,2026-05-24 04:35:33.270000
1347,5,293,10563.1,11020.82,,14.81,-333.44,-250.13,-83.31,,2026-05-24 04:35:33.270000
1348,5,294,10453.25,11038.02,,16.68,-372.86,-274.67,-98.19,,2026-05-24 04:35:33.270000
1349,5,295,10377.25,11053.46,,14.9,-420.96,-303.93,-117.03,,2026-05-24 04:35:33.270000
1350,5,296,10325.45,11058.4,,29.79,-420.73,-327.29,-93.44,,2026-05-24 04:35:33.270000
1351,5,297,10341.55,11089.2,,58.1,-282.95,-318.42,35.48,,2026-05-24 04:35:33.270000
1352,5,298,10364.95,11121.32,,59.28,-164.11,-287.56,123.45,,2026-05-24 04:35:33.270000
1353,5,299,10378.45,11145.38,,60.4,-90.67,-248.18,157.51,,2026-05-24 04:35:33.273333
1354,5,300,10392.3,11164.18,,58.47,-42.71,-207.09,164.38,,2026-05-24 04:35:33.273333
1355,5,301,10396.1,11167.86,,54.88,-24.67,-170.6,145.93,,2026-05-24 04:35:33.273333
1356,5,302,10391.35,11169.86,,53.86,-27.97,-142.08,114.11,,2026-05-24 04:35:33.273333
1357,5,303,10396.25,11169.26,,56.98,-12.68,-116.2,103.52,,2026-05-24 04:35:33.273333
1358,5,304,10412.7,11171.26,,56.95,16.67,-89.62,106.3,,2026-05-24 04:35:33.276666
1359,5,305,10434.95,11143.22,,54.36,21.05,-67.49,88.54,,2026-05-24 04:35:33.276666
1360,5,306,10460.95,11123.22,,54.95,30.39,-47.91,78.3,,2026-05-24 04:35:33.276666
1361,5,307,10494.0,11113.16,,67.63,50.91,-28.15,79.06,,2026-05-24 04:35:33.276666
1362,5,308,10543.55,11098.42,,68.91,81.65,-6.19,87.84,,2026-05-24 04:35:33.276666
1363,5,309,10611.45,11089.58,,75.09,127.7,20.59,107.11,,2026-05-24 04:35:33.276666
1364,5,310,10676.4,11088.34,,73.57,175.09,51.49,123.6,,2026-05-24 04:35:33.280000
1365,5,311,10754.35,11079.02,,60.09,230.16,87.22,142.94,,2026-05-24 04:35:33.280000
1366,5,312,10827.1,11061.16,,56.76,263.51,122.48,141.03,,2026-05-24 04:35:33.280000
1367,5,313,10951.95,11054.76,,65.64,302.58,158.5,144.08,,2026-05-24 04:35:33.280000
1368,5,314,11105.1,11055.32,,74.77,376.18,202.04,174.14,,2026-05-24 04:35:33.280000
1369,5,315,11267.6,11054.8,,79.01,423.01,246.23,176.78,,2026-05-24 04:35:33.280000
1370,5,316,11415.75,11062.36,,86.03,465.09,290.0,175.09,,2026-05-24 04:35:33.280000
1371,5,317,11458.25,11056.3,,72.65,457.02,323.41,133.62,,2026-05-24 04:35:33.280000
1372,5,318,11476.0,11041.92,,62.06,413.67,341.46,72.21,,2026-05-24 04:35:33.283333
1373,5,319,11486.85,11021.38,,58.9,342.43,341.65,0.78,,2026-05-24 04:35:33.283333
1374,5,320,11484.4,10997.0,,51.87,250.89,323.5,-72.61,,2026-05-24 04:35:33.283333
1375,5,321,11502.1,10979.68,,51.64,188.44,296.49,-108.05,,2026-05-24 04:35:33.283333
1376,5,322,11541.75,10969.36,,51.97,154.67,268.13,-113.45,,2026-05-24 04:35:33.283333
1377,5,323,11559.75,10958.36,,45.31,109.46,236.39,-126.93,,2026-05-24 04:35:33.283333
1378,5,324,11569.65,10947.72,,43.71,77.1,204.54,-127.43,,2026-05-24 04:35:33.286666
1379,5,325,11571.0,10947.96,,35.32,18.8,167.39,-148.59,,2026-05-24 04:35:33.286666
1380,5,326,11576.65,10952.84,,38.89,-14.09,131.09,-145.18,,2026-05-24 04:35:33.286666
1381,5,327,11547.0,10940.86,,30.98,-82.45,88.39,-170.84,,2026-05-24 04:35:33.286666
1382,5,328,11496.0,10925.16,,18.61,-153.9,39.93,-193.83,,2026-05-24 04:35:33.286666
1383,5,329,11441.15,10915.1,,23.3,-191.37,-6.33,-185.04,,2026-05-24 04:35:33.286666
1384,5,330,11381.9,10909.28,,22.21,-212.81,-47.63,-165.18,,2026-05-24 04:35:33.290000
1385,5,331,11312.15,10905.26,,25.94,-223.98,-82.9,-141.09,,2026-05-24 04:35:33.290000
1386,5,332,11253.45,10904.88,,32.14,-219.74,-110.27,-109.47,,2026-05-24 04:35:33.290000
1387,5,333,11180.65,10902.32,,35.74,-220.45,-132.3,-88.15,,2026-05-24 04:35:33.290000
1388,5,334,11065.05,10894.58,,37.35,-240.35,-153.91,-86.44,,2026-05-24 04:35:33.290000
1389,5,335,10958.15,10895.62,,35.97,-245.87,-172.3,-73.56,,2026-05-24 04:35:33.290000
1390,5,336,10845.75,10896.98,,30.92,-245.95,-187.03,-58.92,,2026-05-24 04:35:33.290000
1391,5,337,10752.7,10896.54,,32.9,-248.08,-199.24,-48.84,,2026-05-24 04:35:33.293333
1392,5,338,10669.45,10894.82,,28.81,-263.11,-212.02,-51.1,,2026-05-24 04:35:33.293333
1393,5,339,10624.1,10901.7,,43.6,-243.97,-218.41,-25.57,,2026-05-24 04:35:33.293333
1394,5,340,10601.5,10905.32,,41.04,-221.73,-219.07,-2.66,,2026-05-24 04:35:33.293333
1395,5,341,10573.65,10910.08,,54.27,-198.03,-214.86,16.84,,2026-05-24 04:35:33.293333
1396,5,342,10535.45,10914.76,,62.33,-176.4,-207.17,30.77,,2026-05-24 04:35:33.293333
1397,5,343,10509.95,10937.1,,58.02,-154.18,-196.57,42.39,,2026-05-24 04:35:33.296666
1398,5,344,10474.55,10956.24,,50.68,-146.49,-186.56,40.06,,2026-05-24 04:35:33.296666
1399,5,345,10470.95,10985.44,,56.17,-120.14,-173.27,53.13,,2026-05-24 04:35:33.296666
1400,5,346,10466.95,11009.44,,56.76,-85.76,-155.77,70.01,,2026-05-24 04:35:33.296666
1401,5,347,10467.2,10991.12,,46.96,-93.82,-143.38,49.56,,2026-05-24 04:35:33.296666
1402,5,348,10470.45,10967.36,,49.21,-113.11,-137.33,24.22,,2026-05-24 04:35:33.296666
1403,5,349,10507.2,10966.6,,63.38,-56.73,-121.21,64.48,,2026-05-24 04:35:33.300000
1404,5,350,10536.45,10966.94,,61.43,-18.14,-100.59,82.46,,2026-05-24 04:35:33.300000
1405,5,351,10589.1,10982.46,,68.44,52.83,-69.91,122.74,,2026-05-24 04:35:33.300000
1406,5,352,10667.7,11015.42,,77.54,159.68,-23.99,183.67,,2026-05-24 04:35:33.300000
1407,5,353,10718.4,11031.18,,63.42,190.53,18.91,171.61,,2026-05-24 04:35:33.300000
1408,5,354,10714.45,11015.28,,46.92,103.47,35.82,67.65,,2026-05-24 04:35:33.300000
1409,5,355,10690.25,10997.74,,43.88,9.12,30.48,-21.37,,2026-05-24 04:35:33.300000
1410,5,356,10680.05,10984.62,,46.6,-41.14,16.16,-57.3,,2026-05-24 04:35:33.300000
1411,5,357,10665.35,10965.08,,45.08,-92.09,-5.49,-86.6,,2026-05-24 04:35:33.303333
1412,5,112,10731.85,10970.14,,56.62,-17.6,-7.91,-9.69,,2026-05-24 04:35:33.303333
1413,5,113,10793.7,10974.6,,56.76,61.46,5.96,55.5,,2026-05-24 04:35:33.303333
1414,5,114,10837.6,10969.8,,53.57,98.53,24.47,74.05,,2026-05-24 04:35:33.303333
1415,5,115,10879.1,10959.98,,56.99,126.37,44.85,81.52,,2026-05-24 04:35:33.303333
1416,5,116,10933.75,10957.42,,60.04,168.52,69.59,98.93,,2026-05-24 04:35:33.303333
1417,5,117,10990.1,10952.36,,54.96,205.61,96.79,108.82,,2026-05-24 04:35:33.306666
1418,5,118,11037.65,10929.26,,52.94,206.79,118.79,88.0,,2026-05-24 04:35:33.306666
1419,5,119,11051.4,10898.96,,45.68,170.11,129.05,41.05,,2026-05-24 04:35:33.306666
1420,5,120,11049.55,10862.96,,38.62,126.9,128.62,-1.72,,2026-05-24 04:35:33.306666
1421,5,121,11102.6,10848.86,,49.31,143.22,131.54,11.67,,2026-05-24 04:35:33.306666
1422,5,122,11142.45,10833.94,,58.28,119.27,129.09,-9.82,,2026-05-24 04:35:33.310000
1423,5,123,11155.2,10833.94,,64.59,126.11,128.49,-2.38,,2026-05-24 04:35:33.310000
1424,5,124,11156.25,10835.68,,58.61,105.14,123.82,-18.68,,2026-05-24 04:35:33.310000
1425,5,125,11138.0,10836.82,,61.34,97.25,118.51,-21.26,,2026-05-24 04:35:33.310000
1426,5,126,11117.85,10845.86,,54.06,138.78,122.56,16.22,,2026-05-24 04:35:33.310000
1427,5,127,11171.5,10875.88,,59.51,236.42,145.33,91.09,,2026-05-24 04:35:33.310000
1428,5,128,11281.95,10900.2,,60.4,291.8,174.63,117.18,,2026-05-24 04:35:33.313333
1429,5,129,11400.3,10929.46,,58.53,319.5,203.6,115.9,,2026-05-24 04:35:33.313333
1430,5,93,11506.55,10956.58,,56.63,342.03,231.29,110.74,,2026-05-24 04:35:33.313333
1431,5,74,11647.2,11005.16,,60.48,398.62,264.75,133.87,,2026-05-24 04:35:33.313333
1432,5,53,11787.0,11086.54,,72.38,550.41,321.89,228.53,,2026-05-24 04:35:33.313333
1433,5,54,11906.85,11160.88,,76.01,651.74,387.86,263.88,,2026-05-24 04:35:33.316666
1434,5,3,12042.35,11233.98,,78.09,724.5,455.18,269.31,,2026-05-24 04:35:33.316666
1435,5,4,12185.8,11309.44,,76.09,785.85,521.32,264.53,,2026-05-24 04:35:33.316666
1436,5,5,12286.15,11370.5,,74.03,777.97,572.65,205.33,,2026-05-24 04:35:33.316666
1437,5,6,12324.8,11410.02,,59.07,670.48,592.22,78.27,,2026-05-24 04:35:33.316666
1438,5,7,12480.0,11495.24,,71.63,739.05,621.58,117.47,,2026-05-24 04:35:33.320000
1439,5,10,12653.05,11576.92,,70.43,777.56,652.78,124.79,,2026-05-24 04:35:33.320000
1440,5,11,12841.65,11661.32,,68.63,811.16,684.46,126.71,,2026-05-24 04:35:33.320000
1441,5,12,12961.95,11732.56,,58.43,770.89,701.74,69.15,,2026-05-24 04:35:33.320000
1442,5,13,13133.65,11819.62,,63.32,777.46,716.89,60.57,,2026-05-24 04:35:33.320000
1443,5,14,13320.15,11912.36,,67.33,824.32,738.37,85.94,,2026-05-24 04:35:33.320000
1444,5,17,13558.3,12018.4,,69.77,909.15,772.53,136.62,,2026-05-24 04:35:33.320000
1445,5,18,13775.45,12117.54,,65.5,941.48,806.32,135.17,,2026-05-24 04:35:33.323333
1446,5,19,13997.95,12230.86,,62.54,1013.44,847.74,165.7,,2026-05-24 04:35:33.323333
1447,5,20,14226.4,12362.46,,67.61,1134.46,905.09,229.37,,2026-05-24 04:35:33.323333
1448,5,21,14566.4,12536.94,,73.59,1375.88,999.25,376.64,,2026-05-24 04:35:33.323333
1449,5,24,14930.15,12713.14,,73.98,1574.88,1114.37,460.51,,2026-05-24 04:35:33.323333
1450,5,25,15343.55,12907.22,,80.19,1796.52,1250.8,545.72,,2026-05-24 04:35:33.326666
1451,5,26,15717.1,13105.12,,87.04,1928.96,1386.43,542.53,,2026-05-24 04:35:33.326666
1452,5,27,16077.1,13329.2,,85.86,2101.13,1529.37,571.75,,2026-05-24 04:35:33.326666
1453,5,28,16434.6,13531.84,,84.92,2196.75,1662.85,533.9,,2026-05-24 04:35:33.326666
1454,5,358,16771.35,13727.94,,81.25,2214.33,1773.14,441.18,,2026-05-24 04:35:33.326666
1455,5,359,17141.1,13930.24,,88.56,2268.12,1872.14,395.98,,2026-05-24 04:35:33.326666
1456,5,360,17534.5,14117.22,,86.79,2275.16,1952.74,322.42,,2026-05-24 04:35:33.330000
1457,5,361,18006.0,14325.06,,86.46,2286.9,2019.57,267.32,,2026-05-24 04:35:33.330000
1458,5,362,18368.3,14556.78,,83.67,2256.23,2066.91,189.33,,2026-05-24 04:35:33.330000
1459,5,363,18769.65,14808.68,,87.6,2262.02,2105.93,156.09,,2026-05-24 04:35:33.330000
1460,5,364,19166.5,15055.9,,86.65,2245.87,2133.92,111.96,,2026-05-24 04:35:33.330000
1461,5,365,19493.6,15263.86,,66.54,2039.0,2114.93,-75.94,,2026-05-24 04:35:33.330000
1462,5,366,19810.55,15451.1,,59.89,1884.39,2068.82,-184.44,,2026-05-24 04:35:33.330000
1463,5,367,20189.9,15670.84,,66.36,1891.91,2033.44,-141.53,,2026-05-24 04:35:33.330000
1464,5,368,20393.85,15840.9,,47.09,1653.92,1957.54,-303.62,,2026-05-24 04:35:33.333333
1465,5,369,20629.55,16017.72,,49.7,1475.5,1861.13,-385.63,,2026-05-24 04:35:33.333333
1466,5,370,20849.3,16197.08,,46.28,1350.8,1759.06,-408.26,,2026-05-24 04:35:33.333333
1467,5,371,21062.45,16391.4,,50.93,1303.36,1667.92,-364.56,,2026-05-24 04:35:33.333333
1468,5,372,21154.4,16583.64,,50.85,1217.52,1577.84,-360.32,,2026-05-24 04:35:33.333333
1469,5,373,21250.9,16792.94,,49.03,1169.17,1496.11,-326.93,,2026-05-24 04:35:33.333333
1470,5,374,21296.05,17005.82,,49.66,1119.73,1420.83,-301.1,,2026-05-24 04:35:33.336666
1471,5,375,21247.9,17163.24,,39.7,898.63,1316.39,-417.76,,2026-05-24 04:35:33.336666
1472,5,376,21204.8,17354.14,,45.63,813.61,1215.84,-402.23,,2026-05-24 04:35:33.336666
1473,5,377,21172.0,17538.56,,42.79,738.84,1120.44,-381.6,,2026-05-24 04:35:33.336666
1474,5,378,21217.75,17752.54,,47.25,764.85,1049.32,-284.47,,2026-05-24 04:35:33.336666
1475,5,379,21187.6,17950.08,,52.51,720.68,983.59,-262.91,,2026-05-24 04:35:33.336666
1476,5,380,21182.9,18143.24,,52.54,709.2,928.71,-219.51,,2026-05-24 04:35:33.340000
1477,5,381,21172.9,18325.62,,45.78,715.83,886.14,-170.31,,2026-05-24 04:35:33.340000
1478,5,382,21224.05,18533.62,,65.41,796.62,868.23,-71.62,,2026-05-24 04:35:33.340000
1479,5,383,21250.4,18748.72,,64.9,866.79,867.94,-1.15,,2026-05-24 04:35:33.340000
1480,5,384,21285.2,18967.36,,64.26,930.48,880.45,50.03,,2026-05-24 04:35:33.340000
1481,5,385,21458.75,19188.48,,63.61,1022.5,908.86,113.64,,2026-05-24 04:35:33.340000
1482,5,386,21521.6,19344.94,,54.96,937.05,914.5,22.55,,2026-05-24 04:35:33.340000
1483,5,387,21421.35,19476.64,,46.62,749.33,881.46,-132.14,,2026-05-24 04:35:33.343333
1484,5,388,21491.1,19620.4,,49.27,642.62,833.69,-191.08,,2026-05-24 04:35:33.343333
1485,5,389,21554.85,19765.34,,60.86,569.0,780.76,-211.76,,2026-05-24 04:35:33.343333
1486,5,390,21626.0,19933.02,,57.97,548.55,734.31,-185.76,,2026-05-24 04:35:33.343333
1487,5,391,21649.65,20121.34,,57.13,516.15,690.68,-174.53,,2026-05-24 04:35:33.343333
1488,5,392,21678.85,20263.18,,49.2,459.91,644.53,-184.62,,2026-05-24 04:35:33.346666
1489,5,393,21729.95,20423.7,,58.11,478.34,611.29,-132.95,,2026-05-24 04:35:33.346666
1490,5,394,21760.4,20573.32,,53.61,456.13,580.26,-124.13,,2026-05-24 04:35:33.346666
1491,5,395,21909.85,20742.4,,53.38,453.8,554.96,-101.17,,2026-05-24 04:35:33.346666
1492,5,396,21978.7,20892.16,,44.73,416.64,527.3,-110.66,,2026-05-24 04:35:33.346666
1493,5,397,22068.5,21037.9,,46.29,417.33,505.31,-87.98,,2026-05-24 04:35:33.350000
1494,5,398,22077.2,21160.1,,42.31,376.73,479.59,-102.86,,2026-05-24 04:35:33.350000
1495,6,191,,,,,0.0,0.0,0.0,,2026-05-24 04:35:33.363333
1496,6,192,,,,,-35.01,-7.0,-28.01,,2026-05-24 04:35:33.363333
1497,6,193,,,,,-66.51,-18.9,-47.6,,2026-05-24 04:35:33.366666
1498,6,194,,,,,-88.91,-32.9,-56.01,,2026-05-24 04:35:33.366666
1499,6,195,,,,,-141.02,-54.53,-86.49,,2026-05-24 04:35:33.370000
1500,6,196,,,,,-184.62,-80.55,-104.08,,2026-05-24 04:35:33.370000
1501,6,197,,,,,-236.46,-111.73,-124.73,,2026-05-24 04:35:33.373333
1502,6,198,,,,,-261.78,-141.74,-120.04,,2026-05-24 04:35:33.373333
1503,6,199,,,,,-223.45,-158.08,-65.36,,2026-05-24 04:35:33.376666
1504,6,200,,,,,-124.99,-151.46,26.47,,2026-05-24 04:35:33.376666
1505,6,201,,,,,12.27,-118.72,130.98,,2026-05-24 04:35:33.380000
1506,6,202,,,,,109.3,-73.11,182.41,,2026-05-24 04:35:33.383333
1507,6,203,,,,,242.29,-10.03,252.32,,2026-05-24 04:35:33.383333
1508,6,204,,,,69.69,343.65,60.7,282.94,,2026-05-24 04:35:33.386666
1509,6,205,,,,60.31,362.92,121.14,241.77,,2026-05-24 04:35:33.386666
1510,6,206,,,,60.26,338.47,164.61,173.86,,2026-05-24 04:35:33.390000
1511,6,207,,,,64.8,361.31,203.95,157.36,,2026-05-24 04:35:33.390000
1512,6,208,,,,62.69,360.5,235.26,125.24,,2026-05-24 04:35:33.390000
1513,6,209,,,,62.33,317.47,251.7,65.77,,2026-05-24 04:35:33.393333
1514,6,210,14145.49,,,68.09,356.55,272.67,83.88,,2026-05-24 04:35:33.396666
1515,6,211,14234.01,,,71.77,404.15,298.97,105.18,,2026-05-24 04:35:33.400000
1516,6,212,14332.53,,,68.66,417.78,322.73,95.05,,2026-05-24 04:35:33.400000
1517,6,213,14486.44,,,70.2,507.6,359.7,147.89,,2026-05-24 04:35:33.400000
1518,6,214,14596.31,,,58.64,503.44,388.45,114.99,,2026-05-24 04:35:33.403333
1519,6,215,14745.32,,,56.26,521.32,415.02,106.29,,2026-05-24 04:35:33.403333
1520,6,216,14911.28,,,59.04,552.03,442.43,109.61,,2026-05-24 04:35:33.406666
1521,6,217,15118.77,,,58.17,616.3,477.2,139.1,,2026-05-24 04:35:33.406666
1522,6,218,15295.07,,,54.53,622.46,506.25,116.21,,2026-05-24 04:35:33.410000
1523,6,219,15477.57,,,64.55,685.28,542.06,143.22,,2026-05-24 04:35:33.410000
1524,6,220,15630.73,,,69.61,745.74,582.79,162.95,,2026-05-24 04:35:33.410000
1525,6,221,15733.0,,,64.34,762.13,618.66,143.46,,2026-05-24 04:35:33.413333
1526,6,222,15837.37,,,65.22,759.26,646.78,112.48,,2026-05-24 04:35:33.413333
1527,6,223,15911.6,,,70.64,758.49,669.12,89.37,,2026-05-24 04:35:33.416666
1528,6,224,15995.38,,,66.77,764.39,688.18,76.22,,2026-05-24 04:35:33.416666
1529,6,225,16118.4,,,65.69,766.69,703.88,62.81,,2026-05-24 04:35:33.420000
1530,6,226,16254.71,,,66.4,745.55,712.21,33.34,,2026-05-24 04:35:33.420000
1531,6,227,16357.53,,,57.4,712.92,712.36,0.57,,2026-05-24 04:35:33.420000
1532,6,228,16482.35,,,72.43,699.73,709.83,-10.1,,2026-05-24 04:35:33.423333
1533,6,229,16666.8,,,74.78,738.28,715.52,22.76,,2026-05-24 04:35:33.423333
1534,6,230,16843.45,,,77.44,824.03,737.22,86.81,,2026-05-24 04:35:33.426666
1535,6,231,17000.65,,,72.32,871.85,764.15,107.7,,2026-05-24 04:35:33.426666
1536,6,232,17175.61,,,81.3,908.64,793.05,115.59,,2026-05-24 04:35:33.430000
1537,6,233,17285.83,,,71.4,907.72,815.98,91.74,,2026-05-24 04:35:33.430000
1538,6,234,17421.44,,,62.6,868.43,826.47,41.96,,2026-05-24 04:35:33.430000
1539,6,235,17545.16,,,68.76,835.64,828.31,7.34,,2026-05-24 04:35:33.433333
1540,6,236,17650.38,,,68.8,793.57,821.36,-27.78,,2026-05-24 04:35:33.433333
1541,6,237,17754.15,,,72.23,795.75,816.24,-20.48,,2026-05-24 04:35:33.436666
1542,6,238,17798.99,,,49.02,657.2,784.43,-127.23,,2026-05-24 04:35:33.436666
1543,6,239,17820.13,,,51.4,568.44,741.23,-172.8,,2026-05-24 04:35:33.440000
1544,6,240,17828.48,16039.26,,52.92,491.05,691.2,-200.14,,2026-05-24 04:35:33.440000
1545,6,241,17824.38,16102.26,,49.0,382.49,629.45,-246.97,,2026-05-24 04:35:33.440000
1546,6,242,17823.68,16173.64,,46.5,291.47,561.86,-270.39,,2026-05-24 04:35:33.440000
1547,6,243,17837.23,16254.38,,43.49,249.7,499.43,-249.73,,2026-05-24 04:35:33.443333
1548,6,244,17851.07,16338.66,,36.27,229.76,445.49,-215.74,,2026-05-24 04:35:33.443333
1549,6,245,17827.43,16418.45,,32.53,158.08,388.01,-229.93,,2026-05-24 04:35:33.443333
1550,6,246,17803.64,16495.73,,29.96,85.69,327.55,-241.86,,2026-05-24 04:35:33.443333
1551,6,247,17796.19,16582.61,,34.37,46.5,271.34,-224.84,,2026-05-24 04:35:33.446666
1552,6,248,17766.24,16662.47,,35.44,-0.13,217.04,-217.17,,2026-05-24 04:35:33.446666
1553,6,249,17699.81,16728.15,,34.07,-38.02,166.03,-204.05,,2026-05-24 04:35:33.446666
1554,6,250,17589.34,16775.74,,34.11,-73.57,118.11,-191.68,,2026-05-24 04:35:33.446666
1555,6,251,17461.88,16799.31,,23.64,-137.66,66.96,-204.62,,2026-05-24 04:35:33.450000
1556,6,252,17326.12,16824.48,,34.71,-190.3,15.51,-205.81,,2026-05-24 04:35:33.450000
1557,6,253,17222.39,16843.02,,35.77,-197.63,-27.12,-170.51,,2026-05-24 04:35:33.450000
1558,6,254,17124.87,16856.97,,33.7,-219.47,-65.59,-153.88,,2026-05-24 04:35:33.450000
1559,6,255,17023.5,16885.47,,39.81,-232.32,-98.94,-133.38,,2026-05-24 04:35:33.450000
1560,6,256,16911.88,16917.02,,36.67,-262.95,-131.74,-131.21,,2026-05-24 04:35:33.453333
1561,6,257,16742.18,16924.92,,23.35,-332.43,-171.88,-160.56,,2026-05-24 04:35:33.453333
1562,6,258,16672.15,16943.45,,26.45,-355.25,-208.55,-146.7,,2026-05-24 04:35:33.453333
1563,6,259,16592.82,16974.7,,35.37,-356.65,-238.17,-118.47,,2026-05-24 04:35:33.453333
1564,6,260,16599.22,17020.75,,59.63,-218.25,-234.19,15.93,,2026-05-24 04:35:33.456666
1565,6,261,16650.4,17068.82,,60.72,-78.23,-203.0,124.76,,2026-05-24 04:35:33.456666
1566,6,262,16736.38,17135.18,,67.8,86.28,-145.14,231.42,,2026-05-24 04:35:33.456666
1567,6,263,16742.53,17156.81,,55.75,119.67,-92.18,211.85,,2026-05-24 04:35:33.456666
1568,6,264,16783.86,17213.68,,61.73,216.25,-30.49,246.75,,2026-05-24 04:35:33.460000
1569,6,265,16918.68,17287.8,,70.92,385.16,52.64,332.52,,2026-05-24 04:35:33.460000
1570,6,266,17026.1,17341.66,,65.45,454.96,133.1,321.86,,2026-05-24 04:35:33.460000
1571,6,267,17126.87,17385.85,,64.23,512.36,208.95,303.41,,2026-05-24 04:35:33.460000
1572,6,268,17233.94,17438.02,,65.49,546.15,276.39,269.76,,2026-05-24 04:35:33.460000
1573,6,269,17316.97,17463.91,,61.7,526.69,326.45,200.23,,2026-05-24 04:35:33.463333
1574,6,270,17405.1,17485.48,,63.91,507.27,362.62,144.65,,2026-05-24 04:35:33.463333
1575,6,271,17533.06,17519.33,,70.05,512.75,392.64,120.11,,2026-05-24 04:35:33.463333
1576,6,272,17658.11,17552.78,,67.8,502.56,414.63,87.93,,2026-05-24 04:35:33.463333
1577,6,273,17783.46,17591.76,,68.77,521.07,435.92,85.16,,2026-05-24 04:35:33.466666
1578,6,274,17939.1,17634.46,,62.84,559.62,460.66,98.97,,2026-05-24 04:35:33.466666
1579,6,275,18084.75,17672.01,,59.19,569.26,482.38,86.88,,2026-05-24 04:35:33.466666
1580,6,276,18308.83,17738.66,,62.52,672.25,520.35,151.89,,2026-05-24 04:35:33.466666
1581,6,277,18601.04,17822.32,,77.25,805.49,577.38,228.11,,2026-05-24 04:35:33.470000
1582,6,278,18927.3,17921.43,,77.67,982.86,658.47,324.38,,2026-05-24 04:35:33.470000
1583,6,279,19225.31,17998.11,,68.36,1077.99,742.38,335.62,,2026-05-24 04:35:33.470000
1584,6,280,19445.9,18061.73,,77.91,1152.13,824.33,327.8,,2026-05-24 04:35:33.470000
1585,6,281,19685.49,18142.75,,80.16,1256.51,910.76,345.74,,2026-05-24 04:35:33.470000
1586,6,282,19851.59,18205.57,,71.93,1260.64,980.74,279.9,,2026-05-24 04:35:33.470000
1587,6,283,20084.12,18276.13,,77.85,1260.99,1036.79,224.2,,2026-05-24 04:35:33.473333
1588,6,284,20271.57,18353.73,,77.76,1246.74,1078.78,167.96,,2026-05-24 04:35:33.473333
1589,6,285,20407.68,18432.81,,77.22,1235.16,1110.06,125.11,,2026-05-24 04:35:33.473333
1590,6,286,20644.17,18539.18,,82.08,1314.03,1150.85,163.18,,2026-05-24 04:35:33.473333
1591,6,287,20818.62,18611.64,,70.13,1269.76,1174.63,95.13,,2026-05-24 04:35:33.476666
1592,6,288,20958.97,18702.01,,62.91,1160.86,1171.88,-11.01,,2026-05-24 04:35:33.476666
1593,6,289,21148.27,18795.16,,66.09,1100.68,1157.64,-56.96,,2026-05-24 04:35:33.476666
1594,6,290,21320.92,18882.46,,58.27,1016.27,1129.36,-113.1,,2026-05-24 04:35:33.476666
1595,6,291,21497.87,18988.73,,56.47,971.88,1097.87,-125.99,,2026-05-24 04:35:33.480000
1596,6,292,21725.23,19113.4,,55.74,997.82,1077.86,-80.04,,2026-05-24 04:35:33.480000
1597,6,293,21848.2,19196.15,,47.81,872.45,1036.78,-164.32,,2026-05-24 04:35:33.480000
1598,6,294,21938.94,19269.61,,45.54,742.84,977.99,-235.15,,2026-05-24 04:35:33.480000
1599,6,295,21925.34,19311.17,,32.0,452.17,872.82,-420.66,,2026-05-24 04:35:33.480000
1600,6,296,21858.4,19360.57,,35.96,236.11,745.48,-509.37,,2026-05-24 04:35:33.483333
1601,6,297,21807.86,19426.99,,41.45,150.53,626.49,-475.97,,2026-05-24 04:35:33.483333
1602,6,298,21702.33,19495.87,,41.19,76.17,516.43,-440.26,,2026-05-24 04:35:33.483333
1603,6,299,21561.61,19542.83,,36.51,-71.72,398.8,-470.52,,2026-05-24 04:35:33.483333
1604,6,300,21420.08,19594.03,,29.79,-176.17,283.8,-459.97,,2026-05-24 04:35:33.486666
1605,6,301,21270.76,19666.3,,37.13,-209.01,185.24,-394.25,,2026-05-24 04:35:33.486666
1606,6,302,21148.83,19734.66,,39.04,-251.98,97.8,-349.78,,2026-05-24 04:35:33.486666
1607,6,303,20973.37,19776.52,,32.63,-356.72,6.89,-363.61,,2026-05-24 04:35:33.486666
1608,6,304,20815.05,19829.8,,35.86,-407.51,-75.99,-331.52,,2026-05-24 04:35:33.490000
1609,6,305,20596.54,19862.02,,29.99,-524.89,-165.77,-359.12,,2026-05-24 04:35:33.490000
1610,6,306,20337.78,19909.54,,27.13,-573.07,-247.23,-325.84,,2026-05-24 04:35:33.490000
1611,6,307,20157.92,19977.93,,35.56,-569.51,-311.68,-257.82,,2026-05-24 04:35:33.490000
1612,6,308,20011.39,20037.71,,36.3,-566.77,-362.7,-204.07,,2026-05-24 04:35:33.490000
1613,6,309,19882.52,20111.04,,54.17,-491.65,-388.49,-103.16,,2026-05-24 04:35:33.493333
1614,6,310,19736.69,20137.45,,48.58,-478.95,-406.58,-72.37,,2026-05-24 04:35:33.493333
1615,6,311,19590.82,20164.9,,43.91,-430.29,-411.32,-18.96,,2026-05-24 04:35:33.493333
1616,6,312,19412.01,20183.65,,46.12,-368.03,-402.66,34.63,,2026-05-24 04:35:33.493333
1617,6,313,19295.68,20217.41,,50.7,-349.68,-392.07,42.39,,2026-05-24 04:35:33.496666
1618,6,314,19190.3,20232.18,,49.36,-335.3,-380.72,45.41,,2026-05-24 04:35:33.496666
1619,6,315,19156.3,20206.22,,39.19,-386.98,-381.97,-5.01,,2026-05-24 04:35:33.496666
1620,6,316,19174.5,20219.93,,49.93,-322.96,-370.17,47.21,,2026-05-24 04:35:33.496666
1621,6,317,19141.41,20232.8,,56.81,-264.57,-349.05,84.48,,2026-05-24 04:35:33.500000
1622,6,318,19074.62,20232.14,,49.25,-275.15,-334.27,59.12,,2026-05-24 04:35:33.500000
1623,6,319,19090.52,20252.24,,60.35,-237.16,-314.84,77.69,,2026-05-24 04:35:33.500000
1624,6,320,19097.16,20270.85,,57.04,-208.83,-293.64,84.81,,2026-05-24 04:35:33.500000
1625,6,321,19117.11,20299.92,,59.59,-116.07,-258.13,142.06,,2026-05-24 04:35:33.500000
1626,6,322,19144.36,20329.16,,59.44,-50.05,-216.51,166.47,,2026-05-24 04:35:33.500000
1627,6,323,19284.33,20376.87,,62.09,108.17,-151.57,259.75,,2026-05-24 04:35:33.503333
1628,6,324,19447.35,20433.1,,71.26,294.86,-62.29,357.15,,2026-05-24 04:35:33.503333
1629,6,325,19624.72,20478.01,,63.17,378.43,25.86,352.57,,2026-05-24 04:35:33.503333
1630,6,326,19776.99,20496.8,,61.81,437.36,108.16,329.2,,2026-05-24 04:35:33.503333
1631,6,327,19912.61,20502.56,,65.92,486.76,183.88,302.88,,2026-05-24 04:35:33.506666
1632,6,328,20090.58,20503.02,,69.49,580.93,263.29,317.64,,2026-05-24 04:35:33.506666
1633,6,329,20213.31,20506.24,,74.64,626.47,335.92,290.55,,2026-05-24 04:35:33.506666
1634,6,330,20334.88,20493.04,,63.03,601.42,389.02,212.4,,2026-05-24 04:35:33.506666
1635,6,331,20443.71,20468.19,,63.57,587.86,428.79,159.07,,2026-05-24 04:35:33.510000
1636,6,332,20581.14,20475.47,,74.2,635.38,470.11,165.27,,2026-05-24 04:35:33.510000
1637,6,333,20790.8,20500.08,,75.77,746.0,525.29,220.72,,2026-05-24 04:35:33.510000
1638,6,334,20976.92,20514.32,,71.43,782.62,576.75,205.87,,2026-05-24 04:35:33.510000
1639,6,335,21282.61,20556.19,,73.68,926.41,646.69,279.73,,2026-05-24 04:35:33.510000
1640,6,336,21522.56,20571.29,,74.01,1023.73,722.09,301.63,,2026-05-24 04:35:33.513333
1641,6,337,21762.42,20610.32,,69.64,1092.69,796.21,296.48,,2026-05-24 04:35:33.513333
1642,6,338,22145.2,20706.63,,74.13,1302.96,897.56,405.39,,2026-05-24 04:35:33.513333
1643,6,339,22532.78,20806.05,,82.3,1503.65,1018.78,484.87,,2026-05-24 04:35:33.513333
1644,6,340,22929.85,20914.43,,82.83,1654.76,1145.98,508.79,,2026-05-24 04:35:33.516666
1645,6,341,23222.4,20989.73,,72.43,1655.71,1247.92,407.79,,2026-05-24 04:35:33.516666
1646,6,342,23552.49,21060.06,,72.11,1689.52,1336.24,353.27,,2026-05-24 04:35:33.516666
1647,6,343,23790.44,21153.76,,70.38,1655.67,1400.13,255.54,,2026-05-24 04:35:33.516666
1648,6,344,24026.35,21268.06,,77.2,1670.98,1454.3,216.68,,2026-05-24 04:35:33.520000
1649,6,345,24335.09,21441.91,,78.37,1720.8,1507.6,213.2,,2026-05-24 04:35:33.520000
1650,6,346,24704.02,21635.05,,79.07,1834.01,1572.88,261.13,,2026-05-24 04:35:33.520000
1651,6,347,25063.91,21804.98,,76.4,1895.59,1637.42,258.17,,2026-05-24 04:35:33.520000
1652,6,348,25267.62,21929.14,,64.74,1734.09,1656.76,77.33,,2026-05-24 04:35:33.520000
1653,6,349,25547.02,22100.41,,63.81,1686.93,1662.79,24.14,,2026-05-24 04:35:33.520000
1654,6,350,25977.19,22315.89,,70.13,1817.71,1693.78,123.94,,2026-05-24 04:35:33.523333
1655,6,351,26411.41,22524.45,,70.53,1918.84,1738.79,180.05,,2026-05-24 04:35:33.523333
1656,6,352,26845.18,22754.01,,67.53,2040.34,1799.1,241.24,,2026-05-24 04:35:33.523333
1657,6,353,27211.86,22995.48,,64.11,2085.87,1856.45,229.42,,2026-05-24 04:35:33.523333
1658,6,354,27556.8,23211.02,,59.17,2021.52,1889.47,132.06,,2026-05-24 04:35:33.523333
1659,6,355,27850.99,23457.98,,66.66,1991.14,1909.8,81.34,,2026-05-24 04:35:33.526666
1660,6,356,28166.03,23702.59,,65.87,1973.12,1922.47,50.66,,2026-05-24 04:35:33.526666
1661,6,357,28529.77,23959.06,,71.21,2018.59,1941.69,76.9,,2026-05-24 04:35:33.526666
1662,6,112,28871.5,24250.67,,73.11,2164.8,1986.31,178.49,,2026-05-24 04:35:33.526666
1663,6,113,29259.88,24556.99,,74.68,2379.9,2065.03,314.87,,2026-05-24 04:35:33.526666
1664,6,114,29729.79,24911.67,,75.66,2662.4,2184.5,477.89,,2026-05-24 04:35:33.530000
1665,6,115,30221.5,25242.01,,72.25,2789.58,2305.52,484.06,,2026-05-24 04:35:33.530000
1666,6,116,30716.66,25581.92,,85.49,2914.86,2427.39,487.47,,2026-05-24 04:35:33.530000
1667,6,117,31228.47,25926.88,,82.97,2965.28,2534.97,430.31,,2026-05-24 04:35:33.530000
1668,6,118,31460.37,26176.09,,55.06,2585.13,2545.0,40.13,,2026-05-24 04:35:33.530000
1669,6,119,31521.66,26388.05,,46.32,2042.48,2444.49,-402.02,,2026-05-24 04:35:33.530000
1670,6,120,31597.35,26604.19,,48.2,1710.82,2297.76,-586.94,,2026-05-24 04:35:33.530000
1671,6,121,31708.43,26831.79,,50.72,1481.72,2134.55,-652.83,,2026-05-24 04:35:33.530000
1672,6,122,31795.46,27017.48,,46.2,1058.83,1919.41,-860.58,,2026-05-24 04:35:33.530000
1673,6,123,31788.91,27179.77,,43.46,665.27,1668.58,-1003.31,,2026-05-24 04:35:33.533333
1674,6,124,31692.43,27353.99,,43.95,392.81,1413.43,-1020.61,,2026-05-24 04:35:33.533333
1675,6,125,31599.1,27517.24,,41.99,199.28,1170.6,-971.32,,2026-05-24 04:35:33.533333
1676,6,126,31514.26,27701.97,,39.96,123.06,961.09,-838.03,,2026-05-24 04:35:33.533333
1677,6,127,31426.53,27852.36,,34.11,30.92,775.06,-744.14,,2026-05-24 04:35:33.536666
1678,6,128,31312.5,27957.08,,25.08,-159.82,588.08,-747.9,,2026-05-24 04:35:33.536666
1679,6,129,31160.08,28072.12,,25.88,-325.63,405.34,-730.97,,2026-05-24 04:35:33.536666
1680,6,93,30969.36,28179.54,,22.25,-484.44,227.38,-711.83,,2026-05-24 04:35:33.536666
1681,6,74,30811.69,28318.69,,29.33,-468.56,88.19,-556.75,,2026-05-24 04:35:33.536666
1682,6,53,30534.79,28428.35,,37.4,-507.41,-30.93,-476.48,,2026-05-24 04:35:33.540000
1683,6,54,30237.2,28566.55,,50.29,-439.86,-112.71,-327.14,,2026-05-24 04:35:33.540000
1684,6,3,29925.71,28748.0,,50.39,-263.0,-142.77,-120.23,,2026-05-24 04:35:33.540000
1685,6,4,29673.35,28933.86,,49.46,-90.9,-132.4,41.5,,2026-05-24 04:35:33.540000
1686,6,5,29457.39,29132.42,,67.51,160.46,-73.82,234.29,,2026-05-24 04:35:33.540000
1687,6,6,29318.77,29338.07,,74.41,464.44,33.83,430.61,,2026-05-24 04:35:33.540000
1688,6,7,29507.08,29588.16,,76.57,833.06,193.67,639.38,,2026-05-24 04:35:33.543333
1689,6,10,29783.43,29788.38,,71.06,1037.47,362.43,675.04,,2026-05-24 04:35:33.543333
1690,6,11,29695.8,29873.49,,48.08,721.85,434.32,287.54,,2026-05-24 04:35:33.543333
1691,6,12,29618.91,29974.39,,51.26,533.74,454.2,79.54,,2026-05-24 04:35:33.543333
1692,6,13,29572.72,29988.49,,49.39,202.74,403.91,-201.17,,2026-05-24 04:35:33.543333
1693,6,14,29531.48,29979.25,,48.67,-101.17,302.89,-404.07,,2026-05-24 04:35:33.546666
1694,6,17,29448.15,29961.31,,48.93,-361.82,169.95,-531.77,,2026-05-24 04:35:33.546666
1695,6,18,29418.4,29995.64,,48.15,-452.0,45.56,-497.56,,2026-05-24 04:35:33.546666
1696,6,19,29318.67,30008.44,,48.83,-551.48,-73.85,-477.63,,2026-05-24 04:35:33.546666
1697,6,20,29225.64,30026.44,,45.08,-643.47,-187.77,-455.7,,2026-05-24 04:35:33.546666
1698,6,21,29053.42,29967.91,,34.44,-952.75,-340.77,-611.98,,2026-05-24 04:35:33.550000
1699,6,24,28975.33,29928.22,,38.24,-1052.2,-483.05,-569.15,,2026-05-24 04:35:33.550000
1700,6,25,28971.48,29886.52,,37.17,-1032.31,-592.91,-439.41,,2026-05-24 04:35:33.550000
1701,6,26,28785.67,29807.4,,30.03,-1160.49,-706.42,-454.07,,2026-05-24 04:35:33.550000
1702,6,27,28511.07,29725.73,,21.59,-1445.97,-854.33,-591.64,,2026-05-24 04:35:33.550000
1703,6,28,28161.38,29612.29,,22.16,-1680.75,-1019.62,-661.14,,2026-05-24 04:35:33.550000
1704,6,358,27768.01,29464.32,,32.48,-1796.34,-1174.96,-621.38,,2026-05-24 04:35:33.550000
1705,6,359,27332.29,29302.21,,28.18,-1903.43,-1320.65,-582.77,,2026-05-24 04:35:33.553333
1706,6,360,26880.74,29146.65,,37.36,-1875.41,-1431.61,-443.81,,2026-05-24 04:35:33.553333
1707,6,361,26324.0,28982.92,,36.87,-1891.04,-1523.49,-367.55,,2026-05-24 04:35:33.553333
1708,6,362,25668.88,28832.99,,36.94,-1902.95,-1599.38,-303.57,,2026-05-24 04:35:33.553333
1709,6,363,25123.29,28697.3,,36.44,-1790.73,-1637.65,-153.07,,2026-05-24 04:35:33.553333
1710,6,364,24887.66,28562.14,,38.98,-1651.84,-1640.49,-11.35,,2026-05-24 04:35:33.553333
1711,6,365,24642.83,28419.61,,42.1,-1471.47,-1606.69,135.22,,2026-05-24 04:35:33.556666
1712,6,366,24508.18,28243.16,,51.93,-1315.14,-1548.38,233.23,,2026-05-24 04:35:33.556666
1713,6,367,24327.63,28006.35,,39.87,-1293.19,-1497.34,204.15,,2026-05-24 04:35:33.556666
1714,6,368,24312.43,27794.36,,47.75,-1021.13,-1402.1,380.97,,2026-05-24 04:35:33.556666
1715,6,369,24203.63,27588.5,,52.96,-835.76,-1288.83,453.07,,2026-05-24 04:35:33.556666
1716,6,370,24098.89,27361.33,,63.11,-708.51,-1172.77,464.25,,2026-05-24 04:35:33.560000
1717,6,371,24000.19,27135.13,,64.33,-611.44,-1060.5,449.06,,2026-05-24 04:35:33.560000
1718,6,372,24108.66,27027.22,,65.77,-442.42,-936.88,494.46,,2026-05-24 04:35:33.560000
1719,6,373,24104.15,26961.21,,64.96,-353.22,-820.15,466.93,,2026-05-24 04:35:33.560000
1720,6,374,24016.15,26854.04,,57.87,-326.69,-721.46,394.77,,2026-05-24 04:35:33.560000
1721,6,375,24141.18,26780.5,,68.99,-117.83,-600.73,482.9,,2026-05-24 04:35:33.560000
1722,6,376,24354.03,26749.16,,66.55,-11.01,-482.79,471.78,,2026-05-24 04:35:33.560000
1723,6,377,24528.19,26708.0,,57.55,-16.53,-389.54,373.01,,2026-05-24 04:35:33.563333
1724,6,378,24681.44,26659.93,,56.93,-4.79,-312.59,307.79,,2026-05-24 04:35:33.563333
1725,6,379,24796.9,26581.33,,49.58,-92.87,-268.64,175.78,,2026-05-24 04:35:33.563333
1726,6,380,24844.05,26478.56,,48.79,-179.56,-250.83,71.27,,2026-05-24 04:35:33.563333
1727,6,381,24851.45,26352.89,,48.49,-367.8,-274.22,-93.58,,2026-05-24 04:35:33.563333
1728,6,382,24849.1,26247.63,,32.44,-547.87,-328.95,-218.92,,2026-05-24 04:35:33.566666
1729,6,383,24834.9,26167.23,,39.75,-601.74,-383.51,-218.23,,2026-05-24 04:35:33.566666
1730,6,384,24825.25,26104.49,,43.36,-599.27,-426.66,-172.61,,2026-05-24 04:35:33.566666
1731,6,385,24823.4,26024.3,,47.56,-525.34,-446.4,-78.94,,2026-05-24 04:35:33.566666
1732,6,386,24944.85,26007.18,,52.77,-266.46,-410.41,143.95,,2026-05-24 04:35:33.566666
1733,6,387,25152.85,25972.61,,56.14,-38.03,-335.93,297.91,,2026-05-24 04:35:33.570000
1734,6,388,25190.5,25900.28,,56.98,109.71,-246.8,356.52,,2026-05-24 04:35:33.570000
1735,6,389,25271.05,25827.57,,49.56,253.25,-146.79,400.04,,2026-05-24 04:35:33.570000
1736,6,390,25334.95,25712.35,,49.78,308.73,-55.69,364.42,,2026-05-24 04:35:33.570000
1737,6,391,25451.4,25588.18,,59.01,421.83,39.82,382.02,,2026-05-24 04:35:33.570000
1738,6,392,25447.4,25403.35,,51.88,399.47,111.75,287.72,,2026-05-24 04:35:33.570000
1739,6,393,25380.0,25199.84,,49.24,227.97,134.99,92.98,,2026-05-24 04:35:33.570000
1740,6,394,25323.2,25105.0,,48.68,60.54,120.1,-59.56,,2026-05-24 04:35:33.573333
1741,6,395,25102.4,24973.89,,50.9,-148.62,66.36,-214.98,,2026-05-24 04:35:33.573333
1742,6,396,24935.75,24894.37,,54.22,-282.57,-3.43,-279.14,,2026-05-24 04:35:33.573333
1743,6,397,24797.35,24814.35,,47.75,-428.56,-88.46,-340.11,,2026-05-24 04:35:33.573333
1744,6,398,24625.25,24730.77,,43.75,-575.95,-185.96,-390.0,,2026-05-24 04:35:33.573333
1745,7,191,,,,,0.0,0.0,0.0,,2026-05-24 04:35:33.590000
1746,7,192,,,,,7.02,1.4,5.62,,2026-05-24 04:35:33.590000
1747,7,193,,,,,7.49,2.62,4.87,,2026-05-24 04:35:33.593333
1748,7,194,,,,,18.47,5.79,12.68,,2026-05-24 04:35:33.593333
1749,7,195,,,,,43.21,13.28,29.94,,2026-05-24 04:35:33.596666
1750,7,196,,,,,63.78,23.38,40.4,,2026-05-24 04:35:33.600000
1751,7,197,,,,,70.79,32.86,37.93,,2026-05-24 04:35:33.600000
1752,7,198,,,,,88.0,43.89,44.11,,2026-05-24 04:35:33.603333
1753,7,199,,,,,107.34,56.58,50.76,,2026-05-24 04:35:33.603333
1754,7,200,,,,,108.35,66.93,41.42,,2026-05-24 04:35:33.606666
1755,7,201,,,,,111.57,75.86,35.71,,2026-05-24 04:35:33.606666
1756,7,202,,,,,111.55,83.0,28.55,,2026-05-24 04:35:33.610000
1757,7,203,,,,,117.52,89.9,27.62,,2026-05-24 04:35:33.613333
1758,7,204,,,,65.4,113.44,94.61,18.83,,2026-05-24 04:35:33.613333
1759,7,205,,,,66.36,111.82,98.05,13.77,,2026-05-24 04:35:33.616666
1760,7,206,,,,61.05,104.73,99.39,5.35,,2026-05-24 04:35:33.616666
1761,7,207,,,,65.44,101.5,99.81,1.69,,2026-05-24 04:35:33.620000
1762,7,208,,,,57.89,92.54,98.36,-5.82,,2026-05-24 04:35:33.620000
1763,7,209,,,,51.46,88.29,96.34,-8.05,,2026-05-24 04:35:33.620000
1764,7,210,6897.9,,,50.05,83.32,93.74,-10.41,,2026-05-24 04:35:33.623333
1765,7,211,6906.1,,,44.84,60.69,87.13,-26.44,,2026-05-24 04:35:33.623333
1766,7,212,6906.9,,,33.88,37.48,77.2,-39.72,,2026-05-24 04:35:33.626666
1767,7,213,6929.2,,,48.03,48.23,71.41,-23.18,,2026-05-24 04:35:33.630000
1768,7,214,6942.65,,,52.79,52.67,67.66,-14.99,,2026-05-24 04:35:33.630000
1769,7,215,6943.85,,,49.2,52.35,64.6,-12.24,,2026-05-24 04:35:33.630000
1770,7,216,6947.5,,,52.69,57.09,63.1,-6.0,,2026-05-24 04:35:33.633333
1771,7,217,6974.3,,,61.03,88.72,68.22,20.5,,2026-05-24 04:35:33.633333
1772,7,218,6991.6,,,63.55,109.85,76.55,33.3,,2026-05-24 04:35:33.636666
1773,7,219,7001.7,,,60.16,120.53,85.34,35.18,,2026-05-24 04:35:33.636666
1774,7,220,7015.5,,,58.93,120.5,92.37,28.13,,2026-05-24 04:35:33.636666
1775,7,221,7037.8,,,63.13,136.34,101.17,35.17,,2026-05-24 04:35:33.640000
1776,7,222,7049.9,,,57.83,129.64,106.86,22.78,,2026-05-24 04:35:33.640000
1777,7,223,7071.65,,,62.64,145.57,114.6,30.97,,2026-05-24 04:35:33.640000
1778,7,224,7103.15,,,64.63,164.53,124.59,39.94,,2026-05-24 04:35:33.643333
1779,7,225,7127.95,,,68.6,169.69,133.61,36.08,,2026-05-24 04:35:33.643333
1780,7,226,7152.05,,,68.23,166.14,140.11,26.02,,2026-05-24 04:35:33.643333
1781,7,227,7171.2,,,59.33,157.07,143.51,13.57,,2026-05-24 04:35:33.646666
1782,7,228,7190.65,,,58.76,143.39,143.48,-0.09,,2026-05-24 04:35:33.646666
1783,7,229,7206.55,,,59.33,129.21,140.63,-11.42,,2026-05-24 04:35:33.646666
1784,7,230,7233.1,,,62.27,132.98,139.1,-6.12,,2026-05-24 04:35:33.650000
1785,7,231,7281.95,,,59.33,152.2,141.72,10.48,,2026-05-24 04:35:33.650000
1786,7,232,7338.45,,,62.53,172.95,147.96,24.98,,2026-05-24 04:35:33.650000
1787,7,233,7373.65,,,62.53,182.6,154.89,27.71,,2026-05-24 04:35:33.653333
1788,7,234,7403.35,,,60.34,175.88,159.09,16.79,,2026-05-24 04:35:33.653333
1789,7,235,7431.1,,,52.61,162.31,159.73,2.58,,2026-05-24 04:35:33.653333
1790,7,236,7445.95,,,53.61,134.83,154.75,-19.92,,2026-05-24 04:35:33.656666
1791,7,237,7450.25,,,49.52,123.49,148.5,-25.01,,2026-05-24 04:35:33.656666
1792,7,238,7443.9,,,39.32,93.58,137.52,-43.94,,2026-05-24 04:35:33.660000
1793,7,239,7435.7,,,39.39,61.49,122.31,-60.82,,2026-05-24 04:35:33.660000
1794,7,240,7432.25,7144.88,,41.36,36.22,105.09,-68.88,,2026-05-24 04:35:33.660000
1795,7,241,7421.4,7157.62,,45.17,21.42,88.36,-66.94,,2026-05-24 04:35:33.660000
1796,7,242,7400.7,7160.26,,37.11,-23.68,65.95,-89.63,,2026-05-24 04:35:33.660000
1797,7,243,7361.6,7162.46,,36.02,-65.44,39.67,-105.11,,2026-05-24 04:35:33.663333
1798,7,244,7324.6,7164.86,,34.07,-85.93,14.55,-100.48,,2026-05-24 04:35:33.663333
1799,7,245,7300.2,7166.24,,31.71,-88.72,-6.1,-82.62,,2026-05-24 04:35:33.663333
1800,7,246,7279.85,7167.4,,28.65,-89.1,-22.7,-66.39,,2026-05-24 04:35:33.663333
1801,7,247,7264.2,7171.44,,31.08,-85.26,-35.21,-50.05,,2026-05-24 04:35:33.663333
1802,7,248,7251.45,7172.3,,33.87,-81.45,-44.46,-36.99,,2026-05-24 04:35:33.666666
1803,7,249,7245.2,7173.58,,39.58,-69.0,-49.37,-19.63,,2026-05-24 04:35:33.666666
1804,7,250,7215.6,7172.86,,37.93,-79.36,-55.37,-23.99,,2026-05-24 04:35:33.666666
1805,7,251,7179.25,7172.98,,35.81,-79.55,-60.2,-19.34,,2026-05-24 04:35:33.666666
1806,7,252,7139.45,7173.9,,42.7,-76.88,-63.54,-13.34,,2026-05-24 04:35:33.670000
1807,7,253,7100.75,7172.28,,44.45,-76.78,-66.18,-10.59,,2026-05-24 04:35:33.670000
1808,7,254,7069.4,7172.4,,44.0,-76.31,-68.21,-8.1,,2026-05-24 04:35:33.670000
1809,7,255,7043.15,7172.26,,42.19,-73.23,-69.21,-4.02,,2026-05-24 04:35:33.670000
1810,7,256,7026.1,7173.18,,59.92,-70.31,-69.43,-0.87,,2026-05-24 04:35:33.670000
1811,7,257,6998.65,7172.0,,61.36,-72.08,-69.96,-2.12,,2026-05-24 04:35:33.670000
1812,7,258,6990.86,7175.08,,61.48,-60.92,-68.15,7.24,,2026-05-24 04:35:33.670000
1813,7,259,6983.51,7175.48,,48.94,-58.34,-66.19,7.85,,2026-05-24 04:35:33.673333
1814,7,260,6969.91,7173.68,,42.67,-65.06,-65.96,0.9,,2026-05-24 04:35:33.673333
1815,7,261,6946.31,7173.71,,35.49,-80.12,-68.8,-11.33,,2026-05-24 04:35:33.673333
1816,7,262,6946.62,7176.15,,38.96,-86.14,-72.27,-13.88,,2026-05-24 04:35:33.673333
1817,7,263,6953.17,7172.05,,35.26,-86.61,-75.13,-11.47,,2026-05-24 04:35:33.673333
1818,7,264,6951.77,7168.51,,45.61,-87.18,-77.54,-9.64,,2026-05-24 04:35:33.673333
1819,7,265,6940.12,7164.75,,36.77,-90.71,-80.18,-10.53,,2026-05-24 04:35:33.676666
1820,7,266,6949.38,7168.15,,57.9,-58.29,-75.8,17.51,,2026-05-24 04:35:33.676666
1821,7,267,6946.93,7160.49,,51.17,-47.78,-70.2,22.41,,2026-05-24 04:35:33.676666
1822,7,268,6946.93,7154.43,,53.02,-35.26,-63.21,27.95,,2026-05-24 04:35:33.676666
1823,7,269,6948.33,7152.23,,56.48,-14.28,-53.42,39.15,,2026-05-24 04:35:33.676666
1824,7,270,6965.24,7152.75,,57.96,6.16,-41.51,47.66,,2026-05-24 04:35:33.676666
1825,7,271,6985.09,7151.9,,63.84,33.82,-26.44,60.26,,2026-05-24 04:35:33.680000
1826,7,272,7001.39,7154.5,,58.48,51.36,-10.88,62.24,,2026-05-24 04:35:33.680000
1827,7,273,7014.04,7149.24,,57.62,55.82,2.46,53.36,,2026-05-24 04:35:33.680000
1828,7,274,7031.3,7143.66,,64.4,65.54,15.08,50.46,,2026-05-24 04:35:33.680000
1829,7,275,7056.5,7143.68,,73.81,86.93,29.45,57.48,,2026-05-24 04:35:33.680000
1830,7,276,7085.15,7146.42,,73.87,107.88,45.13,62.75,,2026-05-24 04:35:33.680000
1831,7,277,7126.9,7154.28,,76.25,139.1,63.92,75.17,,2026-05-24 04:35:33.680000
1832,7,278,7163.45,7164.2,,77.47,165.4,84.22,81.18,,2026-05-24 04:35:33.680000
1833,7,279,7213.55,7178.28,,81.7,198.88,107.15,91.73,,2026-05-24 04:35:33.683333
1834,7,280,7268.9,7188.0,,75.78,221.81,130.08,91.73,,2026-05-24 04:35:33.683333
1835,7,281,7328.25,7192.23,,83.75,233.1,150.69,82.41,,2026-05-24 04:35:33.683333
1836,7,282,7384.2,7194.45,,82.73,238.73,168.3,70.43,,2026-05-24 04:35:33.683333
1837,7,283,7444.15,7200.25,,82.54,250.07,184.65,65.42,,2026-05-24 04:35:33.686666
1838,7,284,7513.45,7212.55,,84.06,269.83,201.69,68.14,,2026-05-24 04:35:33.686666
1839,7,285,7585.85,7226.65,,82.38,283.11,217.97,65.14,,2026-05-24 04:35:33.686666
1840,7,286,7639.0,7245.37,,85.97,293.72,233.12,60.6,,2026-05-24 04:35:33.686666
1841,7,287,7698.25,7259.69,,88.44,292.86,245.07,47.79,,2026-05-24 04:35:33.686666
1842,7,288,7749.8,7276.79,,80.24,280.32,252.12,28.2,,2026-05-24 04:35:33.690000
1843,7,289,7803.9,7299.51,,80.3,282.13,258.12,24.01,,2026-05-24 04:35:33.690000
1844,7,290,7849.0,7319.45,,71.47,269.81,260.46,9.35,,2026-05-24 04:35:33.690000
1845,7,291,7889.25,7339.04,,67.87,261.07,260.58,0.49,,2026-05-24 04:35:33.690000
1846,7,292,7930.65,7366.48,,65.31,249.33,258.33,-9.0,,2026-05-24 04:35:33.690000
1847,7,293,7973.15,7393.86,,54.08,230.35,252.73,-22.38,,2026-05-24 04:35:33.690000
1848,7,294,8012.1,7418.66,,55.37,214.05,245.0,-30.95,,2026-05-24 04:35:33.693333
1849,7,295,8037.55,7438.62,,53.58,191.82,234.36,-42.54,,2026-05-24 04:35:33.693333
1850,7,296,8056.9,7457.24,,51.29,167.68,221.03,-53.35,,2026-05-24 04:35:33.693333
1851,7,297,8069.45,7476.38,,48.83,152.03,207.23,-55.2,,2026-05-24 04:35:33.693333
1852,7,298,8074.25,7493.32,,35.24,129.11,191.6,-62.5,,2026-05-24 04:35:33.693333
1853,7,299,8076.4,7510.76,,41.93,120.2,177.32,-57.12,,2026-05-24 04:35:33.693333
1854,7,300,8079.75,7533.66,,40.3,112.74,164.41,-51.67,,2026-05-24 04:35:33.696666
1855,7,301,8108.05,7563.74,,59.88,141.26,159.78,-18.52,,2026-05-24 04:35:33.696666
1856,7,302,8127.75,7589.77,,57.16,147.72,157.36,-9.65,,2026-05-24 04:35:33.696666
1857,7,303,8141.55,7616.57,,51.57,151.33,156.16,-4.83,,2026-05-24 04:35:33.696666
1858,7,304,8139.5,7640.59,,51.1,140.87,153.1,-12.23,,2026-05-24 04:35:33.696666
1859,7,305,8128.65,7660.85,,43.99,117.91,146.06,-28.15,,2026-05-24 04:35:33.700000
1860,7,306,8117.95,7682.11,,46.33,102.25,137.3,-35.05,,2026-05-24 04:35:33.700000
1861,7,307,8119.75,7708.13,,54.57,102.93,130.43,-27.5,,2026-05-24 04:35:33.700000
1862,7,308,8125.55,7730.67,,53.26,100.14,124.37,-24.23,,2026-05-24 04:35:33.700000
1863,7,309,8124.65,7755.97,,57.66,100.96,119.69,-18.73,,2026-05-24 04:35:33.700000
1864,7,310,8134.85,7785.43,,61.96,107.63,117.27,-9.65,,2026-05-24 04:35:33.700000
1865,7,311,8144.65,7818.37,,61.42,114.98,116.81,-1.84,,2026-05-24 04:35:33.700000
1866,7,312,8155.4,7849.99,,65.75,119.03,117.26,1.77,,2026-05-24 04:35:33.700000
1867,7,313,8161.8,7877.31,,55.53,106.96,115.2,-8.24,,2026-05-24 04:35:33.703333
1868,7,314,8166.8,7904.67,,54.76,95.25,111.21,-15.95,,2026-05-24 04:35:33.703333
1869,7,315,8165.75,7928.87,,30.9,68.32,102.63,-34.31,,2026-05-24 04:35:33.703333
1870,7,316,8166.6,7944.13,,35.13,44.93,91.09,-46.16,,2026-05-24 04:35:33.703333
1871,7,317,8162.65,7962.67,,34.06,23.62,77.6,-53.98,,2026-05-24 04:35:33.703333
1872,7,318,8150.15,7974.61,,30.53,-15.93,58.89,-74.82,,2026-05-24 04:35:33.706666
1873,7,319,8136.35,7985.97,,40.27,-38.27,39.46,-77.73,,2026-05-24 04:35:33.706666
1874,7,320,8129.45,7999.35,,44.73,-43.45,22.88,-66.33,,2026-05-24 04:35:33.706666
1875,7,321,8099.0,8009.31,,35.87,-48.93,8.52,-57.45,,2026-05-24 04:35:33.706666
1876,7,322,8091.7,8025.89,,48.82,-30.01,0.81,-30.82,,2026-05-24 04:35:33.706666
1877,7,323,8084.15,8044.61,,46.89,-15.01,-2.35,-12.66,,2026-05-24 04:35:33.710000
1878,7,324,8093.5,8065.47,,50.46,12.31,0.58,11.73,,2026-05-24 04:35:33.710000
1879,7,325,8105.0,8080.25,,45.35,23.85,5.23,18.61,,2026-05-24 04:35:33.710000
1880,7,326,8136.45,8102.63,,57.3,68.11,17.81,50.3,,2026-05-24 04:35:33.710000
1881,7,327,8155.95,8119.75,,60.61,97.07,33.66,63.41,,2026-05-24 04:35:33.710000
1882,7,328,8178.7,8136.77,,61.77,121.68,51.26,70.42,,2026-05-24 04:35:33.710000
1883,7,329,8198.7,8150.03,,68.99,139.34,68.88,70.46,,2026-05-24 04:35:33.713333
1884,7,330,8212.85,8163.01,,68.68,149.43,84.99,64.44,,2026-05-24 04:35:33.713333
1885,7,331,8227.1,8177.91,,70.65,159.14,99.82,59.32,,2026-05-24 04:35:33.713333
1886,7,332,8244.25,8194.01,,84.54,169.17,113.69,55.48,,2026-05-24 04:35:33.713333
1887,7,333,8266.35,8206.19,,79.29,169.11,124.77,44.34,,2026-05-24 04:35:33.716666
1888,7,334,8285.8,8213.61,,73.51,161.88,132.19,29.68,,2026-05-24 04:35:33.716666
1889,7,335,8314.79,8220.45,,73.81,152.93,136.34,16.59,,2026-05-24 04:35:33.716666
1890,7,336,8351.49,8229.13,,70.77,154.94,140.06,14.88,,2026-05-24 04:35:33.716666
1891,7,337,8394.14,8241.03,,72.75,161.77,144.4,17.37,,2026-05-24 04:35:33.716666
1892,7,338,8451.14,8255.15,,68.39,165.6,148.64,16.96,,2026-05-24 04:35:33.720000
1893,7,339,8508.24,8267.71,,78.47,175.33,153.98,21.35,,2026-05-24 04:35:33.720000
1894,7,340,8557.89,8282.91,,65.19,180.95,159.37,21.58,,2026-05-24 04:35:33.720000
1895,7,341,8616.19,8300.09,,76.61,195.18,166.54,28.65,,2026-05-24 04:35:33.720000
1896,7,342,8662.99,8318.83,,77.06,208.41,174.91,33.5,,2026-05-24 04:35:33.720000
1897,7,343,8710.89,8339.7,,77.88,218.0,183.53,34.47,,2026-05-24 04:35:33.720000
1898,7,344,8756.04,8363.04,,83.3,234.04,193.63,40.41,,2026-05-24 04:35:33.720000
1899,7,345,8811.14,8389.68,,83.86,250.08,204.92,45.16,,2026-05-24 04:35:33.723333
1900,7,346,8849.49,8419.66,,84.74,268.57,217.65,50.92,,2026-05-24 04:35:33.723333
1901,7,347,8890.89,8448.32,,91.22,279.91,230.1,49.81,,2026-05-24 04:35:33.723333
1902,7,348,8914.39,8472.82,,72.26,260.09,236.1,23.99,,2026-05-24 04:35:33.723333
1903,7,349,8986.19,8513.94,,85.19,318.41,252.56,65.85,,2026-05-24 04:35:33.726666
1904,7,350,9074.29,8560.82,,86.23,384.33,278.91,105.41,,2026-05-24 04:35:33.726666
1905,7,351,9156.79,8597.4,,83.17,426.17,308.36,117.8,,2026-05-24 04:35:33.726666
1906,7,352,9255.79,8645.22,,85.54,484.64,343.62,141.02,,2026-05-24 04:35:33.726666
1907,7,353,9360.34,8693.7,,85.14,527.81,380.46,147.35,,2026-05-24 04:35:33.726666
1908,7,354,9458.59,8741.24,,79.32,540.29,412.42,127.87,,2026-05-24 04:35:33.730000
1909,7,355,9560.74,8793.28,,78.65,548.71,439.68,109.02,,2026-05-24 04:35:33.730000
1910,7,356,9657.64,8845.0,,78.46,551.44,462.03,89.4,,2026-05-24 04:35:33.730000
1911,7,357,9765.19,8899.2,,80.49,571.3,483.89,87.42,,2026-05-24 04:35:33.730000
1912,7,112,9860.64,8949.18,,73.39,561.37,499.38,61.99,,2026-05-24 04:35:33.730000
1913,7,113,9963.63,9003.3,,74.88,567.86,513.08,54.78,,2026-05-24 04:35:33.730000
1914,7,114,10071.53,9057.58,,74.78,574.28,525.32,48.96,,2026-05-24 04:35:33.730000
1915,7,115,10169.78,9110.14,,73.81,569.26,534.11,35.15,,2026-05-24 04:35:33.733333
1916,7,116,10273.53,9166.08,,82.71,571.92,541.67,30.25,,2026-05-24 04:35:33.733333
1917,7,117,10389.33,9230.72,,77.72,588.31,551.0,37.31,,2026-05-24 04:35:33.733333
1918,7,118,10476.43,9286.9,,61.95,559.67,552.73,6.93,,2026-05-24 04:35:33.733333
1919,7,119,10557.13,9346.24,,62.36,526.78,547.54,-20.76,,2026-05-24 04:35:33.733333
1920,7,120,10642.13,9409.88,,59.38,510.64,540.16,-29.52,,2026-05-24 04:35:33.736666
1921,7,121,10740.88,9479.62,,63.1,514.04,534.94,-20.9,,2026-05-24 04:35:33.736666
1922,7,122,10825.58,9543.0,,54.53,462.9,520.53,-57.63,,2026-05-24 04:35:33.736666
1923,7,123,10848.98,9599.0,,49.22,396.58,495.74,-99.16,,2026-05-24 04:35:33.736666
1924,7,124,10869.03,9656.66,,52.22,358.6,468.31,-109.71,,2026-05-24 04:35:33.736666
1925,7,125,10892.58,9714.84,,47.64,324.92,439.63,-114.71,,2026-05-24 04:35:33.736666
1926,7,126,10907.23,9771.44,,54.8,311.19,413.94,-102.76,,2026-05-24 04:35:33.740000
1927,7,127,10911.23,9824.53,,47.67,282.76,387.71,-104.95,,2026-05-24 04:35:33.740000
1928,7,128,10921.73,9872.53,,44.95,252.32,360.63,-108.31,,2026-05-24 04:35:33.740000
1929,7,129,10923.38,9920.63,,43.87,216.26,331.75,-115.5,,2026-05-24 04:35:33.740000
1930,7,93,10909.78,9954.33,,37.12,163.61,298.13,-134.52,,2026-05-24 04:35:33.740000
1931,7,74,10914.23,10002.51,,44.22,173.3,273.16,-99.86,,2026-05-24 04:35:33.740000
1932,7,53,10922.08,10046.53,,47.79,165.36,251.6,-86.24,,2026-05-24 04:35:33.743333
1933,7,54,10924.08,10093.45,,50.71,168.58,235.0,-66.42,,2026-05-24 04:35:33.743333
1934,7,3,10931.58,10145.07,,50.88,185.77,225.15,-39.38,,2026-05-24 04:35:33.743333
1935,7,4,10938.78,10194.81,,45.83,193.14,218.75,-25.61,,2026-05-24 04:35:33.743333
1936,7,5,10952.03,10249.19,,60.91,219.44,218.89,0.56,,2026-05-24 04:35:33.743333
1937,7,6,10941.58,10300.81,,62.0,220.56,219.22,1.34,,2026-05-24 04:35:33.746666
1938,7,7,10964.33,10358.31,,61.95,237.11,222.8,14.31,,2026-05-24 04:35:33.746666
1939,7,10,10992.63,10417.37,,62.72,252.16,228.67,23.49,,2026-05-24 04:35:33.746666
1940,7,11,11006.38,10471.83,,57.76,253.5,233.64,19.86,,2026-05-24 04:35:33.746666
1941,7,12,11015.33,10528.09,,64.23,265.86,240.08,25.78,,2026-05-24 04:35:33.746666
1942,7,13,11052.48,10583.53,,64.82,269.56,245.98,23.58,,2026-05-24 04:35:33.750000
1943,7,14,11073.03,10624.91,,55.13,221.93,241.17,-19.24,,2026-05-24 04:35:33.750000
1944,7,17,11088.73,10668.99,,62.07,192.85,231.5,-38.66,,2026-05-24 04:35:33.750000
1945,7,18,11122.93,10717.53,,58.09,197.54,224.71,-27.17,,2026-05-24 04:35:33.750000
1946,7,19,11149.58,10766.07,,62.67,203.27,220.42,-17.15,,2026-05-24 04:35:33.750000
1947,7,20,11194.97,10818.17,,63.44,221.24,220.59,0.66,,2026-05-24 04:35:33.750000
1948,7,21,11239.07,10865.75,,58.35,225.78,221.63,4.16,,2026-05-24 04:35:33.750000
1949,7,24,11289.02,10911.79,,59.5,226.76,222.65,4.11,,2026-05-24 04:35:33.753333
1950,7,25,11359.77,10958.45,,57.06,236.2,225.36,10.83,,2026-05-24 04:35:33.753333
1951,7,26,11395.77,11004.47,,61.7,238.26,227.94,10.32,,2026-05-24 04:35:33.753333
1952,7,27,11436.87,11055.53,,55.4,231.74,228.7,3.04,,2026-05-24 04:35:33.753333
1953,7,28,11467.87,11086.13,,52.48,219.21,226.8,-7.6,,2026-05-24 04:35:33.753333
1954,7,358,11495.62,11113.61,,58.09,218.29,225.1,-6.81,,2026-05-24 04:35:33.753333
1955,7,359,11535.82,11146.43,,58.5,230.97,226.27,4.69,,2026-05-24 04:35:33.756666
1956,7,360,11580.07,11178.91,,65.58,267.46,234.51,32.95,,2026-05-24 04:35:33.756666
1957,7,361,11622.52,11205.69,,76.35,273.14,242.24,30.9,,2026-05-24 04:35:33.756666
1958,7,362,11659.52,11238.69,,76.17,283.97,250.58,33.39,,2026-05-24 04:35:33.756666
1959,7,363,11712.47,11278.07,,76.25,319.45,264.36,55.1,,2026-05-24 04:35:33.756666
1960,7,364,11781.67,11321.44,,78.09,361.96,283.88,78.08,,2026-05-24 04:35:33.760000
1961,7,365,11831.22,11354.5,,68.86,373.99,301.9,72.09,,2026-05-24 04:35:33.760000
1962,7,366,11886.02,11393.68,,72.47,384.57,318.43,66.14,,2026-05-24 04:35:33.760000
1963,7,367,11964.27,11425.16,,68.66,378.43,330.43,48.0,,2026-05-24 04:35:33.760000
1964,7,368,12026.12,11450.82,,61.44,353.91,335.13,18.78,,2026-05-24 04:35:33.760000
1965,7,369,12076.07,11480.04,,64.26,341.36,336.38,4.98,,2026-05-24 04:35:33.760000
1966,7,370,12125.27,11506.76,,66.55,330.74,335.25,-4.51,,2026-05-24 04:35:33.763333
1967,7,371,12166.52,11529.04,,68.67,321.77,332.55,-10.78,,2026-05-24 04:35:33.763333
1968,7,372,12205.42,11557.34,,63.15,300.3,326.1,-25.8,,2026-05-24 04:35:33.763333
1969,7,373,12245.82,11587.26,,60.47,282.45,317.37,-34.92,,2026-05-24 04:35:33.763333
1970,7,374,12278.22,11612.88,,52.56,263.74,306.65,-42.91,,2026-05-24 04:35:33.763333
1971,7,375,12288.12,11623.36,,46.99,207.53,286.82,-79.29,,2026-05-24 04:35:33.766666
1972,7,376,12308.97,11648.88,,47.75,173.18,264.1,-90.91,,2026-05-24 04:35:33.766666
1973,7,377,12336.87,11681.28,,39.73,150.76,241.43,-90.67,,2026-05-24 04:35:33.766666
1974,7,378,12370.67,11714.26,,40.68,152.29,223.6,-71.31,,2026-05-24 04:35:33.766666
1975,7,379,12399.97,11749.38,,48.82,160.45,210.97,-50.52,,2026-05-24 04:35:33.766666
1976,7,380,12408.12,11779.26,,45.45,160.47,200.87,-40.4,,2026-05-24 04:35:33.766666
1977,7,381,12419.87,11809.14,,44.23,144.53,189.6,-45.07,,2026-05-24 04:35:33.770000
1978,7,382,12438.92,11845.56,,56.01,151.54,181.99,-30.45,,2026-05-24 04:35:33.770000
1979,7,383,12452.97,11889.9,,59.01,177.56,181.11,-3.54,,2026-05-24 04:35:33.770000
1980,7,384,12451.62,11938.18,,56.15,189.7,182.82,6.88,,2026-05-24 04:35:33.770000
1981,7,385,12457.02,11971.62,,53.33,190.67,184.39,6.28,,2026-05-24 04:35:33.770000
1982,7,386,12452.77,12005.96,,53.58,179.29,183.37,-4.08,,2026-05-24 04:35:33.770000
1983,7,387,12454.03,12037.14,,52.55,167.06,180.11,-13.05,,2026-05-24 04:35:33.773333
1984,7,388,12467.38,12065.15,,54.05,159.48,175.98,-16.51,,2026-05-24 04:35:33.773333
1985,7,389,12485.99,12098.93,,72.91,170.79,174.94,-4.16,,2026-05-24 04:35:33.773333
1986,7,390,12502.49,12126.95,,70.54,177.46,175.45,2.01,,2026-05-24 04:35:33.773333
1987,7,391,12535.24,12166.51,,74.5,209.7,182.3,27.41,,2026-05-24 04:35:33.773333
1988,7,392,12573.9,12201.17,,70.24,231.22,192.08,39.14,,2026-05-24 04:35:33.776666
1989,7,393,12589.4,12225.97,,54.81,210.9,195.85,15.06,,2026-05-24 04:35:33.776666
1990,7,394,12606.11,12252.77,,56.39,192.98,195.27,-2.29,,2026-05-24 04:35:33.776666
1991,7,395,12635.46,12271.42,,55.02,158.39,187.9,-29.51,,2026-05-24 04:35:33.776666
1992,7,396,12654.51,12289.7,,47.44,125.1,175.34,-50.24,,2026-05-24 04:35:33.776666
1993,7,397,12683.37,12325.42,,47.39,119.68,164.21,-44.52,,2026-05-24 04:35:33.780000
1994,7,398,12691.17,12355.24,,45.5,101.32,151.63,-50.31,,2026-05-24 04:35:33.780000
1995,8,191,,,,,0.0,0.0,0.0,,2026-05-24 04:35:34.020000
1996,8,192,,,,,0.64,0.13,0.51,,2026-05-24 04:35:34.023333
1997,8,193,,,,,5.43,1.19,4.25,,2026-05-24 04:35:34.023333
1998,8,194,,,,,17.58,4.47,13.11,,2026-05-24 04:35:34.026666
1999,8,195,,,,,20.04,7.58,12.46,,2026-05-24 04:35:34.030000
2000,8,196,,,,,18.63,9.79,8.84,,2026-05-24 04:35:34.030000
2001,8,197,,,,,16.84,11.2,5.64,,2026-05-24 04:35:34.030000
2002,8,198,,,,,18.75,12.71,6.04,,2026-05-24 04:35:34.033333
2003,8,199,,,,,25.61,15.29,10.32,,2026-05-24 04:35:34.033333
2004,8,200,,,,,38.99,20.03,18.96,,2026-05-24 04:35:34.036666
2005,8,201,,,,,43.2,24.66,18.54,,2026-05-24 04:35:34.036666
2006,8,202,,,,,55.66,30.86,24.8,,2026-05-24 04:35:34.040000
2007,8,203,,,,,48.92,34.47,14.45,,2026-05-24 04:35:34.040000
2008,8,204,,,,56.94,45.16,36.61,8.54,,2026-05-24 04:35:34.043333
2009,8,205,,,,44.05,19.85,33.26,-13.41,,2026-05-24 04:35:34.050000
2010,8,206,,,,42.3,-3.32,25.94,-29.26,,2026-05-24 04:35:34.050000
2011,8,207,,,,41.65,-18.24,17.11,-35.35,,2026-05-24 04:35:34.053333
2012,8,208,,,,38.01,-27.01,8.28,-35.29,,2026-05-24 04:35:34.053333
2013,8,209,,,,41.07,-33.58,-0.09,-33.49,,2026-05-24 04:35:34.056666
2014,8,210,7397.98,,,37.52,-49.5,-9.97,-39.53,,2026-05-24 04:35:34.056666
2015,8,211,7401.32,,,51.01,-36.22,-15.22,-21.0,,2026-05-24 04:35:34.060000
2016,8,212,7406.97,,,51.34,-21.09,-16.39,-4.7,,2026-05-24 04:35:34.063333
2017,8,213,7410.57,,,49.41,-7.97,-14.71,6.74,,2026-05-24 04:35:34.063333
2018,8,214,7412.67,,,48.4,8.47,-10.07,18.54,,2026-05-24 04:35:34.066666
2019,8,215,7418.56,,,50.67,20.45,-3.97,24.42,,2026-05-24 04:35:34.066666
2020,8,216,7428.96,,,47.96,33.67,3.56,30.11,,2026-05-24 04:35:34.070000
2021,8,217,7433.5,,,51.0,33.84,9.61,24.22,,2026-05-24 04:35:34.070000
2022,8,218,7439.0,,,52.47,38.61,15.41,23.19,,2026-05-24 04:35:34.070000
2023,8,219,7437.05,,,62.33,35.6,19.45,16.15,,2026-05-24 04:35:34.073333
2024,8,220,7426.91,,,61.1,28.06,21.17,6.89,,2026-05-24 04:35:34.073333
2025,8,221,7425.61,,,63.31,30.13,22.96,7.16,,2026-05-24 04:35:34.076666
2026,8,222,7420.21,,,63.48,34.51,25.27,9.24,,2026-05-24 04:35:34.076666
2027,8,223,7422.06,,,60.58,33.24,26.87,6.38,,2026-05-24 04:35:34.080000
2028,8,224,7410.87,,,56.07,13.14,24.12,-10.98,,2026-05-24 04:35:34.080000
2029,8,225,7410.07,,,38.95,-8.02,17.69,-25.72,,2026-05-24 04:35:34.083333
2030,8,226,7417.16,,,42.58,-15.03,11.15,-26.18,,2026-05-24 04:35:34.083333
2031,8,227,7428.36,,,47.79,-10.62,6.8,-17.41,,2026-05-24 04:35:34.083333
2032,8,228,7439.9,,,46.23,-3.77,4.68,-8.45,,2026-05-24 04:35:34.086666
2033,8,229,7460.24,,,53.68,15.67,6.88,8.79,,2026-05-24 04:35:34.090000
2034,8,230,7483.37,,,48.64,24.02,10.31,13.71,,2026-05-24 04:35:34.090000
2035,8,231,7488.32,,,51.47,26.47,13.54,12.93,,2026-05-24 04:35:34.093333
2036,8,232,7485.72,,,45.39,20.35,14.9,5.45,,2026-05-24 04:35:34.093333
2037,8,233,7485.52,,,50.69,20.18,15.96,4.23,,2026-05-24 04:35:34.096666
2038,8,234,7481.52,,,53.13,19.83,16.73,3.09,,2026-05-24 04:35:34.096666
2039,8,235,7479.58,,,50.21,21.79,17.74,4.05,,2026-05-24 04:35:34.100000
2040,8,236,7474.78,,,48.25,22.6,18.72,3.89,,2026-05-24 04:35:34.100000
2041,8,237,7482.67,,,55.96,33.43,21.66,11.77,,2026-05-24 04:35:34.100000
2042,8,238,7491.97,,,71.95,48.78,27.08,21.7,,2026-05-24 04:35:34.103333
2043,8,239,7496.97,,,65.87,47.1,31.09,16.01,,2026-05-24 04:35:34.103333
2044,8,240,7514.21,7467.08,,67.69,59.99,36.87,23.13,,2026-05-24 04:35:34.103333
2045,8,241,7517.55,7471.54,,55.5,55.54,40.6,14.94,,2026-05-24 04:35:34.106666
2046,8,242,7521.85,7477.0,,56.08,56.04,43.69,12.35,,2026-05-24 04:35:34.106666
2047,8,243,7528.6,7481.27,,49.03,55.4,46.03,9.37,,2026-05-24 04:35:34.106666
2048,8,244,7543.24,7481.89,,49.34,48.13,46.45,1.67,,2026-05-24 04:35:34.106666
2049,8,245,7563.78,7485.27,,53.75,46.02,46.37,-0.34,,2026-05-24 04:35:34.110000
2050,8,246,7583.01,7491.29,,62.18,51.27,47.35,3.92,,2026-05-24 04:35:34.110000
2051,8,247,7598.45,7498.34,,61.67,58.46,49.57,8.89,,2026-05-24 04:35:34.110000
2052,8,248,7614.99,7505.78,,63.72,68.45,53.34,15.1,,2026-05-24 04:35:34.110000
2053,8,249,7622.54,7511.74,,62.52,75.18,57.71,17.46,,2026-05-24 04:35:34.110000
2054,8,250,7630.13,7513.95,,58.6,72.97,60.76,12.21,,2026-05-24 04:35:34.113333
2055,8,251,7642.48,7518.57,,55.56,74.16,63.44,10.72,,2026-05-24 04:35:34.113333
2056,8,252,7654.22,7518.59,,46.86,65.56,63.87,1.69,,2026-05-24 04:35:34.113333
2057,8,253,7663.36,7522.77,,55.02,58.79,62.85,-4.06,,2026-05-24 04:35:34.113333
2058,8,254,7678.76,7528.93,,52.17,62.78,62.84,-0.06,,2026-05-24 04:35:34.116666
2059,8,255,7687.5,7538.52,,56.47,57.06,61.68,-4.62,,2026-05-24 04:35:34.116666
2060,8,256,7685.4,7544.44,,41.91,34.15,56.18,-22.02,,2026-05-24 04:35:34.116666
2061,8,257,7679.21,7550.53,,44.73,19.72,48.89,-29.17,,2026-05-24 04:35:34.116666
2062,8,258,7672.76,7557.67,,52.25,15.04,42.12,-27.07,,2026-05-24 04:35:34.120000
2063,8,259,7665.76,7561.29,,42.63,-2.82,33.13,-35.95,,2026-05-24 04:35:34.120000
2064,8,260,7649.27,7567.6,,37.71,-17.19,23.07,-40.25,,2026-05-24 04:35:34.120000
2065,8,261,7638.98,7566.6,,33.51,-32.23,12.01,-44.24,,2026-05-24 04:35:34.120000
2066,8,262,7619.04,7561.83,,26.27,-54.41,-1.28,-53.14,,2026-05-24 04:35:34.120000
2067,8,263,7596.35,7555.59,,25.1,-75.96,-16.21,-59.74,,2026-05-24 04:35:34.123333
2068,8,264,7585.96,7551.21,,36.06,-78.5,-28.67,-49.83,,2026-05-24 04:35:34.123333
2069,8,265,7575.62,7548.09,,36.34,-75.36,-38.01,-37.36,,2026-05-24 04:35:34.123333
2070,8,266,7560.53,7543.92,,39.47,-72.21,-44.85,-27.36,,2026-05-24 04:35:34.126666
2071,8,267,7544.24,7542.64,,40.1,-67.17,-49.31,-17.85,,2026-05-24 04:35:34.126666
2072,8,268,7548.48,7549.57,,53.11,-24.66,-44.38,19.72,,2026-05-24 04:35:34.126666
2073,8,269,7562.58,7561.95,,61.64,24.31,-30.64,54.96,,2026-05-24 04:35:34.126666
2074,8,270,7572.67,7572.26,,63.9,49.41,-14.63,64.04,,2026-05-24 04:35:34.130000
2075,8,271,7585.01,7582.33,,64.82,75.84,3.46,72.38,,2026-05-24 04:35:34.130000
2076,8,272,7601.65,7591.17,,62.03,93.86,21.54,72.31,,2026-05-24 04:35:34.130000
2077,8,273,7624.54,7603.76,,72.19,117.58,40.75,76.83,,2026-05-24 04:35:34.130000
2078,8,274,7639.13,7620.23,,70.58,131.56,58.91,72.65,,2026-05-24 04:35:34.130000
2079,8,275,7652.17,7635.36,,67.12,130.41,73.21,57.2,,2026-05-24 04:35:34.130000
2080,8,276,7679.35,7649.31,,73.93,132.81,85.13,47.68,,2026-05-24 04:35:34.133333
2081,8,277,7696.54,7657.81,,70.0,121.13,92.33,28.8,,2026-05-24 04:35:34.133333
2082,8,278,7707.29,7664.62,,64.9,107.18,95.3,11.88,,2026-05-24 04:35:34.133333
2083,8,279,7723.78,7666.7,,61.24,90.16,94.27,-4.11,,2026-05-24 04:35:34.136666
2084,8,280,7740.27,7670.36,,61.13,75.4,90.5,-15.1,,2026-05-24 04:35:34.136666
2085,8,281,7759.71,7675.16,,60.81,63.7,85.14,-21.44,,2026-05-24 04:35:34.136666
2086,8,282,7787.64,7682.59,,45.76,56.59,79.43,-22.84,,2026-05-24 04:35:34.136666
2087,8,283,7826.27,7691.89,,43.84,62.66,76.07,-13.42,,2026-05-24 04:35:34.140000
2088,8,284,7863.04,7703.82,,57.41,77.22,76.3,0.91,,2026-05-24 04:35:34.140000
2089,8,285,7897.87,7715.41,,54.07,88.86,78.81,10.05,,2026-05-24 04:35:34.140000
2090,8,286,7918.38,7721.36,,42.68,73.96,77.84,-3.88,,2026-05-24 04:35:34.140000
2091,8,287,7950.73,7729.86,,47.85,82.1,78.7,3.41,,2026-05-24 04:35:34.140000
2092,8,288,7961.95,7737.57,,51.16,91.61,81.28,10.33,,2026-05-24 04:35:34.140000
2093,8,289,7962.07,7747.99,,55.28,95.7,84.16,11.54,,2026-05-24 04:35:34.143333
2094,8,290,7967.04,7753.4,,50.4,92.55,85.84,6.71,,2026-05-24 04:35:34.143333
2095,8,291,7965.12,7761.36,,54.84,85.36,85.75,-0.38,,2026-05-24 04:35:34.143333
2096,8,292,7962.84,7767.56,,55.44,76.37,83.87,-7.5,,2026-05-24 04:35:34.143333
2097,8,293,7955.71,7774.61,,59.8,71.4,81.38,-9.98,,2026-05-24 04:35:34.146666
2098,8,294,7959.29,7786.65,,65.28,80.49,81.2,-0.71,,2026-05-24 04:35:34.146666
2099,8,295,7972.1,7798.69,,66.37,90.84,83.13,7.71,,2026-05-24 04:35:34.146666
2100,8,296,7987.92,7811.28,,68.34,107.48,88.0,19.49,,2026-05-24 04:35:34.146666
2101,8,297,8009.99,7822.42,,63.31,117.23,93.84,23.38,,2026-05-24 04:35:34.150000
2102,8,298,8033.2,7831.91,,58.27,121.93,99.46,22.47,,2026-05-24 04:35:34.150000
2103,8,299,8052.96,7838.87,,52.13,113.85,102.34,11.52,,2026-05-24 04:35:34.150000
2104,8,300,8081.27,7850.81,,71.2,119.47,105.76,13.71,,2026-05-24 04:35:34.150000
2105,8,301,8110.03,7862.18,,64.0,123.94,109.4,14.54,,2026-05-24 04:35:34.150000
2106,8,302,8131.04,7873.32,,54.79,116.47,110.81,5.65,,2026-05-24 04:35:34.153333
2107,8,303,8144.11,7884.19,,56.09,108.88,110.43,-1.55,,2026-05-24 04:35:34.153333
2108,8,304,8151.88,7893.07,,61.09,103.77,109.1,-5.32,,2026-05-24 04:35:34.153333
2109,8,305,8154.2,7902.09,,58.15,91.01,105.48,-14.47,,2026-05-24 04:35:34.153333
2110,8,306,8175.4,7917.36,,63.23,87.07,101.8,-14.73,,2026-05-24 04:35:34.156666
2111,8,307,8176.8,7928.9,,54.72,72.07,95.85,-23.78,,2026-05-24 04:35:34.156666
2112,8,308,8172.35,7937.4,,44.02,54.23,87.53,-33.3,,2026-05-24 04:35:34.156666
2113,8,309,8171.9,7950.44,,43.97,43.7,78.76,-35.06,,2026-05-24 04:35:34.156666
2114,8,310,8171.5,7962.28,,34.52,29.77,68.97,-39.19,,2026-05-24 04:35:34.160000
2115,8,311,8179.84,7977.71,,42.88,28.81,60.93,-32.13,,2026-05-24 04:35:34.160000
2116,8,312,8202.64,8001.0,,54.42,48.38,58.42,-10.04,,2026-05-24 04:35:34.160000
2117,8,313,8220.23,8024.16,,57.08,57.82,58.3,-0.48,,2026-05-24 04:35:34.160000
2118,8,314,8234.33,8046.0,,54.88,72.77,61.19,11.57,,2026-05-24 04:35:34.160000
2119,8,315,8233.83,8061.98,,45.25,64.51,61.86,2.65,,2026-05-24 04:35:34.163333
2120,8,316,8227.58,8078.1,,49.51,57.71,61.03,-3.32,,2026-05-24 04:35:34.163333
2121,8,317,8223.03,8093.94,,50.0,52.35,59.29,-6.94,,2026-05-24 04:35:34.163333
2122,8,318,8215.93,8098.89,,46.5,41.9,55.81,-13.91,,2026-05-24 04:35:34.163333
2123,8,319,8215.98,8100.23,,50.42,34.27,51.51,-17.23,,2026-05-24 04:35:34.166666
2124,8,320,8204.99,8103.74,,44.76,23.52,45.91,-22.39,,2026-05-24 04:35:34.166666
2125,8,321,8200.84,8108.51,,56.18,27.19,42.17,-14.98,,2026-05-24 04:35:34.166666
2126,8,322,8194.44,8110.44,,52.16,16.59,37.05,-20.46,,2026-05-24 04:35:34.170000
2127,8,323,8190.64,8110.63,,52.03,11.85,32.01,-20.16,,2026-05-24 04:35:34.170000
2128,8,324,8188.19,8112.7,,56.35,12.23,28.05,-15.83,,2026-05-24 04:35:34.170000
2129,8,325,8197.24,8120.12,,56.54,23.15,27.07,-3.92,,2026-05-24 04:35:34.170000
2130,8,326,8211.24,8130.11,,54.18,46.44,30.95,15.49,,2026-05-24 04:35:34.170000
2131,8,327,8236.88,8145.03,,60.19,71.81,39.12,32.69,,2026-05-24 04:35:34.170000
2132,8,328,8268.57,8161.91,,58.71,95.25,50.34,44.91,,2026-05-24 04:35:34.173333
2133,8,329,8292.01,8177.74,,65.09,103.44,60.96,42.48,,2026-05-24 04:35:34.173333
2134,8,330,8322.8,8195.3,,67.26,115.22,71.82,43.41,,2026-05-24 04:35:34.173333
2135,8,331,8349.44,8213.6,,68.24,126.8,82.81,43.99,,2026-05-24 04:35:34.173333
2136,8,332,8363.04,8231.16,,72.14,134.28,93.11,41.17,,2026-05-24 04:35:34.176666
2137,8,333,8375.14,8243.71,,66.43,130.86,100.66,30.21,,2026-05-24 04:35:34.176666
2138,8,334,8390.08,8256.81,,72.9,139.46,108.42,31.04,,2026-05-24 04:35:34.176666
2139,8,335,8425.97,8273.22,,73.36,158.88,118.51,40.37,,2026-05-24 04:35:34.176666
2140,8,336,8462.01,8295.55,,83.12,172.92,129.39,43.53,,2026-05-24 04:35:34.176666
2141,8,337,8498.95,8313.22,,82.84,184.02,140.32,43.71,,2026-05-24 04:35:34.180000
2142,8,338,8531.79,8326.82,,72.71,178.43,147.94,30.49,,2026-05-24 04:35:34.180000
2143,8,339,8571.88,8344.16,,73.17,184.61,155.27,29.33,,2026-05-24 04:35:34.180000
2144,8,340,8619.51,8364.73,,71.23,195.0,163.22,31.78,,2026-05-24 04:35:34.180000
2145,8,341,8659.3,8386.18,,68.76,200.76,170.73,30.04,,2026-05-24 04:35:34.180000
2146,8,342,8706.79,8408.02,,66.58,202.11,177.0,25.11,,2026-05-24 04:35:34.180000
2147,8,343,8753.17,8429.61,,74.64,202.86,182.17,20.68,,2026-05-24 04:35:34.180000
2148,8,344,8796.31,8447.5,,71.59,200.18,185.78,14.4,,2026-05-24 04:35:34.183333
2149,8,345,8829.5,8463.08,,65.66,190.69,186.76,3.93,,2026-05-24 04:35:34.183333
2150,8,346,8863.49,8480.33,,71.63,197.35,188.88,8.47,,2026-05-24 04:35:34.183333
2151,8,347,8890.43,8497.21,,74.89,196.73,190.45,6.29,,2026-05-24 04:35:34.183333
2152,8,348,8917.57,8515.66,,72.46,198.71,192.1,6.61,,2026-05-24 04:35:34.183333
2153,8,349,8944.57,8534.38,,58.78,188.67,191.41,-2.75,,2026-05-24 04:35:34.186666
2154,8,350,8967.46,8549.77,,58.44,178.65,188.86,-10.21,,2026-05-24 04:35:34.186666
2155,8,351,8985.0,8563.59,,53.82,163.9,183.87,-19.97,,2026-05-24 04:35:34.186666
2156,8,352,9001.2,8579.23,,61.38,148.16,176.73,-28.57,,2026-05-24 04:35:34.186666
2157,8,353,9028.39,8597.42,,59.79,143.95,170.17,-26.22,,2026-05-24 04:35:34.186666
2158,8,354,9046.73,8614.75,,53.45,137.66,163.67,-26.01,,2026-05-24 04:35:34.190000
2159,8,355,9054.68,8633.41,,51.63,128.84,156.7,-27.86,,2026-05-24 04:35:34.190000
2160,8,356,9059.38,8649.14,,48.81,115.93,148.55,-32.62,,2026-05-24 04:35:34.190000
2161,8,357,9063.58,8667.94,,48.26,105.76,139.99,-34.23,,2026-05-24 04:35:34.190000
2162,8,112,9087.42,8692.85,,60.51,115.73,135.14,-19.41,,2026-05-24 04:35:34.190000
2163,8,113,9096.27,8713.9,,56.37,110.9,130.29,-19.39,,2026-05-24 04:35:34.193333
2164,8,114,9099.17,8735.8,,45.72,104.01,125.03,-21.02,,2026-05-24 04:35:34.193333
2165,8,115,9110.72,8758.53,,56.18,111.07,122.24,-11.17,,2026-05-24 04:35:34.193333
2166,8,116,9117.46,8773.95,,48.59,106.8,119.15,-12.35,,2026-05-24 04:35:34.193333
2167,8,117,9128.86,8793.06,,58.96,111.65,117.65,-6.0,,2026-05-24 04:35:34.193333
2168,8,118,9138.41,8809.14,,56.51,110.27,116.18,-5.91,,2026-05-24 04:35:34.196666
2169,8,119,9158.6,8832.99,,64.33,119.81,116.9,2.91,,2026-05-24 04:35:34.196666
2170,8,120,9169.1,8856.94,,66.11,126.72,118.87,7.85,,2026-05-24 04:35:34.196666
2171,8,121,9178.49,8879.39,,58.91,125.35,120.16,5.19,,2026-05-24 04:35:34.196666
2172,8,122,9184.79,8903.21,,59.61,122.6,120.65,1.95,,2026-05-24 04:35:34.196666
2173,8,123,9201.04,8928.4,,63.7,125.6,121.64,3.96,,2026-05-24 04:35:34.200000
2174,8,124,9214.08,8953.41,,63.34,121.41,121.59,-0.19,,2026-05-24 04:35:34.200000
2175,8,125,9235.73,8977.55,,65.94,125.59,122.39,3.2,,2026-05-24 04:35:34.200000
2176,8,126,9260.72,9005.74,,59.88,130.47,124.01,6.46,,2026-05-24 04:35:34.200000
2177,8,127,9281.16,9033.63,,69.43,135.36,126.28,9.08,,2026-05-24 04:35:34.200000
2178,8,128,9300.36,9059.62,,68.17,134.29,127.88,6.41,,2026-05-24 04:35:34.200000
2179,8,129,9325.4,9084.67,,65.42,138.95,130.09,8.85,,2026-05-24 04:35:34.203333
2180,8,93,9350.44,9104.83,,69.01,136.46,131.37,5.1,,2026-05-24 04:35:34.203333
2181,8,74,9388.48,9128.58,,73.6,154.97,136.09,18.89,,2026-05-24 04:35:34.203333
2182,8,53,9412.83,9150.55,,74.64,165.0,141.87,23.13,,2026-05-24 04:35:34.203333
2183,8,54,9445.82,9175.43,,71.44,173.45,148.19,25.26,,2026-05-24 04:35:34.203333
2184,8,3,9476.91,9197.44,,66.73,173.22,153.19,20.03,,2026-05-24 04:35:34.203333
2185,8,4,9505.85,9221.09,,75.07,181.28,158.81,22.47,,2026-05-24 04:35:34.206666
2186,8,5,9532.94,9241.91,,66.16,174.04,161.86,12.19,,2026-05-24 04:35:34.206666
2187,8,6,9565.38,9269.16,,69.8,184.33,166.35,17.98,,2026-05-24 04:35:34.206666
2188,8,7,9598.62,9292.55,,71.46,187.66,170.62,17.05,,2026-05-24 04:35:34.206666
2189,8,10,9607.97,9305.79,,53.89,161.9,168.87,-6.97,,2026-05-24 04:35:34.206666
2190,8,11,9595.92,9310.51,,41.1,106.53,156.4,-49.87,,2026-05-24 04:35:34.210000
2191,8,12,9591.82,9316.54,,42.9,69.27,138.98,-69.7,,2026-05-24 04:35:34.210000
2192,8,13,9588.37,9325.84,,44.13,40.09,119.2,-79.11,,2026-05-24 04:35:34.210000
2193,8,14,9551.93,9320.42,,31.54,-29.32,89.5,-118.82,,2026-05-24 04:35:34.210000
2194,8,17,9525.74,9315.9,,36.12,-72.13,57.17,-129.3,,2026-05-24 04:35:34.210000
2195,8,18,9506.05,9316.24,,35.21,-85.62,28.61,-114.24,,2026-05-24 04:35:34.210000
2196,8,19,9481.45,9315.6,,34.85,-100.01,2.89,-102.89,,2026-05-24 04:35:34.210000
2197,8,20,9444.42,9310.13,,31.27,-127.44,-23.18,-104.26,,2026-05-24 04:35:34.213333
2198,8,21,9409.43,9304.87,,31.98,-147.56,-48.05,-99.51,,2026-05-24 04:35:34.213333
2199,8,24,9375.79,9303.19,,31.64,-152.47,-68.94,-83.54,,2026-05-24 04:35:34.213333
2200,8,25,9350.09,9299.47,,36.14,-146.45,-84.44,-62.01,,2026-05-24 04:35:34.213333
2201,8,26,9302.71,9293.49,,28.1,-152.66,-98.08,-54.58,,2026-05-24 04:35:34.216666
2202,8,27,9250.12,9283.57,,26.96,-166.8,-111.83,-54.97,,2026-05-24 04:35:34.216666
2203,8,28,9196.24,9276.1,,31.02,-175.57,-124.57,-50.99,,2026-05-24 04:35:34.216666
2204,8,358,9148.35,9269.8,,39.91,-175.74,-134.81,-40.93,,2026-05-24 04:35:34.216666
2205,8,359,9087.27,9262.0,,34.32,-184.71,-144.79,-39.92,,2026-05-24 04:35:34.216666
2206,8,360,9051.48,9262.02,,44.31,-160.77,-147.98,-12.78,,2026-05-24 04:35:34.220000
2207,8,361,8994.1,9255.44,,52.78,-156.68,-149.72,-6.96,,2026-05-24 04:35:34.220000
2208,8,362,8936.87,9248.6,,48.28,-154.09,-150.6,-3.49,,2026-05-24 04:35:34.220000
2209,8,363,8888.98,9239.51,,37.12,-161.63,-152.8,-8.83,,2026-05-24 04:35:34.220000
2210,8,364,8861.22,9231.24,,38.11,-166.92,-155.63,-11.3,,2026-05-24 04:35:34.220000
2211,8,365,8832.86,9224.26,,46.63,-162.79,-157.06,-5.73,,2026-05-24 04:35:34.220000
2212,8,366,8802.5,9211.87,,45.78,-160.08,-157.66,-2.42,,2026-05-24 04:35:34.220000
2213,8,367,8802.83,9203.05,,42.92,-153.27,-156.78,3.52,,2026-05-24 04:35:34.223333
2214,8,368,8817.26,9203.14,,52.98,-112.44,-147.92,35.48,,2026-05-24 04:35:34.223333
2215,8,369,8803.5,9193.36,,48.58,-104.94,-139.32,34.38,,2026-05-24 04:35:34.223333
2216,8,370,8794.68,9186.49,,53.2,-94.75,-130.41,35.66,,2026-05-24 04:35:34.223333
2217,8,371,8792.41,9175.55,,50.75,-92.55,-122.83,30.28,,2026-05-24 04:35:34.223333
2218,8,372,8801.2,9169.98,,54.48,-72.22,-112.71,40.49,,2026-05-24 04:35:34.226666
2219,8,373,8806.83,9162.48,,59.26,-51.32,-100.43,49.11,,2026-05-24 04:35:34.226666
2220,8,374,8803.57,9153.26,,48.31,-40.43,-88.43,48.0,,2026-05-24 04:35:34.226666
2221,8,375,8819.65,9149.95,,60.57,-13.17,-73.38,60.21,,2026-05-24 04:35:34.226666
2222,8,376,8831.38,9142.21,,54.6,-9.6,-60.62,51.02,,2026-05-24 04:35:34.226666
2223,8,377,8839.51,9131.48,,56.75,-12.05,-50.91,38.86,,2026-05-24 04:35:34.226666
2224,8,378,8841.74,9120.86,,55.48,-18.53,-44.43,25.9,,2026-05-24 04:35:34.230000
2225,8,379,8852.97,9108.9,,54.64,-19.89,-39.52,19.63,,2026-05-24 04:35:34.230000
2226,8,380,8842.56,9094.75,,53.49,-26.39,-36.9,10.51,,2026-05-24 04:35:34.230000
2227,8,381,8842.49,9079.97,,52.61,-31.19,-35.76,4.57,,2026-05-24 04:35:34.230000
2228,8,382,8844.72,9066.35,,39.81,-33.31,-35.27,1.96,,2026-05-24 04:35:34.230000
2229,8,383,8854.4,9051.11,,50.97,-34.04,-35.02,0.98,,2026-05-24 04:35:34.230000
2230,8,384,8859.45,9034.84,,45.08,-42.83,-36.58,-6.25,,2026-05-24 04:35:34.233333
2231,8,385,8864.75,9014.76,,51.87,-42.45,-37.76,-4.7,,2026-05-24 04:35:34.233333
2232,8,386,8886.1,9001.18,,54.44,-18.46,-33.9,15.44,,2026-05-24 04:35:34.233333
2233,8,387,8910.75,8989.02,,56.09,8.68,-25.38,34.07,,2026-05-24 04:35:34.233333
2234,8,388,8902.25,8973.28,,50.13,10.71,-18.16,28.87,,2026-05-24 04:35:34.233333
2235,8,389,8904.9,8952.98,,38.52,4.19,-13.69,17.89,,2026-05-24 04:35:34.233333
2236,8,390,8902.7,8934.4,,43.67,-5.59,-12.07,6.49,,2026-05-24 04:35:34.236666
2237,8,391,8905.35,8911.54,,46.64,-12.31,-12.12,-0.19,,2026-05-24 04:35:34.236666
2238,8,392,8904.2,8892.22,,54.82,-5.94,-10.88,4.94,,2026-05-24 04:35:34.236666
2239,8,393,8891.75,8875.99,,46.62,-14.77,-11.66,-3.11,,2026-05-24 04:35:34.236666
2240,8,394,8887.1,8869.73,,51.98,-15.14,-12.36,-2.78,,2026-05-24 04:35:34.236666
2241,8,395,8867.65,8860.28,,49.63,-20.6,-14.0,-6.59,,2026-05-24 04:35:34.240000
2242,8,396,8869.0,8854.46,,54.95,-9.4,-13.08,3.68,,2026-05-24 04:35:34.240000
2243,8,397,8873.8,8860.23,,54.81,-0.36,-10.54,10.17,,2026-05-24 04:35:34.240000
2244,8,398,8880.6,8862.8,,57.93,5.2,-7.39,12.59,,2026-05-24 04:35:34.240000
2245,9,191,,,,,0.0,0.0,0.0,,2026-05-24 04:35:34.253333
2246,9,192,,,,,-1.2,-0.24,-0.96,,2026-05-24 04:35:34.256666
2247,9,193,,,,,-1.48,-0.49,-0.99,,2026-05-24 04:35:34.256666
2248,9,194,,,,,10.83,1.78,9.05,,2026-05-24 04:35:34.260000
2249,9,195,,,,,19.39,5.3,14.09,,2026-05-24 04:35:34.260000
2250,9,196,,,,,21.9,8.62,13.28,,2026-05-24 04:35:34.260000
2251,9,197,,,,,26.08,12.11,13.97,,2026-05-24 04:35:34.263333
2252,9,198,,,,,39.42,17.57,21.85,,2026-05-24 04:35:34.263333
2253,9,199,,,,,46.0,23.26,22.74,,2026-05-24 04:35:34.266666
2254,9,200,,,,,60.84,30.77,30.06,,2026-05-24 04:35:34.270000
2255,9,201,,,,,59.96,36.61,23.35,,2026-05-24 04:35:34.270000
2256,9,202,,,,,69.12,43.11,26.01,,2026-05-24 04:35:34.273333
2257,9,203,,,,,68.34,48.16,20.18,,2026-05-24 04:35:34.276666
2258,9,204,,,,60.41,64.87,51.5,13.37,,2026-05-24 04:35:34.280000
2259,9,205,,,,47.99,41.4,49.48,-8.08,,2026-05-24 04:35:34.280000
2260,9,206,,,,47.45,20.23,43.63,-23.4,,2026-05-24 04:35:34.280000
2261,9,207,,,,46.99,3.17,35.54,-32.37,,2026-05-24 04:35:34.283333
2262,9,208,,,,42.76,-4.97,27.44,-32.4,,2026-05-24 04:35:34.283333
2263,9,209,,,,47.54,-3.87,21.17,-25.05,,2026-05-24 04:35:34.286666
2264,9,210,8820.29,,,45.42,-11.5,14.64,-26.14,,2026-05-24 04:35:34.286666
2265,9,211,8831.98,,,53.81,3.62,12.44,-8.81,,2026-05-24 04:35:34.290000
2266,9,212,8837.43,,,44.9,4.27,10.8,-6.53,,2026-05-24 04:35:34.290000
2267,9,213,8837.83,,,43.47,-2.69,8.1,-10.79,,2026-05-24 04:35:34.293333
2268,9,214,8835.53,,,42.55,0.1,6.5,-6.4,,2026-05-24 04:35:34.293333
2269,9,215,8835.78,,,48.5,5.4,6.28,-0.89,,2026-05-24 04:35:34.296666
2270,9,216,8843.73,,,47.48,17.78,8.58,9.2,,2026-05-24 04:35:34.296666
2271,9,217,8843.03,,,45.78,15.95,10.06,5.9,,2026-05-24 04:35:34.296666
2272,9,218,8842.03,,,50.87,24.23,12.89,11.34,,2026-05-24 04:35:34.300000
2273,9,219,8839.58,,,57.47,24.69,15.25,9.44,,2026-05-24 04:35:34.300000
2274,9,220,8829.03,,,57.27,22.06,16.61,5.45,,2026-05-24 04:35:34.300000
2275,9,221,8826.84,,,57.97,21.27,17.54,3.73,,2026-05-24 04:35:34.303333
2276,9,222,8814.84,,,53.33,15.3,17.1,-1.79,,2026-05-24 04:35:34.303333
2277,9,223,8806.75,,,49.54,9.5,15.58,-6.08,,2026-05-24 04:35:34.306666
2278,9,224,8790.96,,,46.94,-9.51,10.56,-20.07,,2026-05-24 04:35:34.306666
2279,9,225,8785.76,,,33.39,-27.41,2.97,-30.37,,2026-05-24 04:35:34.310000
2280,9,226,8780.11,,,36.59,-44.14,-6.46,-37.69,,2026-05-24 04:35:34.310000
2281,9,227,8782.36,,,48.36,-44.4,-14.04,-30.35,,2026-05-24 04:35:34.310000
2282,9,228,8779.16,,,41.41,-47.52,-20.74,-26.78,,2026-05-24 04:35:34.313333
2283,9,229,8781.76,,,49.47,-32.76,-23.14,-9.61,,2026-05-24 04:35:34.313333
2284,9,230,8786.36,,,42.32,-26.16,-23.75,-2.41,,2026-05-24 04:35:34.313333
2285,9,231,8771.97,,,43.22,-30.02,-25.0,-5.02,,2026-05-24 04:35:34.316666
2286,9,232,8766.32,,,38.56,-29.92,-25.98,-3.93,,2026-05-24 04:35:34.316666
2287,9,233,8766.32,,,42.44,-27.9,-26.37,-1.53,,2026-05-24 04:35:34.320000
2288,9,234,8754.18,,,38.49,-37.16,-28.52,-8.63,,2026-05-24 04:35:34.320000
2289,9,235,8742.08,,,39.6,-40.8,-30.98,-9.82,,2026-05-24 04:35:34.320000
2290,9,236,8724.54,,,41.73,-43.59,-33.5,-10.09,,2026-05-24 04:35:34.320000
2291,9,237,8714.8,,,42.92,-44.16,-35.63,-8.53,,2026-05-24 04:35:34.323333
2292,9,238,8705.35,,,57.32,-33.74,-35.26,1.51,,2026-05-24 04:35:34.326666
2293,9,239,8693.26,,,52.99,-35.16,-35.24,0.08,,2026-05-24 04:35:34.326666
2294,9,240,8678.37,8772.04,,50.67,-43.05,-36.8,-6.25,,2026-05-24 04:35:34.326666
2295,9,241,8656.38,8766.08,,38.69,-58.54,-41.15,-17.39,,2026-05-24 04:35:34.326666
2296,9,242,8642.24,8762.28,,44.78,-62.6,-45.44,-17.16,,2026-05-24 04:35:34.330000
2297,9,243,8630.79,8759.16,,35.93,-61.72,-48.69,-13.02,,2026-05-24 04:35:34.330000
2298,9,244,8629.44,8753.35,,39.76,-58.57,-50.67,-7.9,,2026-05-24 04:35:34.330000
2299,9,245,8630.84,8748.09,,46.03,-54.16,-51.37,-2.79,,2026-05-24 04:35:34.330000
2300,9,246,8636.89,8744.93,,47.21,-45.7,-50.23,4.53,,2026-05-24 04:35:34.330000
2301,9,247,8642.53,8744.09,,53.65,-26.83,-45.55,18.72,,2026-05-24 04:35:34.330000
2302,9,248,8649.53,8740.33,,60.89,-13.02,-39.05,26.03,,2026-05-24 04:35:34.333333
2303,9,249,8647.28,8737.91,,60.2,-0.14,-31.26,31.13,,2026-05-24 04:35:34.333333
2304,9,250,8644.53,8731.4,,55.75,3.82,-24.25,28.07,,2026-05-24 04:35:34.333333
2305,9,251,8647.93,8727.96,,55.38,7.36,-17.93,25.28,,2026-05-24 04:35:34.333333
2306,9,252,8651.48,8722.64,,50.69,13.07,-11.73,24.8,,2026-05-24 04:35:34.336666
2307,9,253,8654.88,8719.46,,60.05,18.75,-5.63,24.39,,2026-05-24 04:35:34.336666
2308,9,254,8679.37,8722.44,,77.45,45.48,4.59,40.89,,2026-05-24 04:35:34.336666
2309,9,255,8696.86,8728.44,,79.36,57.92,15.26,42.67,,2026-05-24 04:35:34.336666
2310,9,256,8712.55,8734.2,,73.5,63.75,24.96,38.79,,2026-05-24 04:35:34.336666
2311,9,257,8732.39,8741.95,,75.05,75.31,35.03,40.29,,2026-05-24 04:35:34.340000
2312,9,258,8754.03,8751.71,,78.37,96.75,47.37,49.38,,2026-05-24 04:35:34.340000
2313,9,259,8778.06,8758.06,,72.79,106.31,59.16,47.15,,2026-05-24 04:35:34.340000
2314,9,260,8798.8,8763.44,,62.46,100.15,67.36,32.79,,2026-05-24 04:35:34.340000
2315,9,261,8813.54,8758.7,,47.02,74.81,68.85,5.96,,2026-05-24 04:35:34.340000
2316,9,262,8817.59,8754.35,,43.6,44.45,63.97,-19.52,,2026-05-24 04:35:34.340000
2317,9,263,8804.55,8745.85,,35.21,-3.76,50.42,-54.18,,2026-05-24 04:35:34.343333
2318,9,264,8794.25,8736.83,,39.69,-35.35,33.27,-68.61,,2026-05-24 04:35:34.343333
2319,9,265,8783.76,8727.28,,39.9,-58.73,14.87,-73.6,,2026-05-24 04:35:34.343333
2320,9,266,8775.71,8717.73,,42.11,-68.1,-1.72,-66.37,,2026-05-24 04:35:34.343333
2321,9,267,8765.37,8713.03,,44.7,-66.6,-14.7,-51.9,,2026-05-24 04:35:34.343333
2322,9,268,8752.63,8704.57,,33.57,-69.78,-25.72,-44.06,,2026-05-24 04:35:34.346666
2323,9,269,8743.03,8699.3,,39.13,-64.53,-33.48,-31.05,,2026-05-24 04:35:34.346666
2324,9,270,8737.54,8694.8,,40.31,-59.29,-38.64,-20.65,,2026-05-24 04:35:34.346666
2325,9,271,8726.79,8687.94,,34.24,-62.4,-43.39,-19.01,,2026-05-24 04:35:34.346666
2326,9,272,8719.84,8684.64,,32.05,-55.04,-45.72,-9.31,,2026-05-24 04:35:34.346666
2327,9,273,8714.7,8682.64,,36.0,-44.42,-45.46,1.05,,2026-05-24 04:35:34.350000
2328,9,274,8691.46,8682.64,,37.88,-41.96,-44.76,2.8,,2026-05-24 04:35:34.350000
2329,9,275,8667.27,8681.05,,41.39,-49.05,-45.62,-3.43,,2026-05-24 04:35:34.350000
2330,9,276,8643.19,8679.43,,44.1,-57.16,-47.93,-9.23,,2026-05-24 04:35:34.350000
2331,9,277,8608.95,8672.59,,52.17,-71.31,-52.6,-18.71,,2026-05-24 04:35:34.350000
2332,9,278,8563.98,8665.63,,46.12,-85.49,-59.18,-26.31,,2026-05-24 04:35:34.350000
2333,9,279,8522.85,8654.5,,45.49,-95.63,-66.47,-29.15,,2026-05-24 04:35:34.350000
2334,9,280,8492.62,8645.94,,43.15,-97.53,-72.68,-24.85,,2026-05-24 04:35:34.353333
2335,9,281,8474.93,8639.89,,37.17,-97.28,-77.6,-19.68,,2026-05-24 04:35:34.353333
2336,9,282,8464.93,8633.79,,42.39,-93.34,-80.75,-12.59,,2026-05-24 04:35:34.353333
2337,9,283,8478.03,8630.53,,47.04,-76.27,-79.85,3.58,,2026-05-24 04:35:34.353333
2338,9,284,8489.72,8631.05,,49.43,-58.13,-75.51,17.38,,2026-05-24 04:35:34.353333
2339,9,285,8497.81,8629.57,,51.5,-48.03,-70.01,21.98,,2026-05-24 04:35:34.353333
2340,9,286,8507.56,8630.93,,52.66,-28.65,-61.74,33.09,,2026-05-24 04:35:34.356666
2341,9,287,8514.96,8633.09,,52.71,-8.84,-51.16,42.32,,2026-05-24 04:35:34.356666
2342,9,288,8536.59,8637.07,,66.06,24.41,-36.05,60.46,,2026-05-24 04:35:34.356666
2343,9,289,8554.43,8643.77,,74.37,51.06,-18.63,69.68,,2026-05-24 04:35:34.356666
2344,9,290,8569.93,8651.42,,74.14,68.0,-1.3,69.3,,2026-05-24 04:35:34.360000
2345,9,291,8595.11,8663.43,,84.64,88.08,16.58,71.5,,2026-05-24 04:35:34.360000
2346,9,292,8612.55,8672.77,,85.33,99.54,33.17,66.37,,2026-05-24 04:35:34.360000
2347,9,293,8623.85,8679.87,,79.62,101.8,46.89,54.9,,2026-05-24 04:35:34.360000
2348,9,294,8649.98,8690.86,,82.25,119.71,61.46,58.25,,2026-05-24 04:35:34.360000
2349,9,295,8685.91,8703.07,,83.21,138.52,76.87,61.65,,2026-05-24 04:35:34.360000
2350,9,296,8729.09,8716.31,,84.13,160.13,93.52,66.61,,2026-05-24 04:35:34.360000
2351,9,297,8781.71,8728.26,,83.14,181.85,111.19,70.66,,2026-05-24 04:35:34.363333
2352,9,298,8837.78,8740.93,,82.74,198.39,128.63,69.76,,2026-05-24 04:35:34.363333
2353,9,299,8887.5,8750.59,,78.48,198.96,142.69,56.27,,2026-05-24 04:35:34.363333
2354,9,300,8940.77,8764.44,,78.41,207.75,155.71,52.04,,2026-05-24 04:35:34.363333
2355,9,301,8988.05,8775.93,,71.07,203.34,165.23,38.1,,2026-05-24 04:35:34.363333
2356,9,302,9023.13,8782.45,,55.17,180.74,168.33,12.41,,2026-05-24 04:35:34.366666
2357,9,303,9049.86,8788.53,,54.59,160.57,166.78,-6.21,,2026-05-24 04:35:34.366666
2358,9,304,9075.7,8789.59,,57.38,145.42,162.51,-17.09,,2026-05-24 04:35:34.366666
2359,9,305,9101.69,8791.51,,51.71,127.34,155.48,-28.13,,2026-05-24 04:35:34.366666
2360,9,306,9126.32,8796.44,,57.17,120.5,148.48,-27.98,,2026-05-24 04:35:34.366666
2361,9,307,9148.71,8799.62,,60.55,114.48,141.68,-27.2,,2026-05-24 04:35:34.370000
2362,9,308,9157.66,8798.52,,50.4,104.64,134.27,-29.63,,2026-05-24 04:35:34.370000
2363,9,309,9168.05,8799.76,,48.72,98.92,127.2,-28.28,,2026-05-24 04:35:34.370000
2364,9,310,9182.24,8804.8,,45.1,96.02,120.97,-24.94,,2026-05-24 04:35:34.370000
2365,9,311,9206.03,8820.43,,54.25,115.54,119.88,-4.34,,2026-05-24 04:35:34.370000
2366,9,312,9234.81,8839.66,,55.66,134.22,122.75,11.47,,2026-05-24 04:35:34.370000
2367,9,313,9263.15,8863.31,,57.86,141.03,126.41,14.62,,2026-05-24 04:35:34.373333
2368,9,314,9283.94,8886.73,,55.4,150.02,131.13,18.89,,2026-05-24 04:35:34.373333
2369,9,315,9289.58,8905.4,,50.4,137.33,132.37,4.96,,2026-05-24 04:35:34.373333
2370,9,316,9291.18,8922.49,,61.43,127.82,131.46,-3.64,,2026-05-24 04:35:34.373333
2371,9,317,9288.93,8937.69,,61.93,119.39,129.05,-9.66,,2026-05-24 04:35:34.373333
2372,9,318,9275.74,8950.18,,51.08,95.56,122.35,-26.79,,2026-05-24 04:35:34.376666
2373,9,319,9271.74,8962.07,,55.66,80.34,113.95,-33.6,,2026-05-24 04:35:34.376666
2374,9,320,9264.05,8975.05,,53.77,72.21,105.6,-33.39,,2026-05-24 04:35:34.376666
2375,9,321,9266.45,8991.8,,56.71,72.19,98.92,-26.73,,2026-05-24 04:35:34.376666
2376,9,322,9269.99,9002.51,,51.1,56.36,90.41,-34.04,,2026-05-24 04:35:34.376666
2377,9,323,9273.89,9012.21,,49.75,43.48,81.02,-37.54,,2026-05-24 04:35:34.380000
2378,9,324,9279.74,9024.9,,51.03,38.47,72.51,-34.04,,2026-05-24 04:35:34.380000
2379,9,325,9290.93,9040.97,,41.16,38.1,65.63,-27.53,,2026-05-24 04:35:34.380000
2380,9,326,9299.63,9059.02,,41.21,42.15,60.93,-18.78,,2026-05-24 04:35:34.380000
2381,9,327,9314.87,9081.99,,50.48,56.01,59.95,-3.94,,2026-05-24 04:35:34.380000
2382,9,328,9340.51,9109.13,,53.98,78.99,63.76,15.23,,2026-05-24 04:35:34.380000
2383,9,329,9363.29,9135.94,,64.02,94.73,69.95,24.78,,2026-05-24 04:35:34.380000
2384,9,330,9387.83,9162.88,,65.38,111.49,78.26,33.23,,2026-05-24 04:35:34.383333
2385,9,331,9398.37,9189.81,,65.41,123.91,87.39,36.52,,2026-05-24 04:35:34.383333
2386,9,332,9403.12,9214.93,,74.46,127.68,95.45,32.23,,2026-05-24 04:35:34.383333
2387,9,333,9409.17,9235.76,,69.18,124.96,101.35,23.61,,2026-05-24 04:35:34.383333
2388,9,334,9421.46,9259.43,,72.7,136.63,108.41,28.22,,2026-05-24 04:35:34.383333
2389,9,335,9451.75,9286.98,,73.71,154.89,117.7,37.19,,2026-05-24 04:35:34.386666
2390,9,336,9487.03,9314.28,,88.81,177.41,129.64,47.76,,2026-05-24 04:35:34.386666
2391,9,337,9515.16,9337.77,,79.21,182.1,140.14,41.97,,2026-05-24 04:35:34.386666
2392,9,338,9544.8,9353.46,,68.37,170.23,146.16,24.08,,2026-05-24 04:35:34.386666
2393,9,339,9577.23,9371.19,,69.76,168.0,150.52,17.48,,2026-05-24 04:35:34.386666
2394,9,340,9606.66,9389.74,,68.39,164.26,153.27,10.99,,2026-05-24 04:35:34.390000
2395,9,341,9636.1,9408.19,,67.2,166.63,155.94,10.69,,2026-05-24 04:35:34.390000
2396,9,342,9673.67,9426.96,,61.36,164.6,157.67,6.92,,2026-05-24 04:35:34.390000
2397,9,343,9707.36,9445.61,,58.46,155.07,157.15,-2.09,,2026-05-24 04:35:34.390000
2398,9,344,9741.14,9461.36,,58.56,151.57,156.04,-4.46,,2026-05-24 04:35:34.390000
2399,9,345,9769.12,9474.25,,55.39,141.85,153.2,-11.35,,2026-05-24 04:35:34.390000
2400,9,346,9812.95,9492.56,,67.65,162.67,155.09,7.58,,2026-05-24 04:35:34.390000
2401,9,347,9850.68,9509.57,,70.26,178.56,159.79,18.78,,2026-05-24 04:35:34.393333
2402,9,348,9877.91,9525.19,,63.94,185.0,164.83,20.17,,2026-05-24 04:35:34.393333
2403,9,349,9907.75,9544.04,,61.3,190.72,170.01,20.71,,2026-05-24 04:35:34.393333
2404,9,350,9925.44,9556.75,,50.25,179.15,171.84,7.32,,2026-05-24 04:35:34.393333
2405,9,351,9934.43,9568.36,,49.2,154.74,168.42,-13.68,,2026-05-24 04:35:34.393333
2406,9,352,9938.93,9581.26,,49.96,122.12,159.16,-37.03,,2026-05-24 04:35:34.396666
2407,9,353,9957.12,9598.67,,53.52,112.8,149.89,-37.09,,2026-05-24 04:35:34.396666
2408,9,354,9964.37,9614.9,,52.59,101.98,140.31,-38.33,,2026-05-24 04:35:34.396666
2409,9,355,9961.32,9630.83,,47.32,86.6,129.56,-42.97,,2026-05-24 04:35:34.396666
2410,9,356,9951.32,9644.28,,47.66,72.44,118.14,-45.7,,2026-05-24 04:35:34.396666
2411,9,357,9950.07,9658.31,,51.45,63.56,107.22,-43.67,,2026-05-24 04:35:34.396666
2412,9,112,9976.76,9681.1,,60.04,86.97,103.17,-16.21,,2026-05-24 04:35:34.400000
2413,9,113,9996.15,9702.43,,61.17,101.68,102.87,-1.19,,2026-05-24 04:35:34.400000
2414,9,114,10022.53,9725.86,,55.11,123.14,106.93,16.21,,2026-05-24 04:35:34.400000
2415,9,115,10043.37,9743.13,,53.83,136.87,112.92,23.95,,2026-05-24 04:35:34.400000
2416,9,116,10057.42,9756.0,,50.18,133.23,116.98,16.25,,2026-05-24 04:35:34.400000
2417,9,117,10087.0,9775.15,,55.6,147.6,123.1,24.5,,2026-05-24 04:35:34.400000
2418,9,118,10095.94,9786.16,,50.97,129.99,124.48,5.51,,2026-05-24 04:35:34.403333
2419,9,119,10125.13,9808.47,,62.51,141.73,127.93,13.8,,2026-05-24 04:35:34.403333
2420,9,120,10137.42,9831.06,,67.65,152.43,132.83,19.6,,2026-05-24 04:35:34.403333
2421,9,121,10131.28,9846.51,,53.61,131.09,132.48,-1.39,,2026-05-24 04:35:34.403333
2422,9,122,10124.08,9864.52,,52.58,107.22,127.43,-20.21,,2026-05-24 04:35:34.403333
2423,9,123,10115.98,9881.73,,54.68,88.65,119.67,-31.03,,2026-05-24 04:35:34.403333
2424,9,124,10115.73,9897.42,,54.61,71.73,110.09,-38.35,,2026-05-24 04:35:34.406666
2425,9,125,10133.17,9915.05,,57.5,72.57,102.58,-30.01,,2026-05-24 04:35:34.406666
2426,9,126,10152.36,9934.2,,46.34,63.47,94.76,-31.29,,2026-05-24 04:35:34.406666
2427,9,127,10165.96,9955.49,,49.79,64.31,88.67,-24.36,,2026-05-24 04:35:34.406666
2428,9,128,10177.1,9973.84,,44.58,58.09,82.55,-24.46,,2026-05-24 04:35:34.406666
2429,9,129,10200.34,9994.59,,49.24,66.12,79.27,-13.15,,2026-05-24 04:35:34.410000
2430,9,93,10226.17,10014.9,,53.92,74.68,78.35,-3.67,,2026-05-24 04:35:34.410000
2431,9,74,10262.1,10037.21,,54.03,99.67,82.61,17.06,,2026-05-24 04:35:34.410000
2432,9,53,10277.05,10055.72,,63.38,115.72,89.23,26.49,,2026-05-24 04:35:34.410000
2433,9,54,10295.69,10075.39,,56.1,130.25,97.44,32.81,,2026-05-24 04:35:34.410000
2434,9,3,10307.28,10093.64,,54.86,139.98,105.95,34.04,,2026-05-24 04:35:34.410000
2435,9,4,10321.77,10112.49,,73.08,148.97,114.55,34.42,,2026-05-24 04:35:34.410000
2436,9,5,10339.01,10130.36,,70.92,145.86,120.81,25.05,,2026-05-24 04:35:34.413333
2437,9,6,10351.41,10152.04,,73.62,152.76,127.2,25.56,,2026-05-24 04:35:34.413333
2438,9,7,10377.29,10168.5,,70.69,150.77,131.92,18.85,,2026-05-24 04:35:34.413333
2439,9,10,10374.59,10177.61,,55.06,128.91,131.32,-2.4,,2026-05-24 04:35:34.413333
2440,9,11,10349.31,10175.97,,45.34,77.39,120.53,-43.14,,2026-05-24 04:35:34.413333
2441,9,12,10346.26,10178.95,,44.85,43.64,105.15,-61.51,,2026-05-24 04:35:34.416666
2442,9,13,10320.87,10174.95,,35.57,-24.6,79.2,-103.8,,2026-05-24 04:35:34.416666
2443,9,14,10277.69,10161.92,,25.57,-104.82,42.4,-147.21,,2026-05-24 04:35:34.416666
2444,9,17,10238.52,10150.17,,26.37,-161.44,1.63,-163.07,,2026-05-24 04:35:34.416666
2445,9,18,10207.23,10143.51,,29.55,-176.46,-33.99,-142.47,,2026-05-24 04:35:34.420000
2446,9,19,10177.7,10135.81,,28.99,-192.36,-65.66,-126.7,,2026-05-24 04:35:34.420000
2447,9,20,10125.08,10122.58,,24.27,-230.76,-98.68,-132.08,,2026-05-24 04:35:34.420000
2448,9,21,10066.96,10104.17,,22.76,-273.14,-133.57,-139.56,,2026-05-24 04:35:34.420000
2449,9,24,9997.25,10085.84,,21.34,-308.16,-168.49,-139.67,,2026-05-24 04:35:34.420000
2450,9,25,9924.44,10059.49,,21.94,-334.01,-201.59,-132.41,,2026-05-24 04:35:34.420000
2451,9,26,9831.94,10029.71,,17.12,-362.73,-233.82,-128.91,,2026-05-24 04:35:34.420000
2452,9,27,9743.98,10002.15,,19.26,-376.23,-262.3,-113.93,,2026-05-24 04:35:34.423333
2453,9,28,9653.58,9973.72,,20.87,-383.16,-286.47,-96.69,,2026-05-24 04:35:34.423333
2454,9,358,9561.19,9947.94,,24.19,-387.57,-306.69,-80.88,,2026-05-24 04:35:34.423333
2455,9,359,9466.04,9925.13,,20.84,-388.05,-322.96,-65.08,,2026-05-24 04:35:34.423333
2456,9,360,9395.68,9913.05,,40.46,-352.9,-328.95,-23.95,,2026-05-24 04:35:34.423333
2457,9,361,9312.87,9894.34,,45.33,-330.2,-329.2,-1.0,,2026-05-24 04:35:34.426666
2458,9,362,9226.72,9873.44,,40.41,-319.65,-327.29,7.64,,2026-05-24 04:35:34.426666
2459,9,363,9144.76,9850.99,,25.42,-319.62,-325.76,6.14,,2026-05-24 04:35:34.426666
2460,9,364,9091.09,9831.88,,32.65,-303.75,-321.35,17.6,,2026-05-24 04:35:34.426666
2461,9,365,9045.77,9817.23,,49.2,-267.05,-310.49,43.44,,2026-05-24 04:35:34.426666
2462,9,366,9022.48,9793.24,,52.49,-241.4,-296.68,55.28,,2026-05-24 04:35:34.426666
2463,9,367,9006.94,9766.23,,48.87,-233.21,-283.98,50.77,,2026-05-24 04:35:34.430000
2464,9,368,8991.44,9737.73,,51.32,-219.05,-271.0,51.94,,2026-05-24 04:35:34.430000
2465,9,369,8949.35,9705.9,,50.4,-220.38,-260.87,40.5,,2026-05-24 04:35:34.430000
2466,9,370,8915.61,9679.09,,51.17,-211.72,-251.04,39.32,,2026-05-24 04:35:34.430000
2467,9,371,8893.51,9645.19,,48.28,-212.11,-243.26,31.15,,2026-05-24 04:35:34.430000
2468,9,372,8886.26,9620.3,,52.04,-201.21,-234.85,33.64,,2026-05-24 04:35:34.430000
2469,9,373,8885.4,9589.95,,54.0,-185.12,-224.9,39.78,,2026-05-24 04:35:34.430000
2470,9,374,8884.65,9558.38,,42.95,-172.16,-214.35,42.2,,2026-05-24 04:35:34.433333
2471,9,375,8898.13,9536.45,,49.94,-149.59,-201.4,51.81,,2026-05-24 04:35:34.433333
2472,9,376,8901.87,9513.26,,50.05,-140.89,-189.3,48.41,,2026-05-24 04:35:34.433333
2473,9,377,8901.46,9487.91,,51.77,-139.73,-179.38,39.65,,2026-05-24 04:35:34.433333
2474,9,378,8898.15,9460.9,,44.1,-145.21,-172.55,27.34,,2026-05-24 04:35:34.433333
2475,9,379,8892.54,9428.87,,32.01,-152.95,-168.63,15.68,,2026-05-24 04:35:34.436666
2476,9,380,8860.59,9396.34,,30.73,-168.2,-168.54,0.34,,2026-05-24 04:35:34.436666
2477,9,381,8835.99,9362.36,,36.75,-175.36,-169.9,-5.45,,2026-05-24 04:35:34.436666
2478,9,382,8816.03,9329.01,,32.48,-182.56,-172.44,-10.12,,2026-05-24 04:35:34.436666
2479,9,383,8806.87,9293.6,,41.22,-180.77,-174.1,-6.67,,2026-05-24 04:35:34.436666
2480,9,384,8792.06,9258.23,,38.69,-174.13,-174.11,-0.02,,2026-05-24 04:35:34.440000
2481,9,385,8764.76,9218.29,,43.74,-166.06,-172.5,6.44,,2026-05-24 04:35:34.440000
2482,9,386,8750.16,9182.48,,47.1,-143.72,-166.74,23.02,,2026-05-24 04:35:34.440000
2483,9,387,8742.75,9145.06,,42.19,-127.77,-158.95,31.17,,2026-05-24 04:35:34.440000
2484,9,388,8727.7,9105.9,,39.76,-120.93,-151.34,30.42,,2026-05-24 04:35:34.440000
2485,9,389,8724.6,9067.03,,35.36,-110.03,-143.08,33.05,,2026-05-24 04:35:34.440000
2486,9,390,8714.2,9029.17,,38.11,-104.71,-135.41,30.7,,2026-05-24 04:35:34.440000
2487,9,391,8704.7,8986.5,,37.7,-107.49,-129.82,22.34,,2026-05-24 04:35:34.443333
2488,9,392,8696.7,8948.06,,49.53,-97.27,-123.31,26.05,,2026-05-24 04:35:34.443333
2489,9,393,8678.9,8911.67,,46.61,-98.52,-118.35,19.83,,2026-05-24 04:35:34.443333
2490,9,394,8665.65,8884.92,,56.17,-92.88,-113.26,20.38,,2026-05-24 04:35:34.443333
2491,9,395,8649.6,8857.79,,57.73,-81.42,-106.89,25.47,,2026-05-24 04:35:34.443333
2492,9,396,8645.95,8843.29,,64.11,-62.41,-98.0,35.58,,2026-05-24 04:35:34.446666
2493,9,397,8642.05,8833.66,,56.93,-54.47,-89.29,34.82,,2026-05-24 04:35:34.446666
2494,9,398,8629.6,8817.34,,44.87,-69.25,-85.28,16.03,,2026-05-24 04:35:34.446666
2495,10,191,,,,,0.0,0.0,0.0,,2026-05-24 04:35:34.460000
2496,10,192,,,,,9.25,1.85,7.4,,2026-05-24 04:35:34.463333
2497,10,193,,,,,34.02,8.29,25.74,,2026-05-24 04:35:34.463333
2498,10,194,,,,,73.62,21.35,52.27,,2026-05-24 04:35:34.466666
2499,10,195,,,,,93.28,35.74,57.54,,2026-05-24 04:35:34.466666
2500,10,196,,,,,126.92,53.97,72.94,,2026-05-24 04:35:34.470000
2501,10,197,,,,,162.91,75.76,87.15,,2026-05-24 04:35:34.470000
2502,10,198,,,,,186.55,97.92,88.63,,2026-05-24 04:35:34.473333
2503,10,199,,,,,175.42,113.42,62.0,,2026-05-24 04:35:34.476666
2504,10,200,,,,,167.5,124.23,43.26,,2026-05-24 04:35:34.480000
2505,10,201,,,,,151.0,129.59,21.41,,2026-05-24 04:35:34.480000
2506,10,202,,,,,157.9,135.25,22.65,,2026-05-24 04:35:34.483333
2507,10,203,,,,,160.3,140.26,20.04,,2026-05-24 04:35:34.483333
2508,10,204,,,,63.95,153.1,142.83,10.27,,2026-05-24 04:35:34.486666
2509,10,205,,,,55.43,121.15,138.49,-17.35,,2026-05-24 04:35:34.486666
2510,10,206,,,,51.92,90.82,128.96,-38.13,,2026-05-24 04:35:34.490000
2511,10,207,,,,43.38,53.83,113.93,-60.1,,2026-05-24 04:35:34.490000
2512,10,208,,,,38.09,29.97,97.14,-67.17,,2026-05-24 04:35:34.493333
2513,10,209,,,,42.47,15.25,80.76,-65.52,,2026-05-24 04:35:34.493333
2514,10,210,21723.99,,,27.05,-31.32,58.35,-89.67,,2026-05-24 04:35:34.496666
2515,10,211,21733.04,,,36.25,-32.11,40.25,-72.37,,2026-05-24 04:35:34.496666
2516,10,212,21736.24,,,36.75,-32.45,25.71,-58.16,,2026-05-24 04:35:34.500000
2517,10,213,21711.04,,,36.72,-60.02,8.57,-68.58,,2026-05-24 04:35:34.500000
2518,10,214,21680.05,,,39.45,-69.61,-7.07,-62.54,,2026-05-24 04:35:34.500000
2519,10,215,21663.65,,,44.89,-63.56,-18.37,-45.2,,2026-05-24 04:35:34.503333
2520,10,216,21647.7,,,44.47,-38.09,-22.31,-15.78,,2026-05-24 04:35:34.503333
2521,10,217,21623.81,,,44.38,-19.29,-21.71,2.42,,2026-05-24 04:35:34.506666
2522,10,218,21618.76,,,52.7,23.02,-12.76,35.78,,2026-05-24 04:35:34.506666
2523,10,219,21630.51,,,59.05,55.19,0.83,54.36,,2026-05-24 04:35:34.510000
2524,10,220,21630.41,,,55.62,63.65,13.39,50.26,,2026-05-24 04:35:34.510000
2525,10,221,21649.25,,,63.12,91.41,29.0,62.41,,2026-05-24 04:35:34.510000
2526,10,222,21652.75,,,61.29,109.16,45.03,64.13,,2026-05-24 04:35:34.513333
2527,10,223,21629.86,,,50.26,78.52,51.73,26.79,,2026-05-24 04:35:34.513333
2528,10,224,21589.71,,,50.28,18.84,45.15,-26.31,,2026-05-24 04:35:34.516666
2529,10,225,21572.26,,,45.21,-16.49,32.82,-49.31,,2026-05-24 04:35:34.516666
2530,10,226,21555.87,,,44.79,-46.21,17.01,-63.23,,2026-05-24 04:35:34.520000
2531,10,227,21558.42,,,54.74,-50.95,3.42,-54.37,,2026-05-24 04:35:34.520000
2532,10,228,21558.27,,,52.66,-52.64,-7.79,-44.85,,2026-05-24 04:35:34.520000
2533,10,229,21574.16,,,56.16,-23.46,-10.92,-12.53,,2026-05-24 04:35:34.523333
2534,10,230,21620.96,,,55.07,14.11,-5.92,20.03,,2026-05-24 04:35:34.523333
2535,10,231,21622.71,,,47.71,6.86,-3.36,10.22,,2026-05-24 04:35:34.526666
2536,10,232,21619.31,,,40.17,-7.2,-4.13,-3.07,,2026-05-24 04:35:34.526666
2537,10,233,21634.06,,,40.6,-16.86,-6.68,-10.18,,2026-05-24 04:35:34.530000
2538,10,234,21629.16,,,39.96,-44.25,-14.19,-30.06,,2026-05-24 04:35:34.530000
2539,10,235,21612.26,,,33.18,-71.59,-25.67,-45.92,,2026-05-24 04:35:34.530000
2540,10,236,21579.46,,,32.84,-97.54,-40.05,-57.5,,2026-05-24 04:35:34.533333
2541,10,237,21545.57,,,39.62,-120.11,-56.06,-64.05,,2026-05-24 04:35:34.533333
2542,10,238,21522.57,,,59.66,-91.67,-63.18,-28.49,,2026-05-24 04:35:34.533333
2543,10,239,21472.28,,,46.49,-112.62,-73.07,-39.55,,2026-05-24 04:35:34.536666
2544,10,240,21439.53,21593.07,,49.5,-115.86,-81.63,-34.23,,2026-05-24 04:35:34.536666
2545,10,241,21396.54,21591.31,,46.79,-111.58,-87.62,-23.96,,2026-05-24 04:35:34.536666
2546,10,242,21359.19,21588.75,,47.82,-100.89,-90.27,-10.62,,2026-05-24 04:35:34.536666
2547,10,243,21347.35,21581.11,,39.82,-94.0,-91.02,-2.98,,2026-05-24 04:35:34.540000
2548,10,244,21358.09,21568.63,,35.81,-86.25,-90.06,3.81,,2026-05-24 04:35:34.540000
2549,10,245,21355.54,21556.4,,41.47,-88.77,-89.8,1.04,,2026-05-24 04:35:34.540000
2550,10,246,21362.54,21542.58,,47.77,-76.73,-87.19,10.46,,2026-05-24 04:35:34.540000
2551,10,247,21357.79,21525.8,,47.19,-67.14,-83.18,16.04,,2026-05-24 04:35:34.540000
2552,10,248,21345.75,21507.14,,50.0,-69.07,-80.36,11.29,,2026-05-24 04:35:34.543333
2553,10,249,21316.7,21496.08,,52.84,-67.01,-77.69,10.68,,2026-05-24 04:35:34.543333
2554,10,250,21273.26,21482.19,,51.82,-73.16,-76.78,3.62,,2026-05-24 04:35:34.543333
2555,10,251,21250.21,21469.39,,51.62,-81.13,-77.65,-3.48,,2026-05-24 04:35:34.543333
2556,10,252,21237.71,21453.33,,38.03,-77.92,-77.71,-0.22,,2026-05-24 04:35:34.543333
2557,10,253,21230.66,21440.07,,62.34,-64.55,-75.07,10.53,,2026-05-24 04:35:34.543333
2558,10,254,21260.26,21438.27,,70.59,-14.89,-63.04,48.15,,2026-05-24 04:35:34.546666
2559,10,255,21291.2,21441.57,,66.76,19.96,-46.44,66.4,,2026-05-24 04:35:34.546666
2560,10,256,21322.05,21444.47,,61.99,41.53,-28.84,70.38,,2026-05-24 04:35:34.546666
2561,10,257,21353.19,21449.71,,61.87,55.09,-12.06,67.15,,2026-05-24 04:35:34.546666
2562,10,258,21359.29,21454.71,,62.95,69.87,4.33,65.54,,2026-05-24 04:35:34.546666
2563,10,259,21392.34,21458.31,,67.5,79.37,19.34,60.04,,2026-05-24 04:35:34.550000
2564,10,260,21402.34,21464.41,,50.91,61.03,27.68,33.36,,2026-05-24 04:35:34.550000
2565,10,261,21401.79,21458.81,,46.98,34.64,29.07,5.57,,2026-05-24 04:35:34.550000
2566,10,262,21445.13,21472.31,,69.19,89.66,41.19,48.47,,2026-05-24 04:35:34.550000
2567,10,263,21480.68,21488.97,,63.95,116.67,56.28,60.39,,2026-05-24 04:35:34.550000
2568,10,264,21526.07,21507.04,,69.12,153.49,75.73,77.77,,2026-05-24 04:35:34.550000
2569,10,265,21584.26,21524.64,,71.77,191.44,98.87,92.57,,2026-05-24 04:35:34.553333
2570,10,266,21648.8,21543.02,,73.45,242.12,127.52,114.6,,2026-05-24 04:35:34.553333
2571,10,267,21712.09,21561.12,,71.5,276.35,157.28,119.07,,2026-05-24 04:35:34.553333
2572,10,268,21673.65,21529.1,,35.42,127.5,151.33,-23.83,,2026-05-24 04:35:34.553333
2573,10,269,21656.65,21506.54,,41.69,46.44,130.35,-83.91,,2026-05-24 04:35:34.553333
2574,10,270,21646.45,21488.61,,42.6,-15.29,101.22,-116.51,,2026-05-24 04:35:34.556666
2575,10,271,21607.11,21452.53,,38.08,-113.97,58.18,-172.15,,2026-05-24 04:35:34.556666
2576,10,272,21552.07,21413.06,,36.08,-206.49,5.25,-211.74,,2026-05-24 04:35:34.556666
2577,10,273,21491.28,21384.64,,36.29,-275.83,-50.97,-224.86,,2026-05-24 04:35:34.556666
2578,10,274,21396.04,21360.8,,36.96,-343.52,-109.48,-234.04,,2026-05-24 04:35:34.556666
2579,10,275,21286.1,21327.11,,35.67,-420.32,-171.64,-248.67,,2026-05-24 04:35:34.560000
2580,10,276,21181.97,21294.91,,23.93,-471.95,-231.71,-240.24,,2026-05-24 04:35:34.560000
2581,10,277,21048.34,21245.68,,21.99,-556.95,-296.75,-260.2,,2026-05-24 04:35:34.560000
2582,10,278,20923.05,21200.63,,22.2,-599.1,-357.22,-241.87,,2026-05-24 04:35:34.560000
2583,10,279,20812.22,21153.53,,24.11,-603.51,-406.48,-197.03,,2026-05-24 04:35:34.560000
2584,10,280,20727.83,21107.16,,23.1,-582.79,-441.74,-141.05,,2026-05-24 04:35:34.560000
2585,10,281,20660.29,21073.84,,25.9,-544.36,-462.27,-82.09,,2026-05-24 04:35:34.560000
2586,10,282,20544.01,21042.19,,41.74,-509.72,-471.76,-37.96,,2026-05-24 04:35:34.563333
2587,10,283,20448.47,21014.73,,37.49,-458.74,-469.15,10.41,,2026-05-24 04:35:34.563333
2588,10,284,20347.78,20994.49,,39.0,-404.81,-456.28,51.48,,2026-05-24 04:35:34.563333
2589,10,285,20233.05,20972.96,,45.66,-369.5,-438.93,69.43,,2026-05-24 04:35:34.563333
2590,10,286,20104.12,20952.88,,49.34,-337.15,-418.57,81.42,,2026-05-24 04:35:34.563333
2591,10,287,20008.28,20946.2,,58.9,-257.87,-386.43,128.56,,2026-05-24 04:35:34.563333
2592,10,288,20040.63,20936.32,,67.17,-160.83,-341.31,180.48,,2026-05-24 04:35:34.563333
2593,10,289,20059.27,20941.34,,76.09,-67.82,-286.61,218.79,,2026-05-24 04:35:34.566666
2594,10,290,20084.27,20946.5,,76.85,18.27,-225.64,243.91,,2026-05-24 04:35:34.566666
2595,10,291,20149.96,20953.9,,94.42,99.95,-160.52,260.47,,2026-05-24 04:35:34.566666
2596,10,292,20234.0,20962.98,,94.29,175.57,-93.3,268.87,,2026-05-24 04:35:34.566666
2597,10,293,20300.74,20966.0,,83.11,206.01,-33.44,239.45,,2026-05-24 04:35:34.566666
2598,10,294,20384.18,20971.24,,82.58,237.64,20.78,216.87,,2026-05-24 04:35:34.566666
2599,10,295,20495.12,20982.94,,82.63,275.91,71.8,204.11,,2026-05-24 04:35:34.570000
2600,10,296,20624.21,20999.58,,85.33,335.45,124.53,210.92,,2026-05-24 04:35:34.570000
2601,10,297,20792.39,21019.52,,85.01,390.72,177.77,212.95,,2026-05-24 04:35:34.570000
2602,10,298,20942.52,21039.34,,80.98,418.89,225.99,192.89,,2026-05-24 04:35:34.570000
2603,10,299,21076.01,21057.25,,83.16,431.39,267.07,164.32,,2026-05-24 04:35:34.570000
2604,10,300,21219.89,21085.81,,85.14,470.17,307.69,162.48,,2026-05-24 04:35:34.570000
2605,10,301,21337.03,21108.57,,73.47,468.08,339.77,128.31,,2026-05-24 04:35:34.570000
2606,10,302,21449.12,21126.75,,66.93,451.37,362.09,89.28,,2026-05-24 04:35:34.570000
2607,10,303,21533.16,21135.73,,57.81,406.42,370.96,35.46,,2026-05-24 04:35:34.573333
2608,10,304,21619.7,21138.27,,57.86,379.33,372.63,6.7,,2026-05-24 04:35:34.573333
2609,10,305,21712.69,21141.55,,54.99,352.5,368.61,-16.1,,2026-05-24 04:35:34.573333
2610,10,306,21806.98,21146.85,,52.98,330.02,360.89,-30.87,,2026-05-24 04:35:34.573333
2611,10,307,21863.17,21150.19,,57.01,297.96,348.3,-50.34,,2026-05-24 04:35:34.576666
2612,10,308,21901.17,21153.07,,55.5,272.4,333.12,-60.73,,2026-05-24 04:35:34.576666
2613,10,309,21937.57,21159.43,,54.7,261.87,318.87,-57.0,,2026-05-24 04:35:34.576666
2614,10,310,21965.92,21171.93,,45.79,250.23,305.14,-54.91,,2026-05-24 04:35:34.576666
2615,10,311,22012.17,21198.05,,54.1,281.26,300.37,-19.1,,2026-05-24 04:35:34.576666
2616,10,312,22071.66,21213.59,,63.7,336.27,307.55,28.72,,2026-05-24 04:35:34.580000
2617,10,313,22134.86,21227.67,,59.4,354.64,316.97,37.67,,2026-05-24 04:35:34.580000
2618,10,314,22214.81,21246.73,,59.89,401.84,333.94,67.9,,2026-05-24 04:35:34.580000
2619,10,315,22262.1,21254.08,,57.79,398.34,346.82,51.52,,2026-05-24 04:35:34.580000
2620,10,316,22291.65,21256.72,,60.85,395.45,356.55,38.9,,2026-05-24 04:35:34.580000
2621,10,317,22315.8,21261.0,,68.85,392.51,363.74,28.77,,2026-05-24 04:35:34.580000
2622,10,318,22330.15,21301.94,,59.46,359.41,362.87,-3.47,,2026-05-24 04:35:34.583333
2623,10,319,22330.25,21326.69,,53.5,301.86,350.67,-48.81,,2026-05-24 04:35:34.583333
2624,10,320,22301.5,21347.83,,50.68,241.2,328.78,-87.57,,2026-05-24 04:35:34.583333
2625,10,321,22296.85,21384.47,,54.72,202.26,303.47,-101.21,,2026-05-24 04:35:34.583333
2626,10,322,22278.7,21417.41,,48.58,138.18,270.41,-132.24,,2026-05-24 04:35:34.583333
2627,10,323,22287.35,21454.16,,49.16,102.43,236.82,-134.39,,2026-05-24 04:35:34.583333
2628,10,324,22298.25,21499.16,,51.82,89.6,207.37,-117.77,,2026-05-24 04:35:34.586666
2629,10,325,22311.0,21551.51,,44.67,80.21,181.94,-101.73,,2026-05-24 04:35:34.586666
2630,10,326,22336.55,21608.69,,42.41,94.91,164.53,-69.63,,2026-05-24 04:35:34.586666
2631,10,327,22366.35,21677.4,,45.29,101.43,151.91,-50.48,,2026-05-24 04:35:34.586666
2632,10,328,22417.75,21750.95,,45.41,142.8,150.09,-7.29,,2026-05-24 04:35:34.586666
2633,10,329,22457.75,21817.64,,51.64,168.0,153.67,14.33,,2026-05-24 04:35:34.586666
2634,10,330,22508.44,21884.18,,54.19,202.51,163.44,39.06,,2026-05-24 04:35:34.590000
2635,10,331,22524.34,21943.67,,50.66,214.7,173.69,41.01,,2026-05-24 04:35:34.590000
2636,10,332,22510.29,22000.11,,53.41,207.94,180.54,27.39,,2026-05-24 04:35:34.590000
2637,10,333,22495.94,22046.66,,54.88,178.89,180.21,-1.33,,2026-05-24 04:35:34.590000
2638,10,334,22475.9,22097.98,,62.91,181.85,180.54,1.31,,2026-05-24 04:35:34.590000
2639,10,335,22486.65,22155.51,,63.21,195.33,183.5,11.84,,2026-05-24 04:35:34.590000
2640,10,336,22507.19,22217.95,,75.03,223.7,191.54,32.16,,2026-05-24 04:35:34.593333
2641,10,337,22515.04,22263.71,,67.93,226.94,198.62,28.32,,2026-05-24 04:35:34.593333
2642,10,338,22534.89,22299.64,,63.34,219.71,202.84,16.88,,2026-05-24 04:35:34.593333
2643,10,339,22561.79,22327.7,,58.7,195.27,201.32,-6.05,,2026-05-24 04:35:34.593333
2644,10,340,22602.29,22355.04,,56.2,183.47,197.75,-14.28,,2026-05-24 04:35:34.593333
2645,10,341,22640.19,22380.56,,58.58,179.32,194.07,-14.75,,2026-05-24 04:35:34.593333
2646,10,342,22695.99,22402.2,,49.6,171.31,189.51,-18.21,,2026-05-24 04:35:34.593333
2647,10,343,22736.28,22428.38,,48.8,154.38,182.49,-28.11,,2026-05-24 04:35:34.596666
2648,10,344,22763.43,22450.86,,42.86,134.73,172.94,-38.2,,2026-05-24 04:35:34.596666
2649,10,345,22787.53,22468.48,,45.18,114.62,161.27,-46.66,,2026-05-24 04:35:34.596666
2650,10,346,22816.73,22485.7,,57.5,128.66,154.75,-26.09,,2026-05-24 04:35:34.596666
2651,10,347,22840.18,22496.51,,60.13,125.11,148.82,-23.71,,2026-05-24 04:35:34.596666
2652,10,348,22841.88,22510.69,,53.73,123.62,143.78,-20.16,,2026-05-24 04:35:34.600000
2653,10,349,22830.48,22519.43,,41.71,94.56,133.94,-39.38,,2026-05-24 04:35:34.600000
2654,10,350,22803.53,22517.63,,32.13,62.57,119.66,-57.09,,2026-05-24 04:35:34.600000
2655,10,351,22777.08,22519.69,,33.12,25.08,100.75,-75.67,,2026-05-24 04:35:34.600000
2656,10,352,22757.93,22523.63,,34.23,-6.82,79.23,-86.05,,2026-05-24 04:35:34.600000
2657,10,353,22756.63,22536.05,,41.62,-24.63,58.46,-83.09,,2026-05-24 04:35:34.600000
2658,10,354,22757.18,22552.97,,49.35,-7.6,45.25,-52.85,,2026-05-24 04:35:34.600000
2659,10,355,22743.08,22567.67,,44.04,-4.3,35.34,-39.64,,2026-05-24 04:35:34.603333
2660,10,356,22714.43,22580.93,,43.91,-4.85,27.3,-32.15,,2026-05-24 04:35:34.603333
2661,10,357,22695.04,22596.45,,45.89,-6.9,20.46,-27.36,,2026-05-24 04:35:34.603333
2662,10,112,22703.69,22620.65,,57.76,29.14,22.2,6.94,,2026-05-24 04:35:34.606666
2663,10,113,22721.83,22641.41,,58.4,55.92,28.94,26.98,,2026-05-24 04:35:34.606666
2664,10,114,22722.93,22657.85,,45.01,58.65,34.88,23.76,,2026-05-24 04:35:34.610000
2665,10,115,22727.63,22666.75,,52.51,73.03,42.51,30.52,,2026-05-24 04:35:34.610000
2666,10,116,22729.83,22665.47,,49.8,76.77,49.36,27.41,,2026-05-24 04:35:34.610000
2667,10,117,22761.93,22679.21,,67.06,117.83,63.06,54.77,,2026-05-24 04:35:34.610000
2668,10,118,22802.98,22686.13,,71.57,158.31,82.11,76.2,,2026-05-24 04:35:34.610000
2669,10,119,22860.68,22707.91,,78.98,211.59,108.01,103.59,,2026-05-24 04:35:34.610000
2670,10,120,22904.73,22730.92,,80.75,260.26,138.46,121.8,,2026-05-24 04:35:34.613333
2671,10,121,22944.77,22748.1,,73.07,275.96,165.96,110.0,,2026-05-24 04:35:34.613333
2672,10,122,22980.62,22770.88,,67.36,281.13,188.99,92.14,,2026-05-24 04:35:34.613333
2673,10,123,23041.22,22803.82,,72.93,294.98,210.19,84.79,,2026-05-24 04:35:34.613333
2674,10,124,23097.27,22835.94,,68.71,287.07,225.56,61.5,,2026-05-24 04:35:34.613333
2675,10,125,23194.31,22878.68,,75.54,331.29,246.71,84.58,,2026-05-24 04:35:34.616666
2676,10,126,23280.71,22924.44,,65.84,342.93,265.95,76.98,,2026-05-24 04:35:34.616666
2677,10,127,23357.71,22964.19,,64.06,340.25,280.81,59.43,,2026-05-24 04:35:34.616666
2678,10,128,23388.31,22988.99,,58.12,290.95,282.84,8.11,,2026-05-24 04:35:34.616666
2679,10,129,23440.7,23019.55,,59.82,273.66,281.0,-7.34,,2026-05-24 04:35:34.616666
2680,10,93,23494.75,23044.21,,61.12,256.44,276.09,-19.65,,2026-05-24 04:35:34.616666
2681,10,74,23575.35,23080.05,,61.35,280.71,277.02,3.69,,2026-05-24 04:35:34.620000
2682,10,53,23623.09,23102.79,,56.92,281.69,277.95,3.74,,2026-05-24 04:35:34.620000
2683,10,54,23675.04,23128.33,,54.1,284.83,279.33,5.5,,2026-05-24 04:35:34.620000
2684,10,3,23739.79,23150.39,,52.96,286.83,280.83,6.0,,2026-05-24 04:35:34.620000
2685,10,4,23811.64,23181.66,,61.01,309.38,286.54,22.85,,2026-05-24 04:35:34.620000
2686,10,5,23884.48,23215.14,,60.76,318.42,292.91,25.51,,2026-05-24 04:35:34.620000
2687,10,6,24025.98,23291.22,,73.84,470.4,328.41,141.99,,2026-05-24 04:35:34.620000
2688,10,7,24156.72,23358.46,,75.31,576.62,378.05,198.56,,2026-05-24 04:35:34.623333
2689,10,10,24256.27,23415.75,,66.38,626.86,427.81,199.05,,2026-05-24 04:35:34.623333
2690,10,11,24355.91,23470.41,,70.79,668.57,475.97,192.61,,2026-05-24 04:35:34.623333
2691,10,12,24462.16,23526.95,,70.59,684.7,517.71,166.99,,2026-05-24 04:35:34.623333
2692,10,13,24578.45,23588.31,,80.89,701.58,554.49,147.09,,2026-05-24 04:35:34.623333
2693,10,14,24656.05,23641.52,,68.47,658.07,575.2,82.86,,2026-05-24 04:35:34.626666
2694,10,17,24713.0,23680.22,,60.36,568.14,573.79,-5.65,,2026-05-24 04:35:34.626666
2695,10,18,24762.69,23727.68,,60.5,533.32,565.7,-32.37,,2026-05-24 04:35:34.626666
2696,10,19,24827.49,23777.04,,63.26,504.84,553.52,-48.69,,2026-05-24 04:35:34.626666
2697,10,20,24876.89,23820.44,,57.9,444.3,531.68,-87.38,,2026-05-24 04:35:34.626666
2698,10,21,24943.53,23861.03,,55.52,376.01,500.54,-124.53,,2026-05-24 04:35:34.626666
2699,10,24,24988.23,23899.83,,51.59,307.85,462.01,-154.15,,2026-05-24 04:35:34.630000
2700,10,25,25039.33,23933.25,,53.31,260.6,421.72,-161.13,,2026-05-24 04:35:34.630000
2701,10,26,25066.38,23970.53,,28.84,222.92,381.96,-159.05,,2026-05-24 04:35:34.630000
2702,10,27,25125.43,24016.21,,37.92,227.07,350.99,-123.91,,2026-05-24 04:35:34.630000
2703,10,28,25167.47,24063.12,,38.53,206.2,322.03,-115.83,,2026-05-24 04:35:34.630000
2704,10,358,25206.72,24111.66,,36.33,185.82,294.79,-108.96,,2026-05-24 04:35:34.630000
2705,10,359,25231.67,24163.5,,37.78,169.18,269.66,-100.49,,2026-05-24 04:35:34.630000
2706,10,360,25296.07,24230.4,,46.33,212.04,258.14,-46.1,,2026-05-24 04:35:34.630000
2707,10,361,25254.82,24290.49,,50.69,223.18,251.15,-27.97,,2026-05-24 04:35:34.633333
2708,10,362,25200.32,24335.71,,54.2,200.73,241.06,-40.33,,2026-05-24 04:35:34.633333
2709,10,363,25152.32,24379.45,,43.39,164.82,225.82,-60.99,,2026-05-24 04:35:34.633333
2710,10,364,25097.68,24423.71,,42.12,133.7,207.39,-73.69,,2026-05-24 04:35:34.633333
2711,10,365,25056.14,24471.39,,50.9,119.76,189.87,-70.11,,2026-05-24 04:35:34.633333
2712,10,366,24989.5,24502.63,,48.39,79.47,167.79,-88.31,,2026-05-24 04:35:34.633333
2713,10,367,24953.35,24534.13,,50.49,46.92,143.62,-96.69,,2026-05-24 04:35:34.636666
2714,10,368,24980.71,24583.33,,58.15,73.86,129.66,-55.81,,2026-05-24 04:35:34.636666
2715,10,369,24978.62,24628.07,,56.81,89.25,121.58,-32.33,,2026-05-24 04:35:34.640000
2716,10,370,24979.42,24676.87,,52.3,109.79,119.22,-9.44,,2026-05-24 04:35:34.640000
2717,10,371,24997.28,24714.57,,55.85,119.36,119.25,0.11,,2026-05-24 04:35:34.640000
2718,10,372,25026.98,24750.63,,56.81,128.61,121.12,7.49,,2026-05-24 04:35:34.640000
2719,10,373,25095.64,24793.82,,64.28,186.17,134.13,52.04,,2026-05-24 04:35:34.640000
2720,10,374,25165.15,24837.42,,57.43,240.15,155.33,84.81,,2026-05-24 04:35:34.640000
2721,10,375,25234.8,24886.54,,62.98,282.25,180.72,101.54,,2026-05-24 04:35:34.640000
2722,10,376,25281.31,24936.48,,71.82,311.31,206.84,104.47,,2026-05-24 04:35:34.643333
2723,10,377,25336.11,24981.08,,74.72,322.23,229.91,92.32,,2026-05-24 04:35:34.643333
2724,10,378,25394.17,25030.42,,75.61,330.62,250.06,80.57,,2026-05-24 04:35:34.643333
2725,10,379,25455.32,25067.9,,74.88,339.81,268.01,71.81,,2026-05-24 04:35:34.643333
2726,10,380,25474.08,25107.75,,82.9,333.33,281.07,52.26,,2026-05-24 04:35:34.643333
2727,10,381,25516.44,25153.99,,84.55,342.08,293.27,48.81,,2026-05-24 04:35:34.643333
2728,10,382,25576.59,25211.03,,78.32,344.8,303.58,41.22,,2026-05-24 04:35:34.646666
2729,10,383,25626.5,25253.77,,65.03,310.61,304.99,5.63,,2026-05-24 04:35:34.646666
2730,10,384,25679.05,25297.43,,63.59,283.4,300.67,-17.27,,2026-05-24 04:35:34.646666
2731,10,385,25735.8,25335.57,,69.59,277.51,296.04,-18.52,,2026-05-24 04:35:34.646666
2732,10,386,25844.35,25391.13,,76.69,324.39,301.71,22.68,,2026-05-24 04:35:34.646666
2733,10,387,25970.0,25452.11,,73.77,384.61,318.29,66.33,,2026-05-24 04:35:34.646666
2734,10,388,26072.9,25516.58,,74.51,444.09,343.45,100.64,,2026-05-24 04:35:34.650000
2735,10,389,26179.65,25575.28,,74.34,486.91,372.14,114.76,,2026-05-24 04:35:34.650000
2736,10,390,26252.15,25623.94,,60.86,469.75,391.66,78.09,,2026-05-24 04:35:34.650000
2737,10,391,26309.75,25628.08,,56.11,421.92,397.71,24.2,,2026-05-24 04:35:34.650000
2738,10,392,26372.45,25636.93,,57.35,390.88,396.35,-5.46,,2026-05-24 04:35:34.650000
2739,10,393,26398.85,25650.85,,55.07,355.97,388.27,-32.3,,2026-05-24 04:35:34.650000
2740,10,394,26427.3,25665.97,,59.32,338.84,378.39,-39.55,,2026-05-24 04:35:34.650000
2741,10,395,26445.45,25679.86,,53.7,307.68,364.24,-56.57,,2026-05-24 04:35:34.653333
2742,10,396,26459.5,25688.9,,52.36,272.5,345.89,-73.4,,2026-05-24 04:35:34.653333
2743,10,397,26483.6,25712.1,,60.41,249.56,326.63,-77.06,,2026-05-24 04:35:34.653333
2744,10,398,26520.2,25753.3,,63.32,252.21,311.74,-59.54,,2026-05-24 04:35:34.653333
2745,11,191,,,,,0.0,0.0,0.0,,2026-05-24 04:35:34.670000
2746,11,192,,,,,-363.53,-72.71,-290.83,,2026-05-24 04:35:34.670000
2747,11,193,,,,,-330.77,-124.32,-206.45,,2026-05-24 04:35:34.670000
2748,11,194,,,,,-503.43,-200.14,-303.29,,2026-05-24 04:35:34.673333
2749,11,195,,,,,-505.75,-261.26,-244.49,,2026-05-24 04:35:34.680000
2750,11,196,,,,,-484.27,-305.86,-178.4,,2026-05-24 04:35:34.683333
2751,11,197,,,,,-637.14,-372.12,-265.02,,2026-05-24 04:35:34.683333
2752,11,198,,,,,-587.58,-415.21,-172.37,,2026-05-24 04:35:34.686666
2753,11,199,,,,,-110.66,-354.3,243.64,,2026-05-24 04:35:34.686666
2754,11,200,,,,,370.98,-209.24,580.22,,2026-05-24 04:35:34.690000
2755,11,201,,,,,412.16,-84.96,497.12,,2026-05-24 04:35:34.690000
2756,11,202,,,,,855.97,103.22,752.75,,2026-05-24 04:35:34.690000
2757,11,203,,,,,942.62,271.1,671.52,,2026-05-24 04:35:34.693333
2758,11,204,,,,56.87,1171.4,451.16,720.24,,2026-05-24 04:35:34.696666
2759,11,205,,,,48.81,830.2,526.97,303.23,,2026-05-24 04:35:34.696666
2760,11,206,,,,50.51,310.4,483.65,-173.26,,2026-05-24 04:35:34.696666
2761,11,207,,,,46.79,-29.17,381.09,-410.26,,2026-05-24 04:35:34.700000
2762,11,208,,,,52.57,-126.51,279.57,-406.08,,2026-05-24 04:35:34.700000
2763,11,209,,,,54.1,31.48,229.95,-198.47,,2026-05-24 04:35:34.700000
2764,11,210,345983.26,,,47.05,-317.51,120.46,-437.97,,2026-05-24 04:35:34.703333
2765,11,211,346574.05,,,62.67,683.22,233.01,450.21,,2026-05-24 04:35:34.703333
2766,11,212,347013.57,,,54.34,854.61,357.33,497.28,,2026-05-24 04:35:34.706666
2767,11,213,347125.85,,,48.2,770.5,439.97,330.53,,2026-05-24 04:35:34.706666
2768,11,214,347730.33,,,52.66,1279.01,607.77,671.23,,2026-05-24 04:35:34.710000
2769,11,215,348252.99,,,55.99,1659.48,818.12,841.37,,2026-05-24 04:35:34.710000
2770,11,216,348811.13,,,52.89,2012.84,1057.06,955.78,,2026-05-24 04:35:34.713333
2771,11,217,349454.31,,,55.3,2227.19,1291.09,936.1,,2026-05-24 04:35:34.713333
2772,11,218,350207.97,,,56.85,2708.08,1574.49,1133.59,,2026-05-24 04:35:34.716666
2773,11,219,350593.15,,,61.31,2897.5,1839.09,1058.41,,2026-05-24 04:35:34.716666
2774,11,220,350807.61,,,62.39,2847.22,2040.71,806.51,,2026-05-24 04:35:34.716666
2775,11,221,351173.14,,,60.49,2684.47,2169.47,515.0,,2026-05-24 04:35:34.720000
2776,11,222,351190.48,,,57.05,2387.1,2212.99,174.11,,2026-05-24 04:35:34.720000
2777,11,223,351191.78,,,51.22,1850.01,2140.4,-290.39,,2026-05-24 04:35:34.720000
2778,11,224,350716.97,,,49.92,820.15,1876.35,-1056.2,,2026-05-24 04:35:34.723333
2779,11,225,350480.52,,,29.32,-122.87,1476.5,-1599.38,,2026-05-24 04:35:34.723333
2780,11,226,350342.7,,,34.61,-945.97,992.01,-1937.98,,2026-05-24 04:35:34.726666
2781,11,227,350216.92,,,39.37,-1489.62,495.68,-1985.3,,2026-05-24 04:35:34.726666
2782,11,228,349987.51,,,23.23,-1895.55,17.44,-1912.99,,2026-05-24 04:35:34.730000
2783,11,229,350056.35,,,42.12,-1483.35,-282.72,-1200.63,,2026-05-24 04:35:34.730000
2784,11,230,350348.69,,,38.98,-1259.3,-478.04,-781.26,,2026-05-24 04:35:34.730000
2785,11,231,349747.66,,,37.51,-1224.22,-627.27,-596.95,,2026-05-24 04:35:34.733333
2786,11,232,349886.23,,,42.02,-607.66,-623.35,15.69,,2026-05-24 04:35:34.733333
2787,11,233,349994.91,,,40.78,-374.01,-573.48,199.47,,2026-05-24 04:35:34.736666
2788,11,234,349684.52,,,41.77,-272.11,-513.21,241.1,,2026-05-24 04:35:34.736666
2789,11,235,349234.1,,,40.12,-415.92,-493.75,77.83,,2026-05-24 04:35:34.740000
2790,11,236,348832.88,,,44.39,-371.2,-469.24,98.04,,2026-05-24 04:35:34.740000
2791,11,237,348567.18,,,51.0,-155.27,-406.44,251.18,,2026-05-24 04:35:34.740000
2792,11,238,348238.99,,,64.91,254.31,-274.29,528.6,,2026-05-24 04:35:34.743333
2793,11,239,347753.73,,,59.36,165.23,-186.39,351.62,,2026-05-24 04:35:34.743333
2794,11,240,347437.24,348382.81,,62.18,197.15,-109.68,306.83,,2026-05-24 04:35:34.746666
2795,11,241,346987.62,348370.63,,55.83,-83.39,-104.42,21.03,,2026-05-24 04:35:34.746666
2796,11,242,346608.49,348442.88,,55.37,-329.04,-149.35,-179.7,,2026-05-24 04:35:34.746666
2797,11,243,346424.68,348445.24,,44.84,-483.06,-216.09,-266.97,,2026-05-24 04:35:34.750000
2798,11,244,346875.7,348604.79,,53.88,-173.36,-207.54,34.19,,2026-05-24 04:35:34.750000
2799,11,245,347729.88,348861.92,,62.99,587.69,-48.5,636.18,,2026-05-24 04:35:34.750000
2800,11,246,348869.42,349207.32,,60.71,1546.85,270.57,1276.27,,2026-05-24 04:35:34.750000
2801,11,247,350310.65,349740.0,,71.16,2852.47,786.95,2065.52,,2026-05-24 04:35:34.750000
2802,11,248,351673.99,350201.65,,70.46,3721.67,1373.89,2347.77,,2026-05-24 04:35:34.750000
2803,11,249,352454.05,350499.49,,70.56,4138.28,1926.77,2211.51,,2026-05-24 04:35:34.753333
2804,11,250,353191.71,350724.59,,65.84,4234.09,2388.23,1845.85,,2026-05-24 04:35:34.753333
2805,11,251,353983.51,351015.76,,62.91,4192.46,2749.08,1443.38,,2026-05-24 04:35:34.753333
2806,11,252,354454.12,351218.28,,61.0,4174.76,3034.22,1140.55,,2026-05-24 04:35:34.753333
2807,11,253,355091.4,351486.21,,69.35,4122.9,3251.95,870.94,,2026-05-24 04:35:34.756666
2808,11,254,356042.07,351815.05,,72.21,4449.85,3491.53,958.32,,2026-05-24 04:35:34.756666
2809,11,255,356985.45,352211.25,,73.65,4416.9,3676.61,740.3,,2026-05-24 04:35:34.756666
2810,11,256,357845.24,352673.23,,74.41,4360.06,3813.3,546.76,,2026-05-24 04:35:34.756666
2811,11,257,358386.43,353034.2,,67.22,3934.2,3837.48,96.73,,2026-05-24 04:35:34.760000
2812,11,258,358681.03,353314.15,,59.81,3400.91,3750.17,-349.25,,2026-05-24 04:35:34.760000
2813,11,259,359119.15,353491.07,,49.14,2766.24,3553.38,-787.14,,2026-05-24 04:35:34.760000
2814,11,260,359229.63,353681.36,,35.99,1818.34,3206.37,-1388.03,,2026-05-24 04:35:34.760000
2815,11,261,359345.36,353479.16,,18.62,760.02,2717.1,-1957.08,,2026-05-24 04:35:34.760000
2816,11,262,359304.71,353359.34,,17.62,-354.08,2102.87,-2456.95,,2026-05-24 04:35:34.763333
2817,11,263,359034.61,353208.75,,16.97,-1554.32,1371.43,-2925.75,,2026-05-24 04:35:34.763333
2818,11,264,358602.44,352953.64,,22.68,-2310.66,635.01,-2945.67,,2026-05-24 04:35:34.763333
2819,11,265,358050.5,352780.93,,30.96,-2551.58,-2.31,-2549.27,,2026-05-24 04:35:34.766666
2820,11,266,357477.46,352673.85,,36.36,-2375.32,-476.91,-1898.41,,2026-05-24 04:35:34.766666
2821,11,267,356543.83,352575.81,,36.15,-2213.66,-824.26,-1389.4,,2026-05-24 04:35:34.766666
2822,11,268,355758.83,352422.0,,30.17,-1945.89,-1048.59,-897.31,,2026-05-24 04:35:34.766666
2823,11,269,355229.48,352354.03,,36.6,-1528.01,-1144.47,-383.54,,2026-05-24 04:35:34.770000
2824,11,270,354889.59,352357.39,,38.55,-1064.36,-1128.45,64.09,,2026-05-24 04:35:34.770000
2825,11,271,354608.2,352389.78,,43.43,-664.09,-1035.58,371.49,,2026-05-24 04:35:34.770000
2826,11,272,354379.19,352493.76,,48.56,-196.65,-867.79,671.14,,2026-05-24 04:35:34.770000
2827,11,273,354339.49,352745.29,,56.64,483.44,-597.55,1080.98,,2026-05-24 04:35:34.770000
2828,11,274,353877.98,353079.45,,59.78,752.34,-327.57,1079.91,,2026-05-24 04:35:34.770000
2829,11,275,353486.7,353413.73,,63.48,828.12,-96.43,924.55,,2026-05-24 04:35:34.773333
2830,11,276,353306.09,353858.58,,74.35,1233.44,169.54,1063.9,,2026-05-24 04:35:34.773333
2831,11,277,353052.69,354168.51,,71.39,1089.19,353.47,735.72,,2026-05-24 04:35:34.773333
2832,11,278,352742.74,354416.24,,63.98,718.75,426.53,292.22,,2026-05-24 04:35:34.773333
2833,11,279,352335.42,354402.7,,52.99,86.87,358.6,-271.73,,2026-05-24 04:35:34.776666
2834,11,280,352124.86,354391.82,,45.31,-514.39,184.0,-698.39,,2026-05-24 04:35:34.776666
2835,11,281,352385.36,354534.24,,53.08,-522.99,42.6,-565.59,,2026-05-24 04:35:34.776666
2836,11,282,352298.03,354324.06,,40.53,-1355.0,-236.92,-1118.08,,2026-05-24 04:35:34.776666
2837,11,283,352667.56,354277.81,,43.55,-1593.9,-508.31,-1085.59,,2026-05-24 04:35:34.780000
2838,11,284,353150.62,354340.07,,46.49,-1415.49,-689.75,-725.74,,2026-05-24 04:35:34.780000
2839,11,285,353771.85,354596.03,,52.17,-713.8,-694.56,-19.24,,2026-05-24 04:35:34.780000
2840,11,286,354691.08,355017.13,,57.88,655.46,-424.56,1080.01,,2026-05-24 04:35:34.780000
2841,11,287,356034.33,355562.66,,60.44,2393.76,139.11,2254.65,,2026-05-24 04:35:34.780000
2842,11,288,357310.89,356050.75,,63.26,3737.89,858.86,2879.02,,2026-05-24 04:35:34.783333
2843,11,289,358413.58,356617.97,,63.65,4656.9,1618.47,3038.43,,2026-05-24 04:35:34.783333
2844,11,290,359793.92,357300.06,,64.93,5885.66,2471.91,3413.75,,2026-05-24 04:35:34.783333
2845,11,291,361767.05,358301.55,,74.82,7751.94,3527.91,4224.02,,2026-05-24 04:35:34.783333
2846,11,292,363484.37,359244.11,,74.62,8863.94,4595.12,4268.82,,2026-05-24 04:35:34.786666
2847,11,293,365039.88,360191.37,,78.91,9687.59,5613.61,4073.97,,2026-05-24 04:35:34.786666
2848,11,294,367207.72,361212.26,,82.4,10941.03,6679.09,4261.93,,2026-05-24 04:35:34.786666
2849,11,295,369581.22,362154.26,,81.71,12000.17,7743.31,4256.86,,2026-05-24 04:35:34.786666
2850,11,296,371616.24,362957.31,,90.77,12508.59,8696.37,3812.22,,2026-05-24 04:35:34.790000
2851,11,297,374077.69,363675.32,,90.5,12996.97,9556.49,3440.48,,2026-05-24 04:35:34.790000
2852,11,298,376583.78,364380.15,,87.04,13057.68,10256.72,2800.96,,2026-05-24 04:35:34.790000
2853,11,299,379290.87,365137.43,,85.38,12943.68,10794.12,2149.57,,2026-05-24 04:35:34.790000
2854,11,300,382094.55,365952.96,,82.73,12755.76,11186.44,1569.31,,2026-05-24 04:35:34.790000
2855,11,301,384189.18,366616.51,,66.66,11788.53,11306.86,481.67,,2026-05-24 04:35:34.793333
2856,11,302,386348.87,367081.96,,56.73,10168.95,11079.28,-910.33,,2026-05-24 04:35:34.793333
2857,11,303,388128.28,367492.56,,55.4,8574.95,10578.41,-2003.46,,2026-05-24 04:35:34.793333
2858,11,304,389862.05,367868.07,,52.7,7502.99,9963.33,-2460.34,,2026-05-24 04:35:34.793333
2859,11,305,391058.07,368225.07,,37.44,6265.44,9223.75,-2958.31,,2026-05-24 04:35:34.796666
2860,11,306,392270.76,368787.34,,50.78,6062.44,8591.49,-2529.05,,2026-05-24 04:35:34.796666
2861,11,307,393302.01,369528.89,,54.04,6217.8,8116.75,-1898.95,,2026-05-24 04:35:34.796666
2862,11,308,394132.32,370231.27,,43.17,5957.58,7684.92,-1727.33,,2026-05-24 04:35:34.796666
2863,11,309,394846.2,370908.79,,38.14,5408.57,7229.65,-1821.08,,2026-05-24 04:35:34.800000
2864,11,310,395217.15,371695.07,,39.91,4931.47,6770.01,-1838.54,,2026-05-24 04:35:34.800000
2865,11,311,395217.28,372650.32,,41.81,4880.5,6392.11,-1511.61,,2026-05-24 04:35:34.800000
2866,11,312,395493.67,373719.69,,45.62,4963.86,6106.46,-1142.6,,2026-05-24 04:35:34.800000
2867,11,313,395597.28,374816.44,,43.65,4750.38,5835.24,-1084.86,,2026-05-24 04:35:34.800000
2868,11,314,395729.86,376063.23,,50.89,5293.75,5726.94,-433.19,,2026-05-24 04:35:34.800000
2869,11,315,395488.95,377129.64,,53.59,5265.04,5634.56,-369.53,,2026-05-24 04:35:34.803333
2870,11,316,395319.22,378094.02,,61.19,5111.47,5529.95,-418.47,,2026-05-24 04:35:34.803333
2871,11,317,395162.09,379122.63,,66.03,5185.59,5461.08,-275.48,,2026-05-24 04:35:34.803333
2872,11,318,394800.39,379996.77,,57.38,4684.38,5305.74,-621.35,,2026-05-24 04:35:34.803333
2873,11,319,394278.4,380757.0,,57.9,3969.83,5038.56,-1068.72,,2026-05-24 04:35:34.803333
2874,11,320,393755.76,381499.43,,49.72,3412.62,4713.37,-1300.75,,2026-05-24 04:35:34.806666
2875,11,321,393875.3,382323.35,,49.3,3287.08,4428.11,-1141.03,,2026-05-24 04:35:34.806666
2876,11,322,394085.47,382964.47,,46.19,2568.44,4056.18,-1487.74,,2026-05-24 04:35:34.806666
2877,11,323,394339.24,383492.46,,47.71,1836.47,3612.23,-1775.77,,2026-05-24 04:35:34.806666
2878,11,324,394641.81,384173.6,,51.63,1594.53,3208.69,-1614.16,,2026-05-24 04:35:34.810000
2879,11,325,395157.74,384893.49,,47.55,1415.04,2849.96,-1434.92,,2026-05-24 04:35:34.810000
2880,11,326,395399.41,385624.67,,50.2,1658.7,2611.71,-953.01,,2026-05-24 04:35:34.810000
2881,11,327,395449.96,386487.8,,53.76,1909.26,2471.22,-561.96,,2026-05-24 04:35:34.810000
2882,11,328,395864.9,387480.14,,47.65,2354.12,2447.8,-93.68,,2026-05-24 04:35:34.810000
2883,11,329,396274.3,388484.34,,49.06,2389.73,2436.19,-46.46,,2026-05-24 04:35:34.813333
2884,11,330,396477.98,389436.32,,45.99,2076.85,2364.32,-287.47,,2026-05-24 04:35:34.813333
2885,11,331,396436.18,390270.65,,42.07,1795.44,2250.54,-455.1,,2026-05-24 04:35:34.813333
2886,11,332,396396.99,391359.28,,51.62,1737.56,2147.95,-410.39,,2026-05-24 04:35:34.813333
2887,11,333,396579.77,392381.32,,57.99,1804.34,2079.22,-274.89,,2026-05-24 04:35:34.816666
2888,11,334,396680.95,393475.36,,64.54,2470.68,2157.52,313.17,,2026-05-24 04:35:34.816666
2889,11,335,397342.67,394557.97,,65.9,3464.78,2418.97,1045.81,,2026-05-24 04:35:34.816666
2890,11,336,398258.41,395520.95,,79.49,4538.35,2842.84,1695.5,,2026-05-24 04:35:34.816666
2891,11,337,398868.78,396256.41,,77.48,5093.25,3292.92,1800.32,,2026-05-24 04:35:34.820000
2892,11,338,399798.97,396992.01,,75.23,5480.0,3730.34,1749.66,,2026-05-24 04:35:34.820000
2893,11,339,401058.31,397814.89,,76.78,5977.24,4179.72,1797.52,,2026-05-24 04:35:34.820000
2894,11,340,402461.44,398566.44,,75.97,6575.95,4658.97,1916.98,,2026-05-24 04:35:34.820000
2895,11,341,403625.99,399066.93,,74.75,6939.38,5115.05,1824.33,,2026-05-24 04:35:34.820000
2896,11,342,405158.11,399633.97,,72.66,7148.62,5521.76,1626.86,,2026-05-24 04:35:34.820000
2897,11,343,406520.29,400084.62,,69.94,6820.32,5781.47,1038.84,,2026-05-24 04:35:34.823333
2898,11,344,407830.03,400422.52,,79.06,6754.17,5976.01,778.16,,2026-05-24 04:35:34.823333
2899,11,345,408909.54,400624.82,,71.92,6286.31,6038.07,248.24,,2026-05-24 04:35:34.823333
2900,11,346,409965.46,400964.35,,73.25,6210.87,6072.63,138.24,,2026-05-24 04:35:34.823333
2901,11,347,410913.75,401222.22,,70.5,5987.83,6055.67,-67.84,,2026-05-24 04:35:34.826666
2902,11,348,411802.39,401567.58,,66.39,5920.0,6028.54,-108.54,,2026-05-24 04:35:34.826666
2903,11,349,412786.07,401882.42,,57.6,5664.91,5955.81,-290.9,,2026-05-24 04:35:34.826666
2904,11,350,414016.16,402204.96,,53.57,5480.1,5860.67,-380.57,,2026-05-24 04:35:34.826666
2905,11,351,415134.28,402648.69,,54.45,5081.59,5704.85,-623.27,,2026-05-24 04:35:34.830000
2906,11,352,416214.19,403305.41,,56.31,4833.57,5530.6,-697.03,,2026-05-24 04:35:34.830000
2907,11,353,417643.26,404187.32,,62.25,5273.15,5479.11,-205.96,,2026-05-24 04:35:34.830000
2908,11,354,418871.11,405078.99,,62.68,5871.01,5557.49,313.52,,2026-05-24 04:35:34.830000
2909,11,355,419481.99,405927.54,,54.93,5788.35,5603.66,184.69,,2026-05-24 04:35:34.830000
2910,11,356,419856.99,406555.44,,54.26,5615.52,5606.03,9.48,,2026-05-24 04:35:34.830000
2911,11,357,420559.05,407159.23,,64.15,5703.41,5625.51,77.9,,2026-05-24 04:35:34.830000
2912,11,112,421581.58,407971.71,,66.51,6228.6,5746.13,482.48,,2026-05-24 04:35:34.833333
2913,11,113,422494.67,408874.28,,73.58,6651.17,5927.14,724.04,,2026-05-24 04:35:34.833333
2914,11,114,423088.44,409714.95,,65.85,6674.26,6076.56,597.7,,2026-05-24 04:35:34.833333
2915,11,115,424053.77,410601.52,,72.32,7178.37,6296.92,881.45,,2026-05-24 04:35:34.833333
2916,11,116,424974.16,411426.16,,69.75,7423.41,6522.22,901.19,,2026-05-24 04:35:34.833333
2917,11,117,426389.99,412401.7,,74.9,7910.47,6799.87,1110.6,,2026-05-24 04:35:34.836666
2918,11,118,427198.49,413009.97,,63.25,7501.76,6940.25,561.51,,2026-05-24 04:35:34.836666
2919,11,119,428703.85,413910.78,,70.96,7868.8,7125.96,742.84,,2026-05-24 04:35:34.836666
2920,11,120,430011.04,414841.08,,70.53,8113.27,7323.42,789.85,,2026-05-24 04:35:34.836666
2921,11,121,431238.19,415652.66,,62.92,7991.48,7457.03,534.45,,2026-05-24 04:35:34.836666
2922,11,122,432340.2,416583.51,,59.94,7780.51,7521.73,258.78,,2026-05-24 04:35:34.840000
2923,11,123,433672.84,417640.2,,69.14,7760.02,7569.39,190.63,,2026-05-24 04:35:34.840000
2924,11,124,435306.63,418825.31,,73.44,8215.62,7698.63,516.99,,2026-05-24 04:35:34.840000
2925,11,125,437338.03,420033.78,,74.3,8922.02,7943.31,978.71,,2026-05-24 04:35:34.840000
2926,11,126,439406.78,421433.93,,72.36,9555.5,8265.75,1289.75,,2026-05-24 04:35:34.840000
2927,11,127,441405.03,423013.63,,75.09,10519.44,8716.49,1802.95,,2026-05-24 04:35:34.840000
2928,11,128,443080.92,424454.63,,75.57,10954.02,9163.99,1790.03,,2026-05-24 04:35:34.843333
2929,11,129,445193.41,425941.81,,73.72,11382.08,9607.61,1774.47,,2026-05-24 04:35:34.843333
2930,11,93,447318.15,427322.94,,74.45,11565.17,9999.12,1566.05,,2026-05-24 04:35:34.843333
2931,11,74,449844.29,428916.96,,77.19,12504.53,10500.2,2004.33,,2026-05-24 04:35:34.843333
2932,11,53,451853.24,430367.04,,83.66,12794.19,10959.0,1835.19,,2026-05-24 04:35:34.843333
2933,11,54,453699.47,431844.34,,77.01,12697.77,11306.76,1391.02,,2026-05-24 04:35:34.846666
2934,11,3,455687.87,433398.91,,76.64,12472.18,11539.84,932.34,,2026-05-24 04:35:34.846666
2935,11,4,457397.96,434986.24,,81.58,12271.36,11686.14,585.21,,2026-05-24 04:35:34.846666
2936,11,5,458815.78,436393.68,,72.33,11439.76,11636.87,-197.11,,2026-05-24 04:35:34.846666
2937,11,6,460364.19,437915.47,,74.35,11245.86,11558.67,-312.8,,2026-05-24 04:35:34.846666
2938,11,7,462325.55,439267.81,,70.33,10924.47,11431.83,-507.35,,2026-05-24 04:35:34.850000
2939,11,10,463327.23,440304.6,,56.03,9789.8,11103.42,-1313.62,,2026-05-24 04:35:34.850000
2940,11,11,463424.96,440907.7,,41.33,7393.65,10361.47,-2967.82,,2026-05-24 04:35:34.850000
2941,11,12,463805.42,441627.31,,37.64,5662.25,9421.62,-3759.37,,2026-05-24 04:35:34.850000
2942,11,13,464057.48,442286.91,,37.45,4011.91,8339.68,-4327.77,,2026-05-24 04:35:34.850000
2943,11,14,462845.38,442355.02,,25.07,570.65,6785.87,-6215.23,,2026-05-24 04:35:34.850000
2944,11,17,461590.64,442476.99,,29.81,-1639.95,5100.71,-6740.66,,2026-05-24 04:35:34.850000
2945,11,18,460399.69,442743.26,,26.23,-2808.35,3518.9,-6327.25,,2026-05-24 04:35:34.853333
2946,11,19,458852.38,442911.64,,25.95,-4078.61,1999.4,-6078.0,,2026-05-24 04:35:34.853333
2947,11,20,456482.02,442998.32,,24.17,-5763.95,446.73,-6210.68,,2026-05-24 04:35:34.853333
2948,11,21,453921.04,442891.04,,22.78,-7523.58,-1147.33,-6376.24,,2026-05-24 04:35:34.853333
2949,11,24,451548.73,442997.49,,26.15,-8303.04,-2578.47,-5724.56,,2026-05-24 04:35:34.853333
2950,11,25,449211.32,443021.28,,28.07,-8786.01,-3819.98,-4966.03,,2026-05-24 04:35:34.853333
2951,11,26,446220.59,443039.7,,22.44,-9178.89,-4891.76,-4287.13,,2026-05-24 04:35:34.856666
2952,11,27,443168.51,442913.5,,21.48,-9783.79,-5870.17,-3913.62,,2026-05-24 04:35:34.856666
2953,11,28,440089.84,442765.85,,22.94,-10366.19,-6769.37,-3596.82,,2026-05-24 04:35:34.856666
2954,11,358,436964.78,442578.36,,27.52,-10783.73,-7572.24,-3211.48,,2026-05-24 04:35:34.856666
2955,11,359,433760.17,442436.59,,24.87,-10996.82,-8257.16,-2739.66,,2026-05-24 04:35:34.856666
2956,11,360,431621.94,442556.78,,37.65,-9871.53,-8580.03,-1291.5,,2026-05-24 04:35:34.860000
2957,11,361,429184.29,442531.88,,53.84,-8767.08,-8617.44,-149.64,,2026-05-24 04:35:34.860000
2958,11,362,426375.19,442269.43,,43.42,-8435.82,-8581.12,145.3,,2026-05-24 04:35:34.860000
2959,11,363,423541.33,441928.34,,31.95,-8878.01,-8640.5,-237.51,,2026-05-24 04:35:34.860000
2960,11,364,421785.85,441679.25,,38.05,-8798.4,-8672.08,-126.33,,2026-05-24 04:35:34.860000
2961,11,365,420473.86,441593.24,,52.78,-7698.01,-8477.26,779.26,,2026-05-24 04:35:34.860000
2962,11,366,419225.47,441344.47,,56.42,-6876.0,-8157.01,1281.01,,2026-05-24 04:35:34.860000
2963,11,367,419254.61,441059.0,,51.24,-6217.91,-7769.19,1551.28,,2026-05-24 04:35:34.863333
2964,11,368,419924.13,441211.26,,62.34,-4117.73,-7038.9,2921.17,,2026-05-24 04:35:34.863333
2965,11,369,419692.51,440998.75,,55.68,-3318.22,-6294.76,2976.54,,2026-05-24 04:35:34.863333
2966,11,370,419941.78,440898.68,,61.08,-2273.62,-5490.54,3216.91,,2026-05-24 04:35:34.863333
2967,11,371,420289.04,440557.94,,58.19,-2009.57,-4794.34,2784.78,,2026-05-24 04:35:34.863333
2968,11,372,421181.33,440484.17,,60.71,-1415.11,-4118.49,2703.39,,2026-05-24 04:35:34.866666
2969,11,373,421939.58,440291.78,,62.21,-633.65,-3421.53,2787.87,,2026-05-24 04:35:34.866666
2970,11,374,422513.96,440022.45,,53.94,-274.44,-2792.11,2517.67,,2026-05-24 04:35:34.866666
2971,11,375,423689.57,440020.25,,58.15,854.72,-2062.74,2917.46,,2026-05-24 04:35:34.866666
2972,11,376,424824.12,439907.06,,59.39,1262.48,-1397.7,2660.18,,2026-05-24 04:35:34.866666
2973,11,377,426170.06,439764.74,,66.65,1684.82,-781.2,2466.01,,2026-05-24 04:35:34.870000
2974,11,378,427679.12,439527.35,,65.97,2177.41,-189.48,2366.88,,2026-05-24 04:35:34.870000
2975,11,379,429277.13,439212.23,,61.57,2671.57,382.73,2288.84,,2026-05-24 04:35:34.870000
2976,11,380,430044.13,438811.72,,61.27,2869.4,880.07,1989.34,,2026-05-24 04:35:34.870000
2977,11,381,431213.34,438455.21,,66.03,3743.7,1452.79,2290.91,,2026-05-24 04:35:34.870000
2978,11,382,432410.59,438001.3,,51.03,3796.82,1921.6,1875.22,,2026-05-24 04:35:34.870000
2979,11,383,433628.19,437302.25,,52.13,3029.77,2143.23,886.54,,2026-05-24 04:35:34.870000
2980,11,384,434479.29,436543.7,,46.63,2134.42,2141.47,-7.05,,2026-05-24 04:35:34.873333
2981,11,385,434776.8,435566.24,,52.34,1463.16,2005.81,-542.65,,2026-05-24 04:35:34.873333
2982,11,386,435576.25,434833.67,,54.99,1593.53,1923.35,-329.82,,2026-05-24 04:35:34.873333
2983,11,387,436528.64,434190.67,,53.99,1857.21,1910.13,-52.91,,2026-05-24 04:35:34.873333
2984,11,388,436250.62,433436.36,,52.18,1593.34,1846.77,-253.43,,2026-05-24 04:35:34.873333
2985,11,389,436447.1,432618.41,,42.52,1232.61,1723.94,-491.33,,2026-05-24 04:35:34.876666
2986,11,390,436440.65,431948.63,,47.65,992.57,1577.66,-585.1,,2026-05-24 04:35:34.876666
2987,11,391,436308.14,430935.52,,39.26,11.79,1264.49,-1252.7,,2026-05-24 04:35:34.876666
2988,11,392,436410.0,430117.95,,45.18,-18.15,1007.96,-1026.11,,2026-05-24 04:35:34.876666
2989,11,393,436078.24,429392.18,,41.0,-433.64,719.64,-1153.28,,2026-05-24 04:35:34.876666
2990,11,394,436184.6,429126.31,,46.17,-315.48,512.61,-828.1,,2026-05-24 04:35:34.876666
2991,11,395,435563.19,428723.36,,36.72,-535.84,302.92,-838.77,,2026-05-24 04:35:34.876666
2992,11,396,435393.23,428441.36,,43.57,-449.27,152.48,-601.75,,2026-05-24 04:35:34.880000
2993,11,397,435341.64,428763.24,,53.63,-70.24,107.94,-178.18,,2026-05-24 04:35:34.880000
2994,11,398,435347.91,429030.26,,58.9,500.75,186.5,314.25,,2026-05-24 04:35:34.880000
2995,12,191,,,,,0.0,0.0,0.0,,2026-05-24 04:35:35.140000
2996,12,192,,,,,94.93,18.99,75.94,,2026-05-24 04:35:35.140000
2997,12,193,,,,,68.27,28.84,39.42,,2026-05-24 04:35:35.140000
2998,12,194,,,,,98.05,42.68,55.37,,2026-05-24 04:35:35.143333
2999,12,195,,,,,70.97,48.34,22.63,,2026-05-24 04:35:35.146666
3000,12,196,,,,,70.09,52.69,17.4,,2026-05-24 04:35:35.150000
3001,12,197,,,,,18.58,45.87,-27.29,,2026-05-24 04:35:35.150000
3002,12,198,,,,,186.13,73.92,112.21,,2026-05-24 04:35:35.150000
3003,12,199,,,,,446.44,148.42,298.01,,2026-05-24 04:35:35.153333
3004,12,200,,,,,610.51,240.84,369.67,,2026-05-24 04:35:35.153333
3005,12,201,,,,,805.73,353.82,451.91,,2026-05-24 04:35:35.156666
3006,12,202,,,,,916.55,466.36,450.18,,2026-05-24 04:35:35.156666
3007,12,203,,,,,1047.17,582.53,464.65,,2026-05-24 04:35:35.160000
3008,12,204,,,,72.69,1213.44,708.71,504.73,,2026-05-24 04:35:35.163333
3009,12,205,,,,62.05,1162.36,799.44,362.92,,2026-05-24 04:35:35.163333
3010,12,206,,,,60.21,1150.9,869.73,281.17,,2026-05-24 04:35:35.163333
3011,12,207,,,,67.76,1174.51,930.69,243.82,,2026-05-24 04:35:35.166666
3012,12,208,,,,58.85,1058.61,956.27,102.34,,2026-05-24 04:35:35.166666
3013,12,209,,,,62.36,977.12,960.44,16.68,,2026-05-24 04:35:35.170000
3014,12,210,94743.74,,,68.67,1140.81,996.51,144.3,,2026-05-24 04:35:35.170000
3015,12,211,95106.74,,,73.08,1332.65,1063.74,268.91,,2026-05-24 04:35:35.173333
3016,12,212,95401.39,,,67.21,1453.64,1141.72,311.92,,2026-05-24 04:35:35.173333
3017,12,213,95764.69,,,63.25,1541.44,1221.66,319.77,,2026-05-24 04:35:35.176666
3018,12,214,96076.99,,,63.56,1562.75,1289.88,272.87,,2026-05-24 04:35:35.176666
3019,12,215,96434.84,,,61.63,1585.0,1348.91,236.1,,2026-05-24 04:35:35.180000
3020,12,216,96696.89,,,55.85,1452.68,1369.66,83.02,,2026-05-24 04:35:35.180000
3021,12,217,96931.49,,,48.85,1238.64,1343.45,-104.82,,2026-05-24 04:35:35.180000
3022,12,218,97035.94,,,45.05,1057.3,1286.22,-228.92,,2026-05-24 04:35:35.183333
3023,12,219,97049.59,,,53.09,889.46,1206.87,-317.41,,2026-05-24 04:35:35.183333
3024,12,220,97211.49,,,60.43,949.57,1155.41,-205.84,,2026-05-24 04:35:35.186666
3025,12,221,97387.99,,,62.32,1082.77,1140.88,-58.12,,2026-05-24 04:35:35.186666
3026,12,222,97531.69,,,64.47,1089.51,1130.61,-41.1,,2026-05-24 04:35:35.186666
3027,12,223,97663.59,,,64.94,1117.79,1128.04,-10.25,,2026-05-24 04:35:35.190000
3028,12,224,97813.59,,,59.83,1231.95,1148.82,83.13,,2026-05-24 04:35:35.190000
3029,12,225,97998.59,,,49.58,1195.67,1158.19,37.48,,2026-05-24 04:35:35.190000
3030,12,226,98257.34,,,57.54,1313.09,1189.17,123.92,,2026-05-24 04:35:35.193333
3031,12,227,98437.49,,,53.27,1310.42,1213.42,97.0,,2026-05-24 04:35:35.193333
3032,12,228,98727.64,,,56.74,1347.89,1240.32,107.57,,2026-05-24 04:35:35.196666
3033,12,229,99095.54,,,60.76,1507.3,1293.71,213.59,,2026-05-24 04:35:35.196666
3034,12,230,99348.54,,,68.97,1670.39,1369.05,301.34,,2026-05-24 04:35:35.200000
3035,12,231,99522.94,,,71.57,1730.3,1441.3,289.0,,2026-05-24 04:35:35.200000
3036,12,232,99897.79,,,77.36,2063.21,1565.68,497.53,,2026-05-24 04:35:35.200000
3037,12,233,100311.69,,,79.09,2372.4,1727.02,645.37,,2026-05-24 04:35:35.200000
3038,12,234,100748.28,,,76.09,2593.91,1900.4,693.51,,2026-05-24 04:35:35.203333
3039,12,235,101067.83,,,65.76,2574.52,2035.22,539.29,,2026-05-24 04:35:35.203333
3040,12,236,101478.78,,,70.25,2544.11,2137.0,407.11,,2026-05-24 04:35:35.206666
3041,12,237,101892.13,,,65.02,2401.31,2189.86,211.45,,2026-05-24 04:35:35.206666
3042,12,238,102283.23,,,60.59,2227.05,2197.3,29.75,,2026-05-24 04:35:35.210000
3043,12,239,102502.73,,,53.57,1777.64,2113.37,-335.73,,2026-05-24 04:35:35.210000
3044,12,240,102722.73,98601.44,,54.85,1607.82,2012.26,-404.44,,2026-05-24 04:35:35.210000
3045,12,241,102883.13,98823.04,,57.86,1458.28,1901.46,-443.18,,2026-05-24 04:35:35.210000
3046,12,242,103158.03,99045.26,,59.04,1421.9,1805.55,-383.65,,2026-05-24 04:35:35.210000
3047,12,243,103425.88,99298.6,,55.51,1401.37,1724.71,-323.34,,2026-05-24 04:35:35.210000
3048,12,244,103608.38,99531.16,,52.46,1337.88,1647.35,-309.46,,2026-05-24 04:35:35.213333
3049,12,245,103855.88,99774.08,,54.06,1264.92,1570.86,-305.94,,2026-05-24 04:35:35.213333
3050,12,246,103995.28,100008.44,,39.96,1180.34,1492.76,-312.42,,2026-05-24 04:35:35.213333
3051,12,247,104389.13,100337.13,,51.7,1426.88,1479.58,-52.7,,2026-05-24 04:35:35.213333
3052,12,248,104768.53,100621.53,,52.62,1635.22,1510.71,124.51,,2026-05-24 04:35:35.216666
3053,12,249,105068.23,100877.63,,60.63,1798.07,1568.18,229.89,,2026-05-24 04:35:35.216666
3054,12,250,105332.08,101141.99,,60.06,1903.34,1635.21,268.13,,2026-05-24 04:35:35.216666
3055,12,251,105615.48,101383.47,,64.03,1946.5,1697.47,249.03,,2026-05-24 04:35:35.216666
3056,12,252,105683.48,101623.69,,63.85,1920.15,1742.01,178.15,,2026-05-24 04:35:35.216666
3057,12,253,105703.03,101848.95,,85.89,1872.21,1768.05,104.16,,2026-05-24 04:35:35.220000
3058,12,254,105806.13,102090.19,,84.72,1952.91,1805.02,147.89,,2026-05-24 04:35:35.220000
3059,12,255,106067.13,102395.63,,86.29,2082.43,1860.5,221.93,,2026-05-24 04:35:35.220000
3060,12,256,106317.02,102689.69,,84.09,2156.58,1919.72,236.86,,2026-05-24 04:35:35.220000
3061,12,257,106491.12,102919.41,,64.69,1979.19,1931.61,47.57,,2026-05-24 04:35:35.220000
3062,12,258,106675.77,103174.91,,65.62,1799.46,1905.18,-105.72,,2026-05-24 04:35:35.220000
3063,12,259,107108.92,103452.37,,69.8,1747.11,1873.57,-126.46,,2026-05-24 04:35:35.220000
3064,12,260,107362.02,103648.75,,65.22,1601.46,1819.15,-217.68,,2026-05-24 04:35:35.223333
3065,12,261,107509.57,103784.17,,41.43,1302.54,1715.82,-413.28,,2026-05-24 04:35:35.223333
3066,12,262,107654.77,103946.61,,45.09,1147.15,1602.09,-454.94,,2026-05-24 04:35:35.223333
3067,12,263,107808.57,104116.15,,46.15,1050.23,1491.72,-441.49,,2026-05-24 04:35:35.223333
3068,12,264,107994.62,104298.21,,47.28,982.34,1389.84,-407.5,,2026-05-24 04:35:35.223333
3069,12,265,108222.12,104488.99,,50.91,976.11,1307.1,-330.98,,2026-05-24 04:35:35.226666
3070,12,266,108505.42,104731.85,,56.0,1036.14,1252.9,-216.77,,2026-05-24 04:35:35.226666
3071,12,267,108568.22,104991.83,,55.01,1045.83,1211.49,-165.66,,2026-05-24 04:35:35.226666
3072,12,268,108673.12,105276.41,,53.31,1140.1,1197.21,-57.11,,2026-05-24 04:35:35.226666
3073,12,269,108803.37,105579.15,,52.0,1259.67,1209.7,49.97,,2026-05-24 04:35:35.226666
3074,12,270,108991.37,105853.94,,55.94,1429.31,1253.62,175.68,,2026-05-24 04:35:35.226666
3075,12,271,109182.87,106101.42,,67.66,1533.88,1309.67,224.2,,2026-05-24 04:35:35.230000
3076,12,272,109546.37,106429.56,,75.26,1834.77,1414.69,420.08,,2026-05-24 04:35:35.230000
3077,12,273,109934.91,106757.48,,73.58,2084.14,1548.58,535.56,,2026-05-24 04:35:35.230000
3078,12,274,110246.81,107063.48,,80.1,2273.08,1693.48,579.6,,2026-05-24 04:35:35.230000
3079,12,275,110539.91,107412.16,,95.91,2453.76,1845.54,608.22,,2026-05-24 04:35:35.230000
3080,12,276,110797.56,107705.78,,88.95,2507.2,1977.87,529.33,,2026-05-24 04:35:35.230000
3081,12,277,111278.26,108055.72,,90.14,2665.45,2115.39,550.06,,2026-05-24 04:35:35.230000
3082,12,278,111788.21,108399.14,,90.23,2787.53,2249.82,537.72,,2026-05-24 04:35:35.233333
3083,12,279,112369.01,108761.76,,91.6,3073.42,2414.54,658.89,,2026-05-24 04:35:35.233333
3084,12,280,113014.61,109115.18,,91.17,3281.05,2587.84,693.21,,2026-05-24 04:35:35.233333
3085,12,281,113812.26,109499.9,,93.76,3482.36,2766.74,715.61,,2026-05-24 04:35:35.233333
3086,12,282,114626.41,109838.06,,93.87,3720.37,2957.47,762.9,,2026-05-24 04:35:35.233333
3087,12,283,115506.21,110193.96,,94.28,4007.08,3167.39,839.69,,2026-05-24 04:35:35.236666
3088,12,284,116302.65,110519.96,,85.59,4073.09,3348.53,724.56,,2026-05-24 04:35:35.236666
3089,12,285,117028.55,110873.28,,82.86,4023.98,3483.62,540.36,,2026-05-24 04:35:35.236666
3090,12,286,117743.2,111237.61,,80.19,3997.72,3586.44,411.28,,2026-05-24 04:35:35.236666
3091,12,287,118415.3,111601.09,,73.42,3838.18,3636.79,201.39,,2026-05-24 04:35:35.236666
3092,12,288,118929.1,111934.75,,64.67,3515.48,3612.53,-97.04,,2026-05-24 04:35:35.240000
3093,12,289,119308.0,112301.25,,56.22,3066.08,3503.24,-437.16,,2026-05-24 04:35:35.240000
3094,12,290,119584.6,112598.69,,55.73,2606.14,3323.82,-717.68,,2026-05-24 04:35:35.240000
3095,12,291,119922.75,112917.27,,53.86,2302.23,3119.5,-817.27,,2026-05-24 04:35:35.240000
3096,12,292,120064.0,113191.95,,50.06,1960.2,2887.64,-927.44,,2026-05-24 04:35:35.240000
3097,12,293,120122.55,113436.15,,37.97,1572.48,2624.61,-1052.13,,2026-05-24 04:35:35.240000
3098,12,294,120208.8,113703.65,,39.92,1312.3,2362.15,-1049.85,,2026-05-24 04:35:35.240000
3099,12,295,120315.55,113996.03,,40.58,1184.76,2126.67,-941.91,,2026-05-24 04:35:35.243333
3100,12,296,120427.85,114278.81,,33.55,1020.03,1905.34,-885.31,,2026-05-24 04:35:35.243333
3101,12,297,120486.95,114494.85,,29.09,939.42,1712.16,-772.73,,2026-05-24 04:35:35.243333
3102,12,298,120536.75,114706.43,,32.85,879.2,1545.57,-666.36,,2026-05-24 04:35:35.243333
3103,12,299,120654.65,114996.33,,49.93,1152.66,1466.98,-314.33,,2026-05-24 04:35:35.243333
3104,12,300,120658.55,115245.77,,42.61,1190.55,1411.7,-221.15,,2026-05-24 04:35:35.243333
3105,12,301,120634.85,115507.65,,46.63,1238.66,1377.09,-138.43,,2026-05-24 04:35:35.246666
3106,12,302,120535.06,115778.69,,52.12,1260.82,1353.84,-93.02,,2026-05-24 04:35:35.246666
3107,12,303,120251.27,116013.25,,52.34,1112.88,1305.65,-192.76,,2026-05-24 04:35:35.246666
3108,12,304,120038.53,116212.92,,55.49,984.69,1241.46,-256.76,,2026-05-24 04:35:35.246666
3109,12,305,119880.89,116398.78,,53.48,906.54,1174.47,-267.93,,2026-05-24 04:35:35.246666
3110,12,306,119693.6,116588.24,,57.72,845.75,1108.73,-262.98,,2026-05-24 04:35:35.250000
3111,12,307,119667.41,116871.61,,68.49,952.1,1077.4,-125.3,,2026-05-24 04:35:35.250000
3112,12,308,119554.62,117086.29,,52.76,732.45,1008.41,-275.97,,2026-05-24 04:35:35.250000
3113,12,309,119731.93,117350.46,,59.07,858.33,978.4,-120.07,,2026-05-24 04:35:35.250000
3114,12,310,119890.99,117610.28,,57.26,845.14,951.75,-106.6,,2026-05-24 04:35:35.250000
3115,12,311,120037.55,117928.46,,57.42,891.4,939.68,-48.28,,2026-05-24 04:35:35.250000
3116,12,312,120338.36,118265.39,,61.04,1085.87,968.91,116.96,,2026-05-24 04:35:35.250000
3117,12,313,120510.67,118516.99,,43.56,923.45,959.82,-36.37,,2026-05-24 04:35:35.253333
3118,12,314,120565.93,118732.17,,44.5,660.43,899.94,-239.51,,2026-05-24 04:35:35.253333
3119,12,315,120471.19,118895.66,,40.03,298.78,779.71,-480.93,,2026-05-24 04:35:35.253333
3120,12,316,120375.45,119026.82,,38.96,-40.86,615.59,-656.46,,2026-05-24 04:35:35.253333
3121,12,317,120193.96,119145.14,,40.53,-383.24,415.83,-799.07,,2026-05-24 04:35:35.253333
3122,12,318,119908.22,119200.47,,37.42,-799.8,172.7,-972.5,,2026-05-24 04:35:35.253333
3123,12,319,119304.78,119196.89,,33.37,-1293.26,-120.49,-1172.77,,2026-05-24 04:35:35.256666
3124,12,320,118746.59,119147.86,,31.68,-1756.16,-447.63,-1308.54,,2026-05-24 04:35:35.256666
3125,12,321,118156.1,119096.94,,26.01,-2118.37,-781.77,-1336.59,,2026-05-24 04:35:35.256666
3126,12,322,117453.1,118941.38,,27.48,-2558.93,-1137.2,-1421.72,,2026-05-24 04:35:35.256666
3127,12,323,116785.25,118753.39,,13.35,-2969.78,-1503.72,-1466.06,,2026-05-24 04:35:35.256666
3128,12,324,116149.9,118574.15,,16.8,-3205.58,-1844.09,-1361.49,,2026-05-24 04:35:35.260000
3129,12,325,115370.7,118331.1,,12.01,-3549.79,-2185.23,-1364.56,,2026-05-24 04:35:35.260000
3130,12,326,114534.75,118083.12,,2.99,-3858.79,-2519.94,-1338.85,,2026-05-24 04:35:35.260000
3131,12,327,113609.85,117804.24,,5.04,-4035.22,-2823.0,-1212.22,,2026-05-24 04:35:35.260000
3132,12,328,112847.55,117510.03,,5.38,-4160.16,-3090.43,-1069.73,,2026-05-24 04:35:35.260000
3133,12,329,111838.15,117138.11,,5.62,-4298.55,-3332.05,-966.5,,2026-05-24 04:35:35.260000
3134,12,330,110870.45,116752.62,,5.7,-4393.49,-3544.34,-849.15,,2026-05-24 04:35:35.260000
3135,12,331,109887.4,116358.52,,9.16,-4376.08,-3710.69,-665.39,,2026-05-24 04:35:35.263333
3136,12,332,108915.95,115981.2,,23.33,-4125.66,-3793.68,-331.98,,2026-05-24 04:35:35.263333
3137,12,333,108211.6,115599.15,,34.25,-3758.73,-3786.69,27.96,,2026-05-24 04:35:35.263333
3138,12,334,107480.1,115203.15,,32.25,-3596.97,-3748.75,151.78,,2026-05-24 04:35:35.263333
3139,12,335,106774.5,114794.04,,30.25,-3535.97,-3706.19,170.22,,2026-05-24 04:35:35.263333
3140,12,336,106080.05,114361.56,,33.74,-3482.99,-3661.55,178.56,,2026-05-24 04:35:35.266666
3141,12,337,105584.8,114012.94,,47.34,-3160.72,-3561.39,400.67,,2026-05-24 04:35:35.266666
3142,12,338,105109.45,113672.61,,41.61,-2993.14,-3447.74,454.6,,2026-05-24 04:35:35.266666
3143,12,339,104725.15,113363.75,,46.84,-2858.69,-3329.93,471.24,,2026-05-24 04:35:35.266666
3144,12,340,104410.9,113078.38,,50.7,-2700.03,-3203.95,503.92,,2026-05-24 04:35:35.266666
3145,12,341,104110.85,112772.18,,49.95,-2541.84,-3071.53,529.68,,2026-05-24 04:35:35.270000
3146,12,342,103927.75,112486.88,,51.54,-2383.28,-2933.88,550.6,,2026-05-24 04:35:35.270000
3147,12,343,103731.2,112196.85,,50.36,-2348.19,-2816.74,468.55,,2026-05-24 04:35:35.270000
3148,12,344,103634.3,111944.35,,59.05,-2082.71,-2669.93,587.22,,2026-05-24 04:35:35.270000
3149,12,345,103617.05,111651.7,,55.03,-1919.9,-2519.93,600.03,,2026-05-24 04:35:35.270000
3150,12,346,103717.1,111398.82,,52.4,-1663.08,-2348.56,685.47,,2026-05-24 04:35:35.270000
3151,12,347,103795.05,111127.48,,47.13,-1456.49,-2170.14,713.66,,2026-05-24 04:35:35.270000
3152,12,348,103798.45,110814.71,,47.77,-1429.67,-2022.05,592.38,,2026-05-24 04:35:35.273333
3153,12,349,103811.15,110400.71,,49.11,-1465.44,-1910.73,445.29,,2026-05-24 04:35:35.273333
3154,12,350,103971.2,110077.68,,57.82,-1277.18,-1784.02,506.84,,2026-05-24 04:35:35.273333
3155,12,351,104175.85,109774.92,,53.45,-1002.24,-1627.66,625.42,,2026-05-24 04:35:35.273333
3156,12,352,104219.0,109454.78,,55.71,-846.18,-1471.37,625.19,,2026-05-24 04:35:35.273333
3157,12,353,103979.35,109090.38,,44.56,-1041.72,-1385.44,343.71,,2026-05-24 04:35:35.276666
3158,12,354,103845.35,108725.88,,43.78,-1183.06,-1344.96,161.9,,2026-05-24 04:35:35.276666
3159,12,355,103709.6,108325.52,,40.61,-1389.83,-1353.94,-35.9,,2026-05-24 04:35:35.276666
3160,12,356,103516.1,107890.56,,37.35,-1663.24,-1415.8,-247.44,,2026-05-24 04:35:35.276666
3161,12,357,103108.9,107389.54,,37.72,-1958.36,-1524.31,-434.05,,2026-05-24 04:35:35.276666
3162,12,112,102752.5,106951.76,,27.96,-2207.15,-1660.88,-546.28,,2026-05-24 04:35:35.280000
3163,12,113,102365.05,106417.0,,27.74,-2457.41,-1820.18,-637.23,,2026-05-24 04:35:35.280000
3164,12,114,101914.4,105887.74,,21.03,-2705.57,-1997.26,-708.31,,2026-05-24 04:35:35.280000
3165,12,115,101535.2,105371.24,,27.02,-2752.06,-2148.22,-603.84,,2026-05-24 04:35:35.280000
3166,12,116,101139.7,104807.42,,29.46,-2777.46,-2274.07,-503.39,,2026-05-24 04:35:35.280000
3167,12,117,100753.55,104294.0,,28.9,-2867.1,-2392.68,-474.43,,2026-05-24 04:35:35.280000
3168,12,118,100154.4,103779.74,,16.25,-3033.25,-2520.79,-512.46,,2026-05-24 04:35:35.280000
3169,12,119,99532.6,103276.26,,8.32,-3233.92,-2663.42,-570.5,,2026-05-24 04:35:35.283333
3170,12,120,98761.05,102753.06,,7.97,-3485.83,-2827.9,-657.93,,2026-05-24 04:35:35.283333
3171,12,121,97790.45,102166.08,,7.95,-3974.6,-3057.24,-917.36,,2026-05-24 04:35:35.283333
3172,12,122,96969.65,101639.28,,13.11,-4224.9,-3290.77,-934.13,,2026-05-24 04:35:35.283333
3173,12,123,96225.5,101169.0,,16.92,-4323.63,-3497.34,-826.29,,2026-05-24 04:35:35.283333
3174,12,124,95350.65,100719.3,,18.37,-4360.65,-3670.0,-690.65,,2026-05-24 04:35:35.286666
3175,12,125,94275.65,100222.74,,17.05,-4546.41,-3845.29,-701.13,,2026-05-24 04:35:35.286666
3176,12,126,93181.05,99745.96,,16.37,-4742.17,-4024.66,-717.5,,2026-05-24 04:35:35.286666
3177,12,127,92226.95,99267.06,,16.13,-4944.8,-4208.69,-736.11,,2026-05-24 04:35:35.286666
3178,12,128,91195.95,98744.3,,15.71,-5169.9,-4400.93,-768.97,,2026-05-24 04:35:35.286666
3179,12,129,90254.7,98279.12,,11.11,-5253.67,-4571.48,-682.19,,2026-05-24 04:35:35.290000
3180,12,93,89407.1,97839.5,,12.55,-5237.26,-4704.64,-532.63,,2026-05-24 04:35:35.290000
3181,12,74,88758.35,97448.94,,24.84,-4947.34,-4753.18,-194.17,,2026-05-24 04:35:35.290000
3182,12,53,88118.5,97060.14,,26.5,-4689.51,-4740.44,50.94,,2026-05-24 04:35:35.290000
3183,12,54,87477.95,96672.92,,26.9,-4515.66,-4695.49,179.83,,2026-05-24 04:35:35.290000
3184,12,3,86942.0,96316.36,,33.59,-4241.21,-4604.63,363.43,,2026-05-24 04:35:35.290000
3185,12,4,86283.45,95929.66,,40.51,-4056.34,-4494.97,438.63,,2026-05-24 04:35:35.290000
3186,12,5,85663.45,95506.42,,38.18,-3824.11,-4360.8,536.69,,2026-05-24 04:35:35.293333
3187,12,6,85049.55,95029.18,,32.83,-3690.25,-4226.69,536.44,,2026-05-24 04:35:35.293333
3188,12,7,84508.7,94591.18,,32.75,-3555.36,-4092.42,537.07,,2026-05-24 04:35:35.293333
3189,12,10,83921.7,94135.14,,33.5,-3587.85,-3991.51,403.66,,2026-05-24 04:35:35.293333
3190,12,11,83354.2,93662.72,,33.55,-3672.85,-3927.78,254.93,,2026-05-24 04:35:35.293333
3191,12,12,83030.2,93144.24,,39.88,-3640.23,-3870.27,230.03,,2026-05-24 04:35:35.293333
3192,12,13,82726.5,92686.1,,50.42,-3453.46,-3786.91,333.45,,2026-05-24 04:35:35.296666
3193,12,14,82393.55,92236.36,,49.04,-3265.22,-3682.57,417.35,,2026-05-24 04:35:35.296666
3194,12,17,82086.4,91789.5,,49.49,-3048.29,-3555.71,507.42,,2026-05-24 04:35:35.296666
3195,12,18,82263.4,91483.76,,61.43,-2277.62,-3300.09,1022.47,,2026-05-24 04:35:35.296666
3196,12,19,82445.75,91153.16,,58.73,-1741.35,-2988.35,1246.99,,2026-05-24 04:35:35.296666
3197,12,20,82727.7,90865.66,,63.41,-1245.75,-2639.83,1394.07,,2026-05-24 04:35:35.296666
3198,12,21,83207.1,90573.42,,65.79,-650.94,-2242.05,1591.11,,2026-05-24 04:35:35.300000
3199,12,24,83656.0,90294.7,,68.47,-192.49,-1832.14,1639.65,,2026-05-24 04:35:35.300000
3200,12,25,84073.15,89981.92,,66.37,140.4,-1437.63,1578.03,,2026-05-24 04:35:35.300000
3201,12,26,84025.3,89541.04,,51.85,-124.88,-1175.08,1050.2,,2026-05-24 04:35:35.300000
3202,12,27,83818.1,89068.0,,45.67,-611.22,-1062.31,451.08,,2026-05-24 04:35:35.300000
3203,12,28,83678.75,88619.96,,50.25,-958.65,-1041.58,82.93,,2026-05-24 04:35:35.300000
3204,12,358,83489.35,88123.62,,52.95,-1212.99,-1075.86,-137.13,,2026-05-24 04:35:35.300000
3205,12,359,83257.65,87562.38,,47.96,-1544.41,-1169.57,-374.84,,2026-05-24 04:35:35.300000
3206,12,360,83134.1,87072.46,,50.2,-1572.77,-1250.21,-322.56,,2026-05-24 04:35:35.303333
3207,12,361,82964.2,86623.12,,46.6,-1742.67,-1348.7,-393.97,,2026-05-24 04:35:35.303333
3208,12,362,82680.35,86125.18,,42.31,-2049.77,-1488.91,-560.85,,2026-05-24 04:35:35.303333
3209,12,363,82497.85,85650.44,,25.28,-2284.0,-1647.93,-636.07,,2026-05-24 04:35:35.303333
3210,12,364,82406.05,85218.7,,28.25,-2397.22,-1797.79,-599.43,,2026-05-24 04:35:35.303333
3211,12,365,82382.8,84853.8,,32.19,-2291.88,-1896.61,-395.27,,2026-05-24 04:35:35.303333
3212,12,366,82243.0,84482.3,,24.19,-2249.44,-1967.17,-282.27,,2026-05-24 04:35:35.303333
3213,12,367,82080.45,84122.52,,23.95,-2224.3,-2018.6,-205.7,,2026-05-24 04:35:35.306666
3214,12,368,82053.0,83844.94,,33.1,-1931.48,-2001.18,69.69,,2026-05-24 04:35:35.306666
3215,12,369,81627.65,83520.74,,42.1,-1748.9,-1950.72,201.82,,2026-05-24 04:35:35.306666
3216,12,370,81266.15,83203.74,,50.83,-1577.54,-1876.08,298.54,,2026-05-24 04:35:35.306666
3217,12,371,80879.3,82915.96,,50.42,-1410.15,-1782.9,372.74,,2026-05-24 04:35:35.306666
3218,12,372,80434.75,82685.56,,53.53,-1162.67,-1658.85,496.19,,2026-05-24 04:35:35.306666
3219,12,373,80015.6,82487.9,,60.12,-929.99,-1513.08,583.09,,2026-05-24 04:35:35.310000
3220,12,374,79642.15,82334.36,,54.48,-692.66,-1349.0,656.34,,2026-05-24 04:35:35.310000
3221,12,375,79740.75,82321.16,,69.89,-270.2,-1133.24,863.04,,2026-05-24 04:35:35.310000
3222,12,376,79977.8,82271.26,,78.26,4.84,-905.62,910.46,,2026-05-24 04:35:35.310000
3223,12,377,80125.15,82179.82,,71.9,103.8,-703.74,807.54,,2026-05-24 04:35:35.310000
3224,12,378,80206.15,82065.82,,65.38,81.23,-546.74,627.98,,2026-05-24 04:35:35.310000
3225,12,379,80296.75,81970.82,,53.87,-68.04,-451.0,382.96,,2026-05-24 04:35:35.313333
3226,12,380,80290.45,81916.22,,58.96,-125.1,-385.82,260.72,,2026-05-24 04:35:35.313333
3227,12,381,80302.3,81853.26,,54.43,-305.04,-369.67,64.63,,2026-05-24 04:35:35.313333
3228,12,382,80464.15,81832.46,,46.33,-397.06,-375.15,-21.92,,2026-05-24 04:35:35.313333
3229,12,383,80657.05,81811.38,,50.81,-432.09,-386.54,-45.56,,2026-05-24 04:35:35.313333
3230,12,384,80817.9,81783.02,,50.12,-461.47,-401.52,-59.95,,2026-05-24 04:35:35.316666
3231,12,385,80827.85,81681.6,,46.26,-553.26,-431.87,-121.39,,2026-05-24 04:35:35.316666
3232,12,386,80977.55,81625.92,,48.76,-462.12,-437.92,-24.2,,2026-05-24 04:35:35.316666
3233,12,387,81140.45,81587.52,,47.16,-398.13,-429.96,31.83,,2026-05-24 04:35:35.316666
3234,12,388,81057.55,81491.16,,40.12,-487.84,-441.54,-46.3,,2026-05-24 04:35:35.316666
3235,12,389,81007.2,81410.24,,26.95,-569.48,-467.13,-102.36,,2026-05-24 04:35:35.320000
3236,12,390,80742.9,81235.52,,21.54,-959.93,-565.69,-394.24,,2026-05-24 04:35:35.320000
3237,12,391,80593.6,81133.58,,34.05,-1056.26,-663.8,-392.46,,2026-05-24 04:35:35.320000
3238,12,392,80280.9,80994.44,,32.66,-1280.12,-787.06,-493.05,,2026-05-24 04:35:35.320000
3239,12,393,80005.05,80921.24,,39.46,-1356.6,-900.97,-455.62,,2026-05-24 04:35:35.320000
3240,12,394,79690.2,80868.76,,36.45,-1418.84,-1004.55,-414.3,,2026-05-24 04:35:35.320000
3241,12,395,79363.85,80854.62,,48.73,-1241.17,-1051.87,-189.3,,2026-05-24 04:35:35.320000
3242,12,396,79043.85,80798.2,,45.58,-1136.72,-1068.84,-67.88,,2026-05-24 04:35:35.320000
3243,12,397,78717.55,80709.42,,40.84,-1168.45,-1088.76,-79.69,,2026-05-24 04:35:35.323333
3244,12,398,78357.55,80574.28,,37.41,-1332.68,-1137.54,-195.13,,2026-05-24 04:35:35.323333
3245,13,191,,,,,0.0,0.0,0.0,,2026-05-24 04:35:35.340000
3246,13,192,,,,,4.7,0.94,3.76,,2026-05-24 04:35:35.343333
3247,13,193,,,,,-15.51,-2.35,-13.16,,2026-05-24 04:35:35.343333
3248,13,194,,,,,-49.66,-11.81,-37.85,,2026-05-24 04:35:35.346666
3249,13,195,,,,,-61.9,-21.83,-40.07,,2026-05-24 04:35:35.350000
3250,13,196,,,,,-72.7,-32.0,-40.7,,2026-05-24 04:35:35.350000
3251,13,197,,,,,-125.47,-50.7,-74.77,,2026-05-24 04:35:35.353333
3252,13,198,,,,,-132.36,-67.03,-65.33,,2026-05-24 04:35:35.353333
3253,13,199,,,,,-71.19,-67.86,-3.33,,2026-05-24 04:35:35.356666
3254,13,200,,,,,-69.5,-68.19,-1.31,,2026-05-24 04:35:35.356666
3255,13,201,,,,,-55.02,-65.56,10.53,,2026-05-24 04:35:35.360000
3256,13,202,,,,,-5.5,-53.54,48.05,,2026-05-24 04:35:35.363333
3257,13,203,,,,,69.97,-28.84,98.81,,2026-05-24 04:35:35.363333
3258,13,204,,,,49.05,53.58,-12.36,65.94,,2026-05-24 04:35:35.366666
3259,13,205,,,,42.36,-25.33,-14.95,-10.38,,2026-05-24 04:35:35.366666
3260,13,206,,,,40.38,-103.38,-32.64,-70.74,,2026-05-24 04:35:35.370000
3261,13,207,,,,42.07,-167.5,-59.61,-107.89,,2026-05-24 04:35:35.370000
3262,13,208,,,,37.93,-285.75,-104.84,-180.92,,2026-05-24 04:35:35.370000
3263,13,209,,,,34.01,-408.4,-165.55,-242.85,,2026-05-24 04:35:35.373333
3264,13,210,43708.58,,,33.24,-514.43,-235.33,-279.1,,2026-05-24 04:35:35.373333
3265,13,211,43593.97,,,39.6,-562.69,-300.8,-261.89,,2026-05-24 04:35:35.376666
3266,13,212,43448.13,,,32.75,-639.23,-368.49,-270.74,,2026-05-24 04:35:35.376666
3267,13,213,43381.26,,,36.98,-589.76,-412.74,-177.02,,2026-05-24 04:35:35.380000
3268,13,214,43356.07,,,45.07,-496.27,-429.45,-66.83,,2026-05-24 04:35:35.380000
3269,13,215,43289.54,,,40.26,-469.37,-437.43,-31.94,,2026-05-24 04:35:35.380000
3270,13,216,43218.77,,,35.94,-451.63,-440.27,-11.36,,2026-05-24 04:35:35.383333
3271,13,217,43253.66,,,44.04,-309.15,-414.05,104.9,,2026-05-24 04:35:35.383333
3272,13,218,43269.4,,,49.62,-191.52,-369.54,178.02,,2026-05-24 04:35:35.386666
3273,13,219,43241.16,,,55.02,-102.29,-316.09,213.8,,2026-05-24 04:35:35.386666
3274,13,220,43249.91,,,57.65,-19.24,-256.72,237.48,,2026-05-24 04:35:35.390000
3275,13,221,43265.1,,,59.76,68.68,-191.64,260.32,,2026-05-24 04:35:35.390000
3276,13,222,43226.47,,,62.12,88.47,-135.62,224.08,,2026-05-24 04:35:35.390000
3277,13,223,43273.0,,,74.66,275.43,-53.41,328.84,,2026-05-24 04:35:35.393333
3278,13,224,43373.81,,,76.69,430.66,43.41,387.26,,2026-05-24 04:35:35.393333
3279,13,225,43509.65,,,74.57,537.8,142.29,395.52,,2026-05-24 04:35:35.393333
3280,13,226,43594.87,,,69.14,518.33,217.5,300.84,,2026-05-24 04:35:35.396666
3281,13,227,43702.88,,,65.8,529.39,279.87,249.52,,2026-05-24 04:35:35.396666
3282,13,228,43887.25,,,66.0,583.93,340.68,243.24,,2026-05-24 04:35:35.400000
3283,13,229,44085.08,,,70.35,608.2,394.19,214.01,,2026-05-24 04:35:35.400000
3284,13,230,44375.66,,,76.57,753.69,466.09,287.6,,2026-05-24 04:35:35.400000
3285,13,231,44663.6,,,72.93,883.81,549.63,334.18,,2026-05-24 04:35:35.403333
3286,13,232,44997.06,,,73.96,1003.2,640.35,362.85,,2026-05-24 04:35:35.403333
3287,13,233,45255.26,,,72.55,1067.36,725.75,341.61,,2026-05-24 04:35:35.406666
3288,13,234,45435.69,,,64.62,1029.39,786.48,242.91,,2026-05-24 04:35:35.406666
3289,13,235,45621.66,,,59.89,944.77,818.14,126.64,,2026-05-24 04:35:35.406666
3290,13,236,45835.08,,,65.66,902.8,835.07,67.73,,2026-05-24 04:35:35.410000
3291,13,237,45947.93,,,51.96,822.62,832.58,-9.96,,2026-05-24 04:35:35.410000
3292,13,238,46000.06,,,44.05,656.02,797.27,-141.25,,2026-05-24 04:35:35.410000
3293,13,239,46069.98,,,46.49,541.3,746.07,-204.78,,2026-05-24 04:35:35.413333
3294,13,240,46154.45,44571.93,,56.44,480.41,692.94,-212.53,,2026-05-24 04:35:35.413333
3295,13,241,46230.72,44606.68,,54.85,436.81,641.72,-204.91,,2026-05-24 04:35:35.413333
3296,13,242,46322.13,44634.19,,48.67,373.5,588.07,-214.57,,2026-05-24 04:35:35.413333
3297,13,243,46314.44,44671.27,,50.87,334.0,537.26,-203.26,,2026-05-24 04:35:35.416666
3298,13,244,46336.43,44727.85,,43.89,358.5,501.51,-143.01,,2026-05-24 04:35:35.416666
3299,13,245,46365.42,44781.33,,41.28,375.19,476.24,-101.05,,2026-05-24 04:35:35.416666
3300,13,246,46487.87,44848.28,,44.01,435.83,468.16,-32.33,,2026-05-24 04:35:35.416666
3301,13,247,46603.37,44931.85,,47.76,499.51,474.43,25.08,,2026-05-24 04:35:35.420000
3302,13,248,46665.85,44998.94,,52.06,511.01,481.75,29.26,,2026-05-24 04:35:35.420000
3303,13,249,46762.96,45060.62,,61.02,557.65,496.93,60.73,,2026-05-24 04:35:35.420000
3304,13,250,46748.96,45123.09,,52.8,543.99,506.34,37.65,,2026-05-24 04:35:35.420000
3305,13,251,46719.97,45182.67,,57.17,527.88,510.65,17.23,,2026-05-24 04:35:35.420000
3306,13,252,46673.74,45232.83,,72.11,509.24,510.37,-1.13,,2026-05-24 04:35:35.420000
3307,13,253,46658.75,45281.81,,72.76,520.73,512.44,8.29,,2026-05-24 04:35:35.423333
3308,13,254,46742.22,45369.83,,75.77,604.82,530.91,73.9,,2026-05-24 04:35:35.423333
3309,13,255,46871.16,45481.65,,76.87,693.23,563.38,129.85,,2026-05-24 04:35:35.423333
3310,13,256,46960.88,45590.71,,76.29,727.08,596.12,130.97,,2026-05-24 04:35:35.423333
3311,13,257,47103.52,45712.7,,77.95,792.77,635.45,157.32,,2026-05-24 04:35:35.423333
3312,13,258,47312.34,45855.02,,75.45,846.36,677.63,168.73,,2026-05-24 04:35:35.426666
3313,13,259,47506.31,46005.58,,75.28,878.31,717.77,160.54,,2026-05-24 04:35:35.426666
3314,13,260,47649.5,46148.3,,63.92,847.47,743.71,103.77,,2026-05-24 04:35:35.426666
3315,13,261,47788.5,46284.49,,62.27,816.53,758.27,58.26,,2026-05-24 04:35:35.426666
3316,13,262,47903.92,46416.5,,58.03,721.22,750.86,-29.65,,2026-05-24 04:35:35.430000
3317,13,263,48001.6,46519.41,,51.42,624.36,725.56,-101.2,,2026-05-24 04:35:35.430000
3318,13,264,48047.1,46604.26,,54.12,517.36,683.92,-166.56,,2026-05-24 04:35:35.430000
3319,13,265,48078.35,46696.85,,51.15,406.49,628.43,-221.94,,2026-05-24 04:35:35.430000
3320,13,266,48061.07,46785.2,,48.06,289.39,560.63,-271.23,,2026-05-24 04:35:35.430000
3321,13,267,47990.79,46826.7,,37.74,130.95,474.69,-343.74,,2026-05-24 04:35:35.430000
3322,13,268,47964.41,46876.95,,31.13,42.64,388.28,-345.64,,2026-05-24 04:35:35.430000
3323,13,269,47922.88,46933.31,,29.4,-7.73,309.08,-316.81,,2026-05-24 04:35:35.433333
3324,13,270,47903.9,46984.69,,30.91,-55.0,236.26,-291.26,,2026-05-24 04:35:35.433333
3325,13,271,47885.61,47030.87,,21.56,-89.49,171.11,-260.61,,2026-05-24 04:35:35.433333
3326,13,272,47840.73,47078.53,,16.69,-157.93,105.3,-263.23,,2026-05-24 04:35:35.433333
3327,13,273,47729.42,47064.38,,13.91,-283.85,27.47,-311.32,,2026-05-24 04:35:35.433333
3328,13,274,47551.18,47040.78,,14.57,-405.02,-59.03,-346.0,,2026-05-24 04:35:35.436666
3329,13,275,47395.44,47035.96,,25.6,-430.03,-133.23,-296.8,,2026-05-24 04:35:35.436666
3330,13,276,47264.14,47058.41,,31.21,-433.23,-193.23,-240.0,,2026-05-24 04:35:35.436666
3331,13,277,47213.78,47117.06,,52.31,-254.22,-205.42,-48.79,,2026-05-24 04:35:35.436666
3332,13,278,47120.98,47148.51,,49.61,-167.62,-197.86,30.24,,2026-05-24 04:35:35.436666
3333,13,279,47092.27,47208.46,,58.32,3.99,-157.49,161.48,,2026-05-24 04:35:35.436666
3334,13,280,47035.71,47212.32,,53.45,48.11,-116.37,164.48,,2026-05-24 04:35:35.440000
3335,13,281,46999.19,47218.73,,60.17,116.99,-69.7,186.69,,2026-05-24 04:35:35.440000
3336,13,282,46950.1,47197.72,,52.05,87.78,-38.2,125.99,,2026-05-24 04:35:35.440000
3337,13,283,46974.85,47207.25,,56.69,167.74,2.99,164.76,,2026-05-24 04:35:35.440000
3338,13,284,47013.54,47235.4,,57.09,226.73,47.73,178.99,,2026-05-24 04:35:35.440000
3339,13,285,47047.29,47267.1,,55.15,241.32,86.45,154.87,,2026-05-24 04:35:35.440000
3340,13,286,47108.38,47294.52,,58.76,268.04,122.77,145.27,,2026-05-24 04:35:35.443333
3341,13,287,47220.26,47335.63,,65.0,303.54,158.92,144.61,,2026-05-24 04:35:35.443333
3342,13,288,47289.09,47392.56,,64.55,296.54,186.45,110.1,,2026-05-24 04:35:35.443333
3343,13,289,47362.63,47450.36,,62.81,314.49,212.05,102.43,,2026-05-24 04:35:35.443333
3344,13,290,47466.31,47509.43,,64.12,365.16,242.67,122.48,,2026-05-24 04:35:35.443333
3345,13,291,47583.89,47572.14,,55.81,424.78,279.1,145.69,,2026-05-24 04:35:35.443333
3346,13,292,47720.27,47637.79,,59.82,454.21,314.12,140.09,,2026-05-24 04:35:35.446666
3347,13,293,47871.74,47687.3,,47.22,422.09,335.71,86.37,,2026-05-24 04:35:35.446666
3348,13,294,48068.45,47733.59,,60.17,438.53,356.28,82.25,,2026-05-24 04:35:35.446666
3349,13,295,48220.72,47778.08,,56.65,440.83,373.19,67.64,,2026-05-24 04:35:35.446666
3350,13,296,48337.95,47798.45,,61.34,393.18,377.19,15.99,,2026-05-24 04:35:35.446666
3351,13,297,48352.25,47816.61,,51.52,363.73,374.49,-10.76,,2026-05-24 04:35:35.450000
3352,13,298,48368.6,47829.61,,45.07,283.24,356.24,-73.01,,2026-05-24 04:35:35.450000
3353,13,299,48359.85,47847.21,,55.65,278.75,340.74,-61.99,,2026-05-24 04:35:35.450000
3354,13,300,48427.54,47883.75,,56.97,303.73,333.34,-29.61,,2026-05-24 04:35:35.450000
3355,13,301,48524.72,47940.63,,62.27,401.75,347.02,54.72,,2026-05-24 04:35:35.450000
3356,13,302,48630.4,47980.38,,58.16,405.69,358.76,46.93,,2026-05-24 04:35:35.450000
3357,13,303,48678.34,48015.08,,57.0,415.88,370.18,45.7,,2026-05-24 04:35:35.453333
3358,13,304,48683.89,48012.07,,47.09,349.74,366.09,-16.36,,2026-05-24 04:35:35.453333
3359,13,305,48672.14,47987.49,,40.58,237.3,340.33,-103.03,,2026-05-24 04:35:35.453333
3360,13,306,48668.49,47977.56,,44.34,177.45,307.76,-130.31,,2026-05-24 04:35:35.453333
3361,13,307,48660.24,47958.32,,49.11,138.83,273.97,-135.14,,2026-05-24 04:35:35.453333
3362,13,308,48618.35,47914.96,,38.62,21.96,223.57,-201.61,,2026-05-24 04:35:35.453333
3363,13,309,48571.11,47876.28,,40.72,-51.58,168.54,-220.12,,2026-05-24 04:35:35.456666
3364,13,310,48513.92,47855.2,,46.0,-84.29,117.97,-202.26,,2026-05-24 04:35:35.456666
3365,13,311,48460.43,47840.91,,47.5,-78.97,78.59,-157.55,,2026-05-24 04:35:35.456666
3366,13,312,48418.44,47843.59,,52.35,-67.99,49.27,-117.26,,2026-05-24 04:35:35.456666
3367,13,313,48345.8,47824.98,,39.31,-157.52,7.91,-165.43,,2026-05-24 04:35:35.456666
3368,13,314,48248.57,47814.18,,36.83,-218.69,-37.41,-181.28,,2026-05-24 04:35:35.460000
3369,13,315,48106.09,47789.18,,23.31,-341.89,-98.3,-243.58,,2026-05-24 04:35:35.460000
3370,13,316,47991.96,47770.81,,26.45,-433.71,-165.39,-268.33,,2026-05-24 04:35:35.460000
3371,13,317,47867.84,47767.43,,24.6,-504.3,-233.17,-271.13,,2026-05-24 04:35:35.460000
3372,13,318,47760.86,47748.19,,26.85,-579.79,-302.49,-277.29,,2026-05-24 04:35:35.460000
3373,13,319,47611.88,47722.81,,30.11,-637.5,-369.49,-268.01,,2026-05-24 04:35:35.460000
3374,13,320,47469.06,47709.82,,31.8,-633.98,-422.39,-211.59,,2026-05-24 04:35:35.460000
3375,13,321,47300.79,47706.7,,36.35,-582.68,-454.45,-128.23,,2026-05-24 04:35:35.463333
3376,13,322,47146.42,47702.66,,39.66,-581.95,-479.95,-102.0,,2026-05-24 04:35:35.463333
3377,13,323,47003.05,47724.53,,41.18,-545.47,-493.05,-52.42,,2026-05-24 04:35:35.463333
3378,13,324,46951.86,47772.35,,47.57,-433.0,-481.04,48.05,,2026-05-24 04:35:35.463333
3379,13,325,46945.31,47807.44,,45.88,-325.34,-449.9,124.56,,2026-05-24 04:35:35.463333
3380,13,326,46985.75,47866.21,,55.28,-131.37,-386.2,254.82,,2026-05-24 04:35:35.466666
3381,13,327,47029.64,47884.67,,67.81,37.89,-301.38,339.27,,2026-05-24 04:35:35.466666
3382,13,328,47186.81,47941.29,,72.71,265.78,-187.95,453.72,,2026-05-24 04:35:35.466666
3383,13,329,47302.29,47960.29,,76.6,393.04,-71.75,464.79,,2026-05-24 04:35:35.466666
3384,13,330,47402.27,48001.82,,76.52,487.87,40.17,447.7,,2026-05-24 04:35:35.466666
3385,13,331,47561.84,48065.97,,81.29,681.66,168.47,513.19,,2026-05-24 04:35:35.470000
3386,13,332,47719.37,48151.3,,84.61,828.36,300.45,527.91,,2026-05-24 04:35:35.470000
3387,13,333,47931.73,48207.73,,83.81,922.45,424.85,497.6,,2026-05-24 04:35:35.470000
3388,13,334,48053.5,48230.16,,67.6,848.31,509.54,338.77,,2026-05-24 04:35:35.470000
3389,13,335,48227.82,48261.4,,66.0,786.62,564.96,221.66,,2026-05-24 04:35:35.470000
3390,13,336,48414.29,48293.17,,71.4,749.5,601.87,147.64,,2026-05-24 04:35:35.470000
3391,13,337,48591.81,48316.05,,68.29,694.02,620.3,73.72,,2026-05-24 04:35:35.470000
3392,13,338,48845.16,48370.62,,69.08,737.7,643.78,93.92,,2026-05-24 04:35:35.473333
3393,13,339,49115.56,48423.99,,69.41,785.54,672.13,113.41,,2026-05-24 04:35:35.473333
3394,13,340,49357.37,48466.24,,63.55,809.92,699.69,110.23,,2026-05-24 04:35:35.473333
3395,13,341,49559.13,48496.79,,60.25,797.21,719.19,78.02,,2026-05-24 04:35:35.473333
3396,13,342,49804.83,48536.49,,54.94,802.18,735.79,66.39,,2026-05-24 04:35:35.473333
3397,13,343,50017.05,48582.66,,57.52,772.77,743.19,29.58,,2026-05-24 04:35:35.476666
3398,13,344,50193.06,48622.19,,59.15,760.86,746.72,14.14,,2026-05-24 04:35:35.476666
3399,13,345,50393.13,48676.4,,52.75,795.81,756.54,39.27,,2026-05-24 04:35:35.476666
3400,13,346,50578.89,48762.58,,59.78,897.24,784.68,112.56,,2026-05-24 04:35:35.476666
3401,13,347,50736.37,48838.31,,57.86,937.13,815.17,121.96,,2026-05-24 04:35:35.476666
3402,13,348,50800.85,48914.2,,68.2,905.06,833.15,71.91,,2026-05-24 04:35:35.480000
3403,13,349,50871.54,48964.97,,62.66,831.26,832.77,-1.51,,2026-05-24 04:35:35.480000
3404,13,350,50963.57,49016.24,,63.62,797.62,825.74,-28.12,,2026-05-24 04:35:35.480000
3405,13,351,51023.16,49065.35,,70.23,835.47,827.68,7.79,,2026-05-24 04:35:35.480000
3406,13,352,51119.35,49146.88,,68.36,916.62,845.47,71.15,,2026-05-24 04:35:35.480000
3407,13,353,51253.17,49237.66,,69.85,1018.41,880.06,138.35,,2026-05-24 04:35:35.480000
3408,13,354,51436.79,49331.32,,63.81,1028.65,909.78,118.87,,2026-05-24 04:35:35.480000
3409,13,355,51625.55,49442.76,,67.0,1039.22,935.67,103.56,,2026-05-24 04:35:35.483333
3410,13,356,51746.48,49524.37,,57.12,947.61,938.06,9.56,,2026-05-24 04:35:35.483333
3411,13,357,51961.39,49636.51,,66.09,997.12,949.87,47.25,,2026-05-24 04:35:35.483333
3412,13,112,52049.23,49742.97,,57.16,916.87,943.27,-26.4,,2026-05-24 04:35:35.483333
3413,13,113,52199.75,49875.44,,60.3,965.57,947.73,17.84,,2026-05-24 04:35:35.483333
3414,13,114,52400.86,50021.02,,60.03,1069.3,972.04,97.25,,2026-05-24 04:35:35.486666
3415,13,115,52612.67,50157.69,,61.6,1132.87,1004.21,128.66,,2026-05-24 04:35:35.486666
3416,13,116,52862.68,50314.18,,68.49,1254.71,1054.31,200.4,,2026-05-24 04:35:35.486666
3417,13,117,53213.97,50529.92,,75.16,1473.3,1138.11,335.19,,2026-05-24 04:35:35.486666
3418,13,118,53470.72,50711.05,,65.8,1496.88,1209.86,287.02,,2026-05-24 04:35:35.486666
3419,13,119,53657.38,50896.92,,60.13,1439.44,1255.78,183.66,,2026-05-24 04:35:35.486666
3420,13,120,53893.69,51123.28,,63.42,1540.34,1312.69,227.65,,2026-05-24 04:35:35.490000
3421,13,121,54191.14,51367.63,,63.99,1670.03,1384.16,285.87,,2026-05-24 04:35:35.490000
3422,13,122,54434.39,51583.61,,60.08,1613.51,1430.03,183.48,,2026-05-24 04:35:35.490000
3423,13,123,54648.7,51779.7,,56.04,1466.29,1437.28,29.01,,2026-05-24 04:35:35.490000
3424,13,124,54895.31,51986.74,,62.26,1419.43,1433.71,-14.28,,2026-05-24 04:35:35.490000
3425,13,125,55134.37,52198.78,,60.24,1427.79,1432.53,-4.74,,2026-05-24 04:35:35.490000
3426,13,126,55413.96,52453.89,,68.8,1543.76,1454.77,88.99,,2026-05-24 04:35:35.493333
3427,13,127,55663.37,52701.79,,65.69,1617.51,1487.32,130.19,,2026-05-24 04:35:35.493333
3428,13,128,55882.13,52903.43,,57.98,1550.07,1499.87,50.2,,2026-05-24 04:35:35.493333
3429,13,129,56093.39,53102.0,,58.32,1481.87,1496.27,-14.4,,2026-05-24 04:35:35.493333
3430,13,93,56369.34,53277.8,,55.85,1426.71,1482.36,-55.65,,2026-05-24 04:35:35.493333
3431,13,74,56660.49,53488.84,,56.55,1523.56,1490.6,32.96,,2026-05-24 04:35:35.496666
3432,13,53,56983.93,53661.81,,60.31,1525.92,1497.66,28.26,,2026-05-24 04:35:35.496666
3433,13,54,57300.87,53874.87,,67.1,1622.05,1522.54,99.51,,2026-05-24 04:35:35.496666
3434,13,3,57645.81,54118.43,,65.91,1800.11,1578.05,222.05,,2026-05-24 04:35:35.496666
3435,13,4,58047.38,54351.91,,66.41,2003.96,1663.24,340.72,,2026-05-24 04:35:35.496666
3436,13,5,58471.86,54615.18,,78.16,2262.31,1783.05,479.26,,2026-05-24 04:35:35.496666
3437,13,6,58774.85,54867.17,,80.15,2382.54,1902.95,479.6,,2026-05-24 04:35:35.500000
3438,13,7,59231.07,55182.08,,80.65,2563.17,2034.99,528.18,,2026-05-24 04:35:35.500000
3439,13,10,59742.98,55502.98,,80.1,2705.47,2169.09,536.38,,2026-05-24 04:35:35.500000
3440,13,11,60067.67,55784.63,,68.03,2649.74,2265.22,384.52,,2026-05-24 04:35:35.500000
3441,13,12,60291.3,56047.43,,62.77,2482.83,2308.74,174.09,,2026-05-24 04:35:35.500000
3442,13,13,60563.21,56270.83,,65.19,2261.71,2299.33,-37.63,,2026-05-24 04:35:35.500000
3443,13,14,60797.97,56452.66,,57.93,1918.86,2223.24,-304.38,,2026-05-24 04:35:35.500000
3444,13,17,60884.08,56597.42,,51.37,1476.41,2073.87,-597.46,,2026-05-24 04:35:35.503333
3445,13,18,61037.3,56790.05,,51.77,1281.26,1915.35,-634.09,,2026-05-24 04:35:35.503333
3446,13,19,61095.54,56970.17,,52.87,1087.92,1749.87,-661.95,,2026-05-24 04:35:35.503333
3447,13,20,61110.37,57139.12,,46.41,855.28,1570.95,-715.67,,2026-05-24 04:35:35.503333
3448,13,21,61140.75,57282.5,,38.72,581.25,1373.01,-791.75,,2026-05-24 04:35:35.503333
3449,13,24,61180.47,57416.93,,35.45,377.17,1173.84,-796.67,,2026-05-24 04:35:35.506666
3450,13,25,61242.1,57543.08,,31.61,263.08,991.69,-728.61,,2026-05-24 04:35:35.506666
3451,13,26,61172.64,57663.35,,31.71,117.88,816.93,-699.05,,2026-05-24 04:35:35.506666
3452,13,27,61025.57,57751.7,,21.04,-177.19,618.1,-795.29,,2026-05-24 04:35:35.506666
3453,13,28,60767.92,57833.43,,18.17,-471.12,400.26,-871.38,,2026-05-24 04:35:35.506666
3454,13,358,60532.19,57945.88,,29.75,-539.85,212.24,-752.09,,2026-05-24 04:35:35.510000
3455,13,359,60292.66,58059.71,,36.13,-508.73,68.04,-576.77,,2026-05-24 04:35:35.510000
3456,13,360,60047.0,58186.24,,43.06,-366.87,-18.94,-347.93,,2026-05-24 04:35:35.510000
3457,13,361,59778.98,58277.5,,44.78,-343.6,-83.87,-259.73,,2026-05-24 04:35:35.510000
3458,13,362,59496.47,58405.95,,54.3,-231.0,-113.3,-117.7,,2026-05-24 04:35:35.510000
3459,13,363,59232.07,58545.58,,49.87,-81.27,-106.89,25.62,,2026-05-24 04:35:35.510000
3460,13,364,59068.15,58713.29,,52.08,60.9,-73.33,134.23,,2026-05-24 04:35:35.510000
3461,13,365,59029.45,58874.65,,59.54,278.33,-3.0,281.33,,2026-05-24 04:35:35.513333
3462,13,366,59007.15,59054.0,,61.99,409.6,79.52,330.08,,2026-05-24 04:35:35.513333
3463,13,367,59080.6,59205.0,,61.71,516.72,166.96,349.76,,2026-05-24 04:35:35.513333
3464,13,368,59321.3,59365.6,,63.82,709.63,275.5,434.14,,2026-05-24 04:35:35.513333
3465,13,369,59453.0,59526.18,,66.49,847.1,389.82,457.29,,2026-05-24 04:35:35.513333
3466,13,370,59633.6,59678.54,,80.19,997.32,511.32,486.0,,2026-05-24 04:35:35.516666
3467,13,371,59877.15,59804.39,,86.2,1135.32,636.12,499.2,,2026-05-24 04:35:35.516666
3468,13,372,60196.2,59972.7,,84.29,1268.95,762.68,506.27,,2026-05-24 04:35:35.516666
3469,13,373,60518.25,60161.28,,83.17,1381.2,886.39,494.81,,2026-05-24 04:35:35.516666
3470,13,374,60826.15,60316.07,,81.17,1480.93,1005.3,475.63,,2026-05-24 04:35:35.516666
3471,13,375,61172.8,60456.02,,93.37,1551.2,1114.48,436.73,,2026-05-24 04:35:35.516666
3472,13,376,61609.6,60621.78,,86.43,1552.45,1202.07,350.37,,2026-05-24 04:35:35.520000
3473,13,377,62070.95,60802.33,,80.83,1510.12,1263.68,246.44,,2026-05-24 04:35:35.520000
3474,13,378,62493.7,60985.23,,83.06,1554.36,1321.82,232.54,,2026-05-24 04:35:35.520000
3475,13,379,62896.5,61164.56,,81.21,1618.29,1381.11,237.18,,2026-05-24 04:35:35.520000
3476,13,380,63223.85,61310.19,,85.44,1641.25,1433.14,208.11,,2026-05-24 04:35:35.520000
3477,13,381,63534.5,61425.95,,69.19,1521.82,1450.88,70.95,,2026-05-24 04:35:35.520000
3478,13,382,63808.35,61576.44,,64.53,1442.67,1449.23,-6.57,,2026-05-24 04:35:35.520000
3479,13,383,64080.2,61740.31,,68.42,1419.89,1443.36,-23.48,,2026-05-24 04:35:35.523333
3480,13,384,64316.25,61892.06,,61.67,1352.68,1425.23,-72.55,,2026-05-24 04:35:35.523333
3481,13,385,64503.65,62011.92,,61.5,1313.72,1402.93,-89.21,,2026-05-24 04:35:35.523333
3482,13,386,64851.05,62200.85,,70.68,1487.6,1419.86,67.74,,2026-05-24 04:35:35.523333
3483,13,387,65224.5,62374.45,,71.75,1657.37,1467.36,190.01,,2026-05-24 04:35:35.523333
3484,13,388,65531.2,62519.76,,71.04,1779.88,1529.87,250.01,,2026-05-24 04:35:35.526666
3485,13,389,65952.7,62688.3,,76.25,2033.14,1630.52,402.62,,2026-05-24 04:35:35.526666
3486,13,390,66349.8,62829.72,,79.62,2221.64,1748.74,472.9,,2026-05-24 04:35:35.526666
3487,13,391,66873.35,63043.79,,85.68,2577.42,1914.48,662.94,,2026-05-24 04:35:35.526666
3488,13,392,67301.7,63200.95,,75.96,2713.36,2074.26,639.1,,2026-05-24 04:35:35.526666
3489,13,393,67583.4,63297.45,,62.76,2576.99,2174.8,402.19,,2026-05-24 04:35:35.530000
3490,13,394,67834.45,63422.78,,62.16,2419.4,2223.72,195.68,,2026-05-24 04:35:35.530000
3491,13,395,67975.9,63529.86,,60.01,2102.51,2199.48,-96.97,,2026-05-24 04:35:35.530000
3492,13,396,68143.5,63653.9,,59.23,1835.86,2126.76,-290.89,,2026-05-24 04:35:35.530000
3493,13,397,68379.05,63834.76,,60.04,1688.83,2039.17,-350.34,,2026-05-24 04:35:35.530000
3494,13,398,68553.2,64052.88,,61.38,1551.04,1941.55,-390.5,,2026-05-24 04:35:35.530000
3495,14,191,,,,,0.0,0.0,0.0,,2026-05-24 04:35:35.796666
3496,14,192,,,,,3.19,0.64,2.55,,2026-05-24 04:35:35.796666
3497,14,193,,,,,-1.13,0.29,-1.41,,2026-05-24 04:35:35.796666
3498,14,194,,,,,29.71,6.17,23.54,,2026-05-24 04:35:35.800000
3499,14,195,,,,,47.79,14.5,33.3,,2026-05-24 04:35:35.800000
3500,14,196,,,,,56.15,22.83,33.33,,2026-05-24 04:35:35.800000
3501,14,197,,,,,48.75,28.01,20.74,,2026-05-24 04:35:35.803333
3502,14,198,,,,,45.9,31.59,14.31,,2026-05-24 04:35:35.803333
3503,14,199,,,,,51.11,35.49,15.62,,2026-05-24 04:35:35.806666
3504,14,200,,,,,49.84,38.36,11.47,,2026-05-24 04:35:35.806666
3505,14,201,,,,,43.24,39.34,3.9,,2026-05-24 04:35:35.810000
3506,14,202,,,,,45.32,40.53,4.78,,2026-05-24 04:35:35.810000
3507,14,203,,,,,36.54,39.74,-3.19,,2026-05-24 04:35:35.813333
3508,14,204,,,,56.96,39.85,39.76,0.09,,2026-05-24 04:35:35.813333
3509,14,205,,,,51.34,29.08,37.62,-8.55,,2026-05-24 04:35:35.816666
3510,14,206,,,,42.17,-3.78,29.34,-33.12,,2026-05-24 04:35:35.816666
3511,14,207,,,,37.74,-54.09,12.66,-66.75,,2026-05-24 04:35:35.820000
3512,14,208,,,,26.68,-84.28,-6.73,-77.55,,2026-05-24 04:35:35.820000
3513,14,209,,,,31.72,-99.0,-25.18,-73.81,,2026-05-24 04:35:35.820000
3514,14,210,13464.04,,,32.32,-111.95,-42.54,-69.41,,2026-05-24 04:35:35.820000
3515,14,211,13459.01,,,45.33,-97.69,-53.57,-44.13,,2026-05-24 04:35:35.823333
3516,14,212,13461.18,,,49.04,-70.74,-57.0,-13.74,,2026-05-24 04:35:35.823333
3517,14,213,13466.5,,,45.93,-50.57,-55.72,5.15,,2026-05-24 04:35:35.826666
3518,14,214,13457.23,,,50.86,-23.26,-49.22,25.96,,2026-05-24 04:35:35.830000
3519,14,215,13452.05,,,52.7,-0.8,-39.54,38.74,,2026-05-24 04:35:35.830000
3520,14,216,13465.88,,,57.31,41.84,-23.26,65.11,,2026-05-24 04:35:35.830000
3521,14,217,13480.44,,,56.6,62.65,-6.08,68.73,,2026-05-24 04:35:35.833333
3522,14,218,13496.36,,,55.37,83.91,11.92,71.99,,2026-05-24 04:35:35.836666
3523,14,219,13506.18,,,59.15,97.85,29.1,68.75,,2026-05-24 04:35:35.836666
3524,14,220,13516.61,,,67.49,103.83,44.05,59.78,,2026-05-24 04:35:35.840000
3525,14,221,13541.12,,,83.85,124.8,60.2,64.6,,2026-05-24 04:35:35.840000
3526,14,222,13561.04,,,82.81,140.2,76.2,64.0,,2026-05-24 04:35:35.846666
3527,14,223,13585.71,,,80.13,148.36,90.63,57.73,,2026-05-24 04:35:35.846666
3528,14,224,13595.48,,,73.74,139.9,100.49,39.42,,2026-05-24 04:35:35.850000
3529,14,225,13616.89,,,69.77,137.34,107.86,29.49,,2026-05-24 04:35:35.850000
3530,14,226,13641.7,,,55.17,115.11,109.31,5.8,,2026-05-24 04:35:35.850000
3531,14,227,13698.29,,,63.97,122.46,111.94,10.52,,2026-05-24 04:35:35.853333
3532,14,228,13750.83,,,61.63,128.98,115.35,13.63,,2026-05-24 04:35:35.853333
3533,14,229,13810.01,,,66.09,151.19,122.52,28.68,,2026-05-24 04:35:35.856666
3534,14,230,13873.5,,,60.77,171.18,132.25,38.93,,2026-05-24 04:35:35.860000
3535,14,231,13923.94,,,67.54,187.21,143.24,43.97,,2026-05-24 04:35:35.860000
3536,14,232,13915.89,,,39.4,118.99,138.39,-19.4,,2026-05-24 04:35:35.860000
3537,14,233,13917.79,,,43.86,78.31,126.37,-48.07,,2026-05-24 04:35:35.863333
3538,14,234,13915.39,,,45.76,49.61,111.02,-61.41,,2026-05-24 04:35:35.863333
3539,14,235,13913.49,,,41.28,28.15,94.45,-66.3,,2026-05-24 04:35:35.866666
3540,14,236,13909.04,,,46.96,31.99,81.96,-49.96,,2026-05-24 04:35:35.866666
3541,14,237,13916.64,,,49.19,41.74,73.91,-32.17,,2026-05-24 04:35:35.870000
3542,14,238,13916.89,,,50.85,42.84,67.7,-24.86,,2026-05-24 04:35:35.870000
3543,14,239,13906.94,,,45.49,25.19,59.2,-34.01,,2026-05-24 04:35:35.870000
3544,14,240,13901.09,13689.25,,50.31,13.78,50.11,-36.33,,2026-05-24 04:35:35.870000
3545,14,241,13874.0,13690.22,,39.54,-11.74,37.74,-49.48,,2026-05-24 04:35:35.873333
3546,14,242,13856.65,13694.39,,43.49,-15.65,27.06,-42.72,,2026-05-24 04:35:35.873333
3547,14,243,13850.61,13704.19,,42.71,-2.83,21.08,-23.91,,2026-05-24 04:35:35.873333
3548,14,244,13844.76,13702.2,,39.04,-5.59,15.75,-21.34,,2026-05-24 04:35:35.876666
3549,14,245,13828.61,13698.95,,36.55,-18.45,8.91,-27.36,,2026-05-24 04:35:35.876666
3550,14,246,13838.56,13702.78,,62.13,-5.35,6.06,-11.41,,2026-05-24 04:35:35.876666
3551,14,247,13844.96,13715.07,,63.49,25.39,9.92,15.46,,2026-05-24 04:35:35.880000
3552,14,248,13864.8,13732.39,,67.14,72.79,22.5,50.29,,2026-05-24 04:35:35.880000
3553,14,249,13867.95,13745.7,,64.2,101.04,38.21,62.84,,2026-05-24 04:35:35.880000
3554,14,250,13857.5,13755.85,,54.77,104.64,51.49,53.15,,2026-05-24 04:35:35.880000
3555,14,251,13844.41,13766.77,,52.56,104.36,62.07,42.29,,2026-05-24 04:35:35.880000
3556,14,252,13882.8,13776.64,,55.11,106.45,70.94,35.51,,2026-05-24 04:35:35.880000
3557,14,253,13919.74,13791.94,,63.39,118.68,80.49,38.19,,2026-05-24 04:35:35.880000
3558,14,254,13969.98,13810.93,,67.39,152.2,94.83,57.36,,2026-05-24 04:35:35.883333
3559,14,255,14007.47,13828.45,,66.64,157.97,107.46,50.51,,2026-05-24 04:35:35.883333
3560,14,256,14024.97,13849.28,,60.46,149.78,115.92,33.85,,2026-05-24 04:35:35.883333
3561,14,257,14032.91,13874.23,,54.79,133.51,119.44,14.07,,2026-05-24 04:35:35.883333
3562,14,258,14056.06,13901.58,,62.36,137.43,123.04,14.39,,2026-05-24 04:35:35.883333
3563,14,259,14082.8,13923.86,,61.89,126.65,123.76,2.89,,2026-05-24 04:35:35.886666
3564,14,260,14099.1,13943.27,,52.94,102.81,119.57,-16.76,,2026-05-24 04:35:35.886666
3565,14,261,14117.99,13953.81,,44.28,70.67,109.79,-39.12,,2026-05-24 04:35:35.886666
3566,14,262,14116.34,13956.45,,32.78,27.86,93.41,-65.54,,2026-05-24 04:35:35.886666
3567,14,263,14100.45,13957.77,,32.98,-13.01,72.12,-85.13,,2026-05-24 04:35:35.886666
3568,14,264,14103.1,13960.55,,42.52,-28.14,52.07,-80.21,,2026-05-24 04:35:35.890000
3569,14,265,14107.45,13961.11,,41.1,-47.73,32.11,-79.84,,2026-05-24 04:35:35.890000
3570,14,266,14096.2,13954.91,,39.54,-64.45,12.8,-77.25,,2026-05-24 04:35:35.890000
3571,14,267,14075.35,13953.03,,37.23,-71.71,-4.1,-67.6,,2026-05-24 04:35:35.890000
3572,14,268,14031.46,13946.43,,24.51,-89.73,-21.23,-68.51,,2026-05-24 04:35:35.890000
3573,14,269,13981.73,13935.92,,24.72,-120.22,-41.03,-79.2,,2026-05-24 04:35:35.893333
3574,14,270,13947.43,13928.18,,29.87,-135.48,-59.92,-75.56,,2026-05-24 04:35:35.893333
3575,14,271,13914.64,13916.18,,31.71,-145.42,-77.02,-68.4,,2026-05-24 04:35:35.893333
3576,14,272,13883.5,13905.62,,25.78,-145.4,-90.69,-54.71,,2026-05-24 04:35:35.893333
3577,14,273,13840.46,13893.85,,26.76,-150.91,-102.74,-48.17,,2026-05-24 04:35:35.893333
3578,14,274,13773.32,13882.07,,26.92,-166.66,-115.52,-51.14,,2026-05-24 04:35:35.896666
3579,14,275,13721.24,13870.19,,32.61,-171.85,-126.79,-45.06,,2026-05-24 04:35:35.896666
3580,14,276,13671.15,13861.05,,35.16,-181.68,-137.77,-43.92,,2026-05-24 04:35:35.896666
3581,14,277,13619.16,13842.58,,33.95,-198.48,-149.91,-48.57,,2026-05-24 04:35:35.896666
3582,14,278,13565.12,13827.3,,32.93,-194.47,-158.82,-35.65,,2026-05-24 04:35:35.896666
3583,14,279,13513.08,13805.09,,32.65,-198.2,-166.7,-31.51,,2026-05-24 04:35:35.900000
3584,14,280,13477.44,13784.85,,39.44,-186.67,-170.69,-15.98,,2026-05-24 04:35:35.900000
3585,14,281,13454.85,13766.18,,40.99,-166.97,-169.95,2.98,,2026-05-24 04:35:35.900000
3586,14,282,13437.95,13765.28,,42.72,-157.37,-167.43,10.06,,2026-05-24 04:35:35.900000
3587,14,283,13433.5,13764.06,,54.67,-135.21,-160.99,25.78,,2026-05-24 04:35:35.900000
3588,14,284,13408.66,13757.86,,45.66,-132.1,-155.21,23.11,,2026-05-24 04:35:35.900000
3589,14,285,13391.31,13752.24,,47.03,-124.26,-149.02,24.76,,2026-05-24 04:35:35.900000
3590,14,286,13385.61,13745.54,,50.85,-100.02,-139.22,39.2,,2026-05-24 04:35:35.900000
3591,14,287,13379.06,13738.0,,54.69,-76.15,-126.61,50.46,,2026-05-24 04:35:35.903333
3592,14,288,13388.46,13735.06,,63.69,-44.29,-110.14,65.85,,2026-05-24 04:35:35.903333
3593,14,289,13411.86,13737.88,,63.61,-13.88,-90.89,77.01,,2026-05-24 04:35:35.903333
3594,14,290,13401.76,13728.44,,50.02,-36.08,-79.93,43.85,,2026-05-24 04:35:35.903333
3595,14,291,13403.36,13727.92,,58.08,-33.92,-70.73,36.81,,2026-05-24 04:35:35.903333
3596,14,292,13399.61,13722.81,,53.73,-34.23,-63.43,29.2,,2026-05-24 04:35:35.906666
3597,14,293,13402.01,13714.41,,57.34,-31.45,-57.03,25.58,,2026-05-24 04:35:35.906666
3598,14,294,13419.91,13712.13,,57.18,-17.35,-49.1,31.74,,2026-05-24 04:35:35.906666
3599,14,295,13437.9,13713.91,,56.37,-0.69,-39.41,38.73,,2026-05-24 04:35:35.906666
3600,14,296,13465.35,13711.77,,60.96,19.72,-27.59,47.31,,2026-05-24 04:35:35.910000
3601,14,297,13496.64,13703.25,,55.82,30.45,-15.98,46.43,,2026-05-24 04:35:35.910000
3602,14,298,13515.63,13687.63,,60.05,33.81,-6.02,39.83,,2026-05-24 04:35:35.910000
3603,14,299,13538.33,13673.24,,57.66,32.87,1.76,31.11,,2026-05-24 04:35:35.910000
3604,14,300,13569.67,13669.72,,60.22,57.75,12.96,44.8,,2026-05-24 04:35:35.910000
3605,14,301,13600.31,13668.54,,61.14,84.01,27.17,56.84,,2026-05-24 04:35:35.913333
3606,14,302,13628.36,13663.5,,53.51,91.74,40.08,51.66,,2026-05-24 04:35:35.913333
3607,14,303,13653.55,13657.58,,54.48,105.05,53.08,51.97,,2026-05-24 04:35:35.913333
3608,14,304,13683.69,13643.34,,71.45,106.38,63.74,42.64,,2026-05-24 04:35:35.913333
3609,14,305,13693.34,13626.59,,51.81,77.42,66.47,10.95,,2026-05-24 04:35:35.916666
3610,14,306,13694.19,13613.23,,53.69,56.48,64.47,-7.99,,2026-05-24 04:35:35.916666
3611,14,307,13702.79,13605.95,,57.96,55.54,62.69,-7.15,,2026-05-24 04:35:35.916666
3612,14,308,13695.69,13590.92,,49.65,41.41,58.43,-17.02,,2026-05-24 04:35:35.916666
3613,14,309,13686.19,13579.24,,48.13,30.99,52.94,-21.96,,2026-05-24 04:35:35.916666
3614,14,310,13721.54,13577.42,,53.93,47.83,51.92,-4.09,,2026-05-24 04:35:35.916666
3615,14,311,13739.53,13576.54,,52.78,51.94,51.92,0.02,,2026-05-24 04:35:35.916666
3616,14,312,13766.83,13583.0,,57.63,67.01,54.94,12.07,,2026-05-24 04:35:35.920000
3617,14,313,13789.42,13590.0,,57.08,73.2,58.59,14.6,,2026-05-24 04:35:35.920000
3618,14,314,13808.72,13594.38,,51.6,83.51,63.58,19.93,,2026-05-24 04:35:35.920000
3619,14,315,13824.36,13600.67,,49.03,90.23,68.91,21.33,,2026-05-24 04:35:35.920000
3620,14,316,13837.41,13608.25,,54.4,97.67,74.66,23.01,,2026-05-24 04:35:35.920000
3621,14,317,13854.75,13615.01,,52.17,104.21,80.57,23.64,,2026-05-24 04:35:35.920000
3622,14,318,13859.8,13618.97,,46.41,83.82,81.22,2.6,,2026-05-24 04:35:35.923333
3623,14,319,13876.7,13631.23,,62.47,82.61,81.5,1.11,,2026-05-24 04:35:35.923333
3624,14,320,13883.55,13644.16,,64.4,90.68,83.34,7.35,,2026-05-24 04:35:35.923333
3625,14,321,13868.36,13650.03,,49.13,68.24,80.32,-12.07,,2026-05-24 04:35:35.926666
3626,14,322,13854.23,13651.79,,49.95,39.67,72.19,-32.52,,2026-05-24 04:35:35.926666
3627,14,323,13825.09,13651.43,,44.93,1.2,57.99,-56.79,,2026-05-24 04:35:35.926666
3628,14,324,13801.15,13654.48,,35.21,-28.56,40.68,-69.24,,2026-05-24 04:35:35.926666
3629,14,325,13799.76,13658.0,,40.68,-44.37,23.67,-68.04,,2026-05-24 04:35:35.926666
3630,14,326,13788.07,13660.0,,31.5,-70.05,4.93,-74.98,,2026-05-24 04:35:35.926666
3631,14,327,13761.18,13662.76,,30.78,-97.51,-15.56,-81.95,,2026-05-24 04:35:35.930000
3632,14,328,13750.44,13665.04,,33.85,-104.91,-33.43,-71.48,,2026-05-24 04:35:35.930000
3633,14,329,13737.7,13669.09,,33.48,-111.59,-49.06,-62.52,,2026-05-24 04:35:35.930000
3634,14,330,13715.31,13672.57,,36.3,-105.57,-60.36,-45.21,,2026-05-24 04:35:35.930000
3635,14,331,13691.03,13671.01,,33.13,-111.23,-70.54,-40.69,,2026-05-24 04:35:35.930000
3636,14,332,13663.04,13673.03,,41.32,-107.85,-78.0,-29.85,,2026-05-24 04:35:35.930000
3637,14,333,13632.65,13669.66,,32.48,-112.66,-84.93,-27.73,,2026-05-24 04:35:35.930000
3638,14,334,13599.42,13670.68,,28.42,-113.4,-90.62,-22.77,,2026-05-24 04:35:35.933333
3639,14,335,13581.63,13676.8,,47.37,-88.43,-90.19,1.75,,2026-05-24 04:35:35.933333
3640,14,336,13558.85,13677.55,,49.38,-72.65,-86.68,14.03,,2026-05-24 04:35:35.933333
3641,14,337,13538.06,13678.61,,58.13,-54.43,-80.23,25.8,,2026-05-24 04:35:35.933333
3642,14,338,13531.17,13676.05,,56.94,-41.69,-72.52,30.83,,2026-05-24 04:35:35.933333
3643,14,339,13527.09,13677.32,,61.19,-11.05,-60.23,49.18,,2026-05-24 04:35:35.936666
3644,14,340,13514.05,13689.08,,65.93,8.77,-46.43,55.2,,2026-05-24 04:35:35.936666
3645,14,341,13529.25,13700.38,,74.48,41.51,-28.84,70.35,,2026-05-24 04:35:35.936666
3646,14,342,13554.05,13713.57,,72.86,71.8,-8.71,80.51,,2026-05-24 04:35:35.936666
3647,14,343,13589.7,13726.51,,74.45,96.38,12.31,84.08,,2026-05-24 04:35:35.936666
3648,14,344,13624.05,13736.13,,71.15,112.87,32.42,80.45,,2026-05-24 04:35:35.936666
3649,14,345,13651.75,13743.54,,76.57,121.07,50.15,70.92,,2026-05-24 04:35:35.940000
3650,14,346,13716.5,13760.46,,82.8,171.43,74.4,97.02,,2026-05-24 04:35:35.940000
3651,14,347,13774.6,13773.95,,77.46,190.18,97.56,92.62,,2026-05-24 04:35:35.940000
3652,14,348,13832.2,13791.67,,78.88,214.91,121.03,93.88,,2026-05-24 04:35:35.940000
3653,14,349,13885.85,13808.09,,71.07,223.46,141.51,81.94,,2026-05-24 04:35:35.940000
3654,14,350,13932.05,13817.52,,72.46,225.7,158.35,67.35,,2026-05-24 04:35:35.943333
3655,14,351,13979.1,13822.53,,66.7,214.67,169.61,45.05,,2026-05-24 04:35:35.943333
3656,14,352,14015.45,13827.87,,63.23,193.05,174.3,18.75,,2026-05-24 04:35:35.943333
3657,14,353,14064.4,13834.0,,61.11,185.32,176.51,8.82,,2026-05-24 04:35:35.943333
3658,14,354,14113.95,13842.78,,63.56,179.87,177.18,2.69,,2026-05-24 04:35:35.946666
3659,14,355,14145.75,13857.76,,57.08,169.47,175.64,-6.16,,2026-05-24 04:35:35.946666
3660,14,356,14184.55,13873.69,,57.48,165.78,173.67,-7.88,,2026-05-24 04:35:35.946666
3661,14,357,14224.7,13887.37,,59.1,168.18,172.57,-4.39,,2026-05-24 04:35:35.946666
3662,14,112,14284.0,13911.38,,66.48,196.54,177.36,19.18,,2026-05-24 04:35:35.946666
3663,14,113,14324.9,13932.8,,64.32,207.35,183.36,23.99,,2026-05-24 04:35:35.950000
3664,14,114,14391.5,13957.07,,62.49,250.15,196.72,53.43,,2026-05-24 04:35:35.950000
3665,14,115,14447.2,13983.45,,70.3,280.75,213.52,67.22,,2026-05-24 04:35:35.950000
3666,14,116,14485.3,14000.96,,57.95,278.55,226.53,52.02,,2026-05-24 04:35:35.950000
3667,14,117,14527.95,14021.92,,63.31,282.59,237.74,44.85,,2026-05-24 04:35:35.950000
3668,14,118,14575.25,14042.75,,65.32,288.27,247.85,40.43,,2026-05-24 04:35:35.950000
3669,14,119,14638.9,14069.35,,73.53,312.1,260.7,51.4,,2026-05-24 04:35:35.950000
3670,14,120,14685.55,14099.72,,80.34,345.4,277.64,67.76,,2026-05-24 04:35:35.953333
3671,14,121,14738.35,14127.38,,75.16,358.61,293.83,64.78,,2026-05-24 04:35:35.953333
3672,14,122,14772.3,14156.67,,68.01,347.01,304.47,42.55,,2026-05-24 04:35:35.953333
3673,14,123,14819.65,14185.27,,71.37,346.97,312.97,34.0,,2026-05-24 04:35:35.953333
3674,14,124,14875.25,14214.2,,72.03,354.24,321.22,33.01,,2026-05-24 04:35:35.953333
3675,14,125,14939.25,14250.88,,71.49,359.08,328.79,30.29,,2026-05-24 04:35:35.956666
3676,14,126,15006.0,14288.58,,64.74,352.64,333.56,19.08,,2026-05-24 04:35:35.956666
3677,14,127,15073.3,14333.28,,70.2,355.86,338.02,17.84,,2026-05-24 04:35:35.956666
3678,14,128,15134.35,14376.06,,60.09,347.07,339.83,7.24,,2026-05-24 04:35:35.956666
3679,14,129,15208.3,14421.18,,63.89,352.74,342.41,10.33,,2026-05-24 04:35:35.960000
3680,14,93,15277.75,14469.56,,73.16,352.37,344.41,7.96,,2026-05-24 04:35:35.960000
3681,14,74,15354.4,14524.66,,74.77,366.72,348.87,17.85,,2026-05-24 04:35:35.960000
3682,14,53,15402.85,14572.34,,66.77,357.2,350.53,6.66,,2026-05-24 04:35:35.960000
3683,14,54,15463.25,14623.02,,64.13,355.56,351.54,4.02,,2026-05-24 04:35:35.960000
3684,14,3,15502.85,14672.08,,60.52,353.73,351.98,1.75,,2026-05-24 04:35:35.960000
3685,14,4,15555.8,14729.36,,69.24,369.49,355.48,14.01,,2026-05-24 04:35:35.960000
3686,14,5,15627.2,14786.62,,79.02,384.09,361.2,22.88,,2026-05-24 04:35:35.963333
3687,14,6,15681.0,14841.26,,67.34,372.0,363.36,8.64,,2026-05-24 04:35:35.963333
3688,14,7,15741.9,14899.74,,68.54,375.36,365.76,9.6,,2026-05-24 04:35:35.963333
3689,14,10,15794.8,14954.62,,69.82,383.61,369.33,14.28,,2026-05-24 04:35:35.963333
3690,14,11,15809.6,15000.02,,57.21,343.1,364.08,-20.98,,2026-05-24 04:35:35.963333
3691,14,12,15835.9,15046.52,,56.59,316.87,354.64,-37.77,,2026-05-24 04:35:35.966666
3692,14,13,15870.15,15092.26,,57.19,287.52,341.22,-53.7,,2026-05-24 04:35:35.966666
3693,14,14,15877.1,15125.28,,45.56,230.69,319.11,-88.42,,2026-05-24 04:35:35.966666
3694,14,17,15860.25,15152.68,,40.57,156.82,286.65,-129.83,,2026-05-24 04:35:35.966666
3695,14,18,15839.0,15174.78,,34.88,93.33,247.99,-154.66,,2026-05-24 04:35:35.966666
3696,14,19,15808.25,15190.26,,34.15,21.22,202.63,-181.42,,2026-05-24 04:35:35.970000
3697,14,20,15763.95,15202.98,,29.87,-44.85,153.14,-197.99,,2026-05-24 04:35:35.970000
3698,14,21,15715.9,15212.8,,27.15,-109.35,100.64,-209.99,,2026-05-24 04:35:35.970000
3699,14,24,15678.45,15231.86,,30.73,-125.21,55.47,-180.68,,2026-05-24 04:35:35.970000
3700,14,25,15637.4,15237.92,,28.12,-142.75,15.83,-158.57,,2026-05-24 04:35:35.970000
3701,14,26,15577.65,15245.88,,29.05,-166.03,-20.54,-145.49,,2026-05-24 04:35:35.970000
3702,14,27,15517.7,15246.54,,21.96,-199.29,-56.29,-143.0,,2026-05-24 04:35:35.970000
3703,14,28,15441.65,15245.34,,17.41,-238.88,-92.81,-146.07,,2026-05-24 04:35:35.973333
3704,14,358,15358.15,15242.52,,20.23,-275.54,-129.36,-146.19,,2026-05-24 04:35:35.973333
3705,14,359,15283.75,15251.22,,29.05,-265.39,-156.56,-108.83,,2026-05-24 04:35:35.973333
3706,14,360,15216.15,15266.9,,34.56,-237.11,-172.67,-64.43,,2026-05-24 04:35:35.973333
3707,14,361,15163.5,15280.9,,40.63,-207.53,-179.65,-27.89,,2026-05-24 04:35:35.976666
3708,14,362,15084.1,15287.8,,40.84,-207.61,-185.24,-22.37,,2026-05-24 04:35:35.976666
3709,14,363,14984.2,15290.0,,37.64,-228.11,-193.81,-34.3,,2026-05-24 04:35:35.976666
3710,14,364,14912.6,15291.24,,41.93,-239.03,-202.86,-36.17,,2026-05-24 04:35:35.976666
3711,14,365,14837.8,15291.76,,44.87,-240.55,-210.39,-30.15,,2026-05-24 04:35:35.976666
3712,14,366,14762.5,15283.66,,46.41,-244.98,-217.31,-27.67,,2026-05-24 04:35:35.980000
3713,14,367,14704.8,15277.24,,35.84,-248.13,-223.48,-24.66,,2026-05-24 04:35:35.980000
3714,14,368,14690.85,15272.42,,49.67,-204.7,-219.72,15.02,,2026-05-24 04:35:35.980000
3715,14,369,14679.35,15267.64,,52.38,-168.26,-209.43,41.17,,2026-05-24 04:35:35.980000
3716,14,370,14671.05,15264.56,,52.57,-153.98,-198.34,44.36,,2026-05-24 04:35:35.980000
3717,14,371,14654.65,15253.66,,50.96,-163.3,-191.33,28.03,,2026-05-24 04:35:35.980000
3718,14,372,14651.45,15243.28,,54.8,-160.92,-185.25,24.33,,2026-05-24 04:35:35.980000
3719,14,373,14627.0,15227.1,,45.46,-157.7,-179.74,22.04,,2026-05-24 04:35:35.983333
3720,14,374,14607.35,15206.64,,39.92,-152.27,-174.24,21.98,,2026-05-24 04:35:35.983333
3721,14,375,14585.65,15184.8,,34.84,-160.71,-171.54,10.83,,2026-05-24 04:35:35.983333
3722,14,376,14576.35,15168.16,,42.21,-162.62,-169.75,7.13,,2026-05-24 04:35:35.983333
3723,14,377,14589.45,15153.26,,56.94,-142.33,-164.27,21.94,,2026-05-24 04:35:35.983333
3724,14,378,14598.0,15131.62,,50.56,-140.44,-159.5,19.07,,2026-05-24 04:35:35.986666
3725,14,379,14586.45,15110.1,,50.36,-133.69,-154.34,20.65,,2026-05-24 04:35:35.986666
3726,14,380,14567.6,15091.54,,54.1,-121.21,-147.71,26.5,,2026-05-24 04:35:35.986666
3727,14,381,14537.3,15066.5,,50.5,-123.62,-142.89,19.28,,2026-05-24 04:35:35.986666
3728,14,382,14509.45,15037.84,,28.3,-145.79,-143.47,-2.32,,2026-05-24 04:35:35.986666
3729,14,383,14496.0,15005.08,,28.34,-161.34,-147.05,-14.29,,2026-05-24 04:35:35.990000
3730,14,384,14482.25,14973.04,,32.97,-169.61,-151.56,-18.05,,2026-05-24 04:35:35.990000
3731,14,385,14503.2,14951.28,,61.01,-114.49,-144.15,29.65,,2026-05-24 04:35:35.990000
3732,14,386,14548.2,14941.8,,65.97,-37.61,-122.84,85.23,,2026-05-24 04:35:35.990000
3733,14,387,14567.45,14918.92,,53.95,-20.51,-102.37,81.87,,2026-05-24 04:35:35.990000
3734,14,388,14552.25,14892.18,,51.15,-18.76,-85.65,66.89,,2026-05-24 04:35:35.990000
3735,14,389,14569.95,14873.3,,62.73,35.4,-61.44,96.84,,2026-05-24 04:35:35.990000
3736,14,390,14613.55,14859.1,,65.43,102.55,-28.64,131.19,,2026-05-24 04:35:35.990000
3737,14,391,14661.8,14845.98,,59.94,139.16,4.92,134.24,,2026-05-24 04:35:35.993333
3738,14,392,14716.25,14833.02,,65.35,183.96,40.73,143.23,,2026-05-24 04:35:35.993333
3739,14,393,14759.45,14812.96,,61.18,198.54,72.29,126.25,,2026-05-24 04:35:35.993333
3740,14,394,14788.6,14798.24,,56.63,186.4,95.11,91.29,,2026-05-24 04:35:35.993333
3741,14,395,14830.5,14782.64,,59.76,180.67,112.22,68.45,,2026-05-24 04:35:35.996666
3742,14,396,14875.5,14770.3,,64.9,181.94,126.17,55.77,,2026-05-24 04:35:35.996666
3743,14,397,14906.2,14764.9,,64.29,177.99,136.53,41.46,,2026-05-24 04:35:35.996666
3744,14,398,14941.9,14764.28,,62.53,165.2,142.26,22.94,,2026-05-24 04:35:35.996666
